id,source_number,level,unit,book_page,pdf_page,word,reading,part_of_speech,meaning_zh_original,meaning_zh_reviewed,sentence_ja_original,sentence_ja,sentence_zh_original,sentence_zh_reviewed,translation_status,correction_category,translation_note,has_original_sentence
n3_0001,0001,N3,1,1,3,相変わらず,あいかわらず,副,仍旧，照旧,仍旧，照旧,南京路は相変わらずにぎやかです。,南京路は相変わらずにぎやかです。,南京路依旧很热闹。,南京路依旧很热闹。,original_book,,使用原书例句与原书中文译文。,True
n3_0002,0002,N3,1,1,3,朝日,あさひ,名,朝阳，旭日,朝阳，旭日,東の空に朝日が昇りました。,東の空に朝日が昇りました。,日出东方。,日出东方。,original_book,,使用原书例句与原书中文译文。,True
n3_0003,0003,N3,1,1,3,痛める,いためる,他一,使（肉体）疼痛；使（精神、心灵）痛苦,使（肉体）疼痛；使（精神、心灵）痛苦,足を痛めて歩けません。,足を痛めて歩けません。,脚疼得无法走路。,脚受伤了，无法走路。,corrected,实质误译,「足を痛める」表示把脚弄伤，不是单纯脚疼。,True
n3_0004,0004,N3,1,1,3,威張る,いばる,自五,自吹自擂，摆架子,自吹自擂，摆架子,彼は英語が上手だと威張っています。,彼は英語が上手だと威張っています。,他自吹自擂说自己的英语非常好。,他吹嘘自己的英语很好。,wording_refined,措辞优化,原意基本正确，改成更简洁自然的中文。,True
n3_0005,0005,N3,1,1,3,衣料,いりょう,名,衣服，衣料,衣服，衣料,衣料品売り場は何階ですか。,衣料品売り場は何階ですか。,服装区在几楼？,服装区在几楼？,original_book,,使用原书例句与原书中文译文。,True
n3_0006,0006,N3,1,1,3,栄養,えいよう,名,营养；滋养,营养；滋养,栄養たっぷりな魚の料理を作りました。,栄養たっぷりな魚の料理を作りました。,做了一道营养丰富的鱼。,做了一道营养丰富的鱼料理。,wording_refined,措辞优化,「魚の料理」是鱼料理，不是作为生物的“一条鱼”。,True
n3_0007,0007,N3,1,1,3,円高,えんだか,名,日元升值,日元升值,円高の影響で、海外旅行が安くなった。,円高の影響で、海外旅行が安くなった。,受日元升值的影响，出境游便宜了。,受日元升值的影响，出境游便宜了。,original_book,,使用原书例句与原书中文译文。,True
n3_0008,0008,N3,1,1,3,尾,お,名,尾部，尾巴,尾部，尾巴,猫は尾を振って喜びを表現している。,猫は尾を振って喜びを表現している。,猫在摇尾巴，表达开心之情。,猫在摇尾巴，表达开心之情。,original_book,,使用原书例句与原书中文译文。,True
n3_0009,0009,N3,1,1,3,追い越す,おいこす,他五,超过，赶超,超过，赶超,その船はボートに追い越されました。,その船はボートに追い越されました。,那艘船被快艇超过了。,那艘船被快艇超过了。,original_book,,使用原书例句与原书中文译文。,True
n3_0010,0010,N3,1,1,3,応援,おうえん,名·他サ,支援，声援,支援，声援,新製品の販売の応援に行きます。,新製品の販売の応援に行きます。,去声援新产品销售。,我去协助新产品的销售工作。,corrected,实质误译,销售语境中的「応援」是支援、协助，不是声音上的“声援”；同时补出「に行きます」。,True
n3_0011,0011,N3,1,1,3,大雨,おおあめ,名,大雨，豪雨,大雨，豪雨,昨夜は大雨で、川の水位が上がった。,昨夜は大雨で、川の水位が上がった。,昨晚下大雨，河水水位上涨了。,昨晚下大雨，河水水位上涨了。,original_book,,使用原书例句与原书中文译文。,True
n3_0012,0012,N3,1,1,3,オーエル,オーエル,名,（公司、机关的）女职员，女办事员，白领丽人,（公司、机关的）女职员，女办事员，白领丽人,姉は都心のオフィスでオーエルとして働いている。,姉は都心のオフィスでオーエルとして働いている。,我姐姐是一名白领丽人，在市中心的事务所工作。,我姐姐是一名白领丽人，在市中心的事务所工作。,original_book,,使用原书例句与原书中文译文。,True
n3_0013,0013,N3,1,1,3,大型,おおがた,名,大型，巨型,大型，巨型,大型スーパーでは、いろいろな商品を一度に買える。,大型スーパーでは、いろいろな商品を一度に買える。,在大型超市可以一次性买到各种商品。,在大型超市可以一次性买到各种商品。,original_book,,使用原书例句与原书中文译文。,True
n3_0014,0014,N3,1,2,4,会員,かいいん,名,会员,会员,その研究会は会員を募集しています。,その研究会は会員を募集しています。,那个研究会正在招募会员。,那个研究会正在招募会员。,original_book,,使用原书例句与原书中文译文。,True
n3_0015,0015,N3,1,2,4,改札口,かいさつぐち,名,检票口,检票口,発車の20分前に改札口で改札を始めます。,発車の20分前に改札口で改札を始めます。,发车前二十分钟在检票口开始检票。,发车前二十分钟在检票口开始检票。,original_book,,使用原书例句与原书中文译文。,True
n3_0016,0016,N3,1,2,4,解釈,かいしゃく,名·他サ,解释，理解，说明,解释，理解，说明,あの文章はいろいろに解釈されます。,あの文章はいろいろに解釈されます。,那篇文章被解释成多种含义。,那篇文章会被作出各种各样的解释。,wording_refined,措辞优化,保留被动结构，并使中文表达更自然。,True
n3_0017,0017,N3,1,2,4,海水浴,かいすいよく,名,海水浴，海水游泳,海水浴，海水游泳,今度の夏休みに葉山へ海水浴に行きます。,今度の夏休みに葉山へ海水浴に行きます。,今年夏天要去叶山附近的海里游泳。,这个暑假要去叶山进行海水浴。,corrected,实质误译,「夏休み」是暑假，原句也没有“叶山附近”的附加信息。,True
n3_0018,0018,N3,1,2,4,回数券,かいすうけん,名,计次票,计次票,回数券を買う場合、料金が割引になっています。,回数券を買う場合、料金が割引になっています。,购买计次票可享票价折扣优惠。,购买计次票可享票价折扣优惠。,original_book,,使用原书例句与原书中文译文。,True
n3_0019,0019,N3,1,2,4,かっこ悪い,かっこわるい,形,很逊，不好,很逊，不好,友達の前でつまずいて、ちょっとかっこ悪かった。,友達の前でつまずいて、ちょっとかっこ悪かった。,在朋友面前绊倒了，有点儿尴尬。,在朋友面前绊倒了，有点儿尴尬。,original_book,,使用原书例句与原书中文译文。,True
n3_0020,0020,N3,1,2,4,合宿,がっしゅく,名·自サ,集训，共同寄宿,集训，共同寄宿,来週、部活で合宿がある。,来週、部活で合宿がある。,下周社团有集训。,下周社团有集训。,original_book,,使用原书例句与原书中文译文。,True
n3_0021,0021,N3,1,2,4,革,かわ,名,皮革,皮革,革のかばんは値段が高いのでなかなか買えません。,革のかばんは値段が高いのでなかなか買えません。,真皮包太贵，买不起。,真皮包太贵，买不起。,original_book,,使用原书例句与原书中文译文。,True
n3_0022,0022,N3,1,2,4,革靴,かわぐつ,名,皮鞋,皮鞋,彼の革靴はいつもぴかぴかしています。,彼の革靴はいつもぴかぴかしています。,他的皮鞋总是擦得锃亮。,他的皮鞋总是擦得锃亮。,original_book,,使用原书例句与原书中文译文。,True
n3_0023,0023,N3,1,2,4,記憶,きおく,名·他サ,记忆；记忆力，记性,记忆；记忆力，记性,当時の事はよく記憶しています。,当時の事はよく記憶しています。,清楚地记得当时的情况。,清楚地记得当时的情况。,original_book,,使用原书例句与原书中文译文。,True
n3_0024,0024,N3,1,2,4,警備,けいび,名·他サ,警备，警戒；戒备,警备，警戒；戒备,建物の周囲を厳しく警備します。,建物の周囲を厳しく警備します。,在建筑物的周围布置严密的警戒。,严密警戒建筑物周围。,wording_refined,措辞优化,原译搭配生硬；原句表示执行警戒动作。,True
n3_0025,0025,N3,1,2,4,劇場,げきじょう,名,剧场，剧院，戏院,剧场，剧院，戏院,劇場で「ロミオとジュリエット」をやっています。,劇場で「ロミオとジュリエット」をやっています。,剧场正在上演《罗密欧与朱丽叶》。,剧场正在上演《罗密欧与朱丽叶》。,original_book,,使用原书例句与原书中文译文。,True
n3_0026,0026,N3,1,2,4,講座,こうざ,名,讲座,讲座,あの先生は歴史の講座を担当するそうです。,あの先生は歴史の講座を担当するそうです。,听说那个老师负责历史讲座。,听说那个老师负责历史讲座。,original_book,,使用原书例句与原书中文译文。,True
n3_0027,0027,N3,1,2,4,香水,こうすい,名,香水,香水,このハンカチは香水の匂いがします。,このハンカチは香水の匂いがします。,这个手帕有香水的味道。,这个手帕有香水的味道。,original_book,,使用原书例句与原书中文译文。,True
n3_0028,0028,N3,1,2,4,越える,こえる,自一,越过，超过,越过，超过,山を越えると、美しい景色が広がっていた。,山を越えると、美しい景色が広がっていた。,翻过大山，眼前出现了一片美景。,翻过大山，眼前出现了一片美景。,original_book,,使用原书例句与原书中文译文。,True
n3_0029,0029,N3,1,2,4,黒板,こくばん,名,黑板,黑板,先生が黒板に重要な式を書いているので、ノートにメモした。,先生が黒板に重要な式を書いているので、ノートにメモした。,老师正把重要公式写在黑板上，于是我在笔记本上做了笔记。,老师正把重要公式写在黑板上，于是我在笔记本上做了笔记。,original_book,,使用原书例句与原书中文译文。,True
n3_0030,0030,N3,1,2,4,個人的,こじんてき,形动,个人的，私人的,个人的，私人的,個人的な意見では、この計画はもっと効果的になると思う。,個人的な意見では、この計画はもっと効果的になると思う。,我个人认为，这个计划将更加有效。,我个人认为，这个计划将更加有效。,original_book,,使用原书例句与原书中文译文。,True
n3_0031,0031,N3,1,2,4,個数,こすう,名,件数，个数,件数，个数,テストの問題の個数が多すぎて、時間内に解き終われなかった。,テストの問題の個数が多すぎて、時間内に解き終われなかった。,考试题目的数量太多了，没能在规定时间内完成。,考试题目的数量太多了，没能在规定时间内完成。,original_book,,使用原书例句与原书中文译文。,True
n3_0032,0032,N3,1,2,4,ゴム,ゴム,名,橡胶,橡胶,ゴムの木の汁から作りました。,ゴムの木の汁から作りました。,用橡胶树的树汁制作的。,用橡胶树的树汁制作的。,original_book,,使用原书例句与原书中文译文。,True
n3_0033,0033,N3,1,2,4,採点,さいてん,名·他サ,评分数；记分,评分；打分；阅卷,100点満点で答案を採点します。,100点満点で答案を採点します。,按照满分100分评分。,按满分100分给答卷评分。,meaning_corrected,词义及例句修正,「採点」不是“评分数”；例句还应补出评分对象「答案」。,True
n3_0034,0034,N3,1,2,4,酒場,さかば,名,酒馆；酒家,酒馆；酒家,酒場を経営します。,酒場を経営します。,经营酒馆。,经营酒馆。,original_book,,使用原书例句与原书中文译文。,True
n3_0035,0035,N3,1,3,5,時期,じき,名,时期；时候,时期；时候,時期が来れば分かります。,時期が来れば分かります。,到时候就明白了。,到时候就明白了。,original_book,,使用原书例句与原书中文译文。,True
n3_0036,0036,N3,1,3,5,事件,じけん,名,事件；案件,事件；案件,奇妙な事件が起こります。,奇妙な事件が起こります。,发生奇怪的事件。,发生奇怪的事件。,original_book,,使用原书例句与原书中文译文。,True
n3_0037,0037,N3,1,3,5,自身,じしん,名,自己；本人；本身,自己；本人；本身,それは君自身で決めなければいけません。,それは君自身で決めなければいけません。,那件事必须由你自己决定。,那件事必须由你自己决定。,original_book,,使用原书例句与原书中文译文。,True
n3_0038,0038,N3,1,3,5,静まる,しずまる,自五,静下来；平定；平息,静下来；平定；平息,パーティーが終わって部屋は静まりました。,パーティーが終わって部屋は静まりました。,聚会结束，房间里安静了下来。,聚会结束，房间里安静了下来。,original_book,,使用原书例句与原书中文译文。,True
n3_0039,0039,N3,1,3,5,子孫,しそん,名,子孙；后代,子孙；后代,子孫の繁栄を願います。,子孫の繁栄を願います。,愿子孙兴旺。,愿子孙兴旺。,original_book,,使用原书例句与原书中文译文。,True
n3_0040,0040,N3,1,3,5,次第,しだい,名·副,次序；顺序；情况；缘由,次序；顺序；情况；缘由,式の次第を掲示します。,式の次第を掲示します。,揭晓仪式的顺序。,公布仪式的流程。,corrected,实质误译,「掲示」是公布、张贴，不是“揭晓”；「次第」在此指流程。,True
n3_0041,0041,N3,1,3,5,下書き,したがき,名·他サ,草稿；底稿,草稿；底稿,下書きに手を入れます。,下書きに手を入れます。,修改底稿。,修改底稿。,original_book,,使用原书例句与原书中文译文。,True
n3_0042,0042,N3,1,3,5,省,しょう,名·接尾,省,省,わたしは遼寧省の出身です。,わたしは遼寧省の出身です。,我出生于辽宁省。,我来自辽宁省。,corrected,实质误译,「出身」表示籍贯或出身地，不等于出生于。,True
n3_0043,0043,N3,1,3,5,章,しょう,名·接尾,章，章节；徽章,章，章节；徽章,章を改めて述べます。,章を改めて述べます。,另起一章论述。,另起一章论述。,original_book,,使用原书例句与原书中文译文。,True
n3_0044,0044,N3,1,3,5,賞,しょう,名·接尾,奖，奖赏；奖品；奖金,奖，奖赏；奖品；奖金,この小説で2024年度の芥川賞を受けました。,この小説で2024年度の芥川賞を受けました。,凭借这部小说获得了2024年度芥川龙之介奖。,凭借这部小说获得了2024年度芥川龙之介奖。,original_book,,使用原书例句与原书中文译文。,True
n3_0045,0045,N3,1,3,5,スター,スター,名,星星；明星,星星；明星,彼女はスターの座についた。,彼女はスターの座についた。,她成了明星。,她成了明星。,original_book,,使用原书例句与原书中文译文。,True
n3_0046,0046,N3,1,3,5,スタート,スタート,名·自サ,开始，出发，起动，开端,开始，出发，起动，开端,彼は教師として人生のスタートを切った。,彼は教師として人生のスタートを切った。,他成为教师，开始了新的人生。,他以教师的身份开启了人生的新阶段。,wording_refined,措辞优化,补出「として」的身份关系。,True
n3_0047,0047,N3,1,3,5,生活費,せいかつひ,名,生活费,生活费,大学生になってから、自分の生活費を管理するようになった。,大学生になってから、自分の生活費を管理するようになった。,上了大学后，我开始管理自己的生活开支。,上了大学后，我开始管理自己的生活开支。,original_book,,使用原书例句与原书中文译文。,True
n3_0048,0048,N3,1,3,5,世紀,せいき,名,世纪，时代,世纪，时代,幾世紀にも渡った。,幾世紀にも渡った。,过了几个世纪。,延续了好几个世纪。,corrected,实质误译,「幾世紀にも渡った」表示横跨、延续多个世纪，不是“过了几个世纪”。,True
n3_0049,0049,N3,1,3,5,請求,せいきゅう,名·他サ,要求，索取,要求，索取,代金を請求する。,代金を請求する。,请求付款。,请求付款。,original_book,,使用原书例句与原书中文译文。,True
n3_0050,0050,N3,1,3,5,精算,せいさん,名·他サ,精算；清账,精算；清账,レストランで食事の後、精算を済ませた。,レストランで食事の後、精算を済ませた。,在餐厅吃完饭后结账了。,在餐厅吃完饭后结账了。,original_book,,使用原书例句与原书中文译文。,True
n3_0051,0051,N3,1,3,5,清書,せいしょ,名·他サ,誊写,誊写,レポートの下書きを終えたので、今度は清書に取り掛かる。,レポートの下書きを終えたので、今度は清書に取り掛かる。,写完报告草稿，现在要誊写了。,写完报告草稿，现在要誊写了。,original_book,,使用原书例句与原书中文译文。,True
n3_0052,0052,N3,1,3,5,ソフトウエア,ソフトウエア,名,软件，程序,软件，程序,このソフトウエアは今年バージョンアップされる。,このソフトウエアは今年バージョンアップされる。,这个软件将在今年升级。,这个软件将在今年升级。,original_book,,使用原书例句与原书中文译文。,True
n3_0053,0053,N3,1,4,6,それとも,それとも,接续,还是，或者,还是，或者,今日にするかそれとも明日にするか、わたしはどちらでもよい。,今日にするかそれとも明日にするか、わたしはどちらでもよい。,无论是今天还是明天，我都可以。,今天做还是明天做，我都可以。,wording_refined,措辞优化,「それとも」连接选择项；原译的“无论”弱化了选择问句结构。,True
n3_0054,0054,N3,1,4,6,代金,だいきん,名,货款，价款,货款，价款,代金を受け取る。,代金を受け取る。,收取货款。,收取货款。,original_book,,使用原书例句与原书中文译文。,True
n3_0055,0055,N3,1,4,6,対照,たいしょう,名·他サ,对比；比较,对比；比较,白雪をいただいた富士山が青空と美しい対 照をなしている。,白雪をいただいた富士山が青空と美しい対照をなしている。,山顶覆盖着白雪的富士山与蓝天相映衬，很美。,山顶覆盖白雪的富士山与蓝天形成了美丽的对比。,corrected,实质误译,「対照をなす」是形成对比；「美しい」修饰对比效果。,True
n3_0056,0056,N3,1,4,6,大小,だいしょう,名,大的和小的,大的和小的,皿を大小取り混ぜて5枚1000円で売っている。,皿を大小取り混ぜて5枚1000円で売っている。,大小盘子混着卖，1000日元5个。,大小盘子混着卖，1000日元5个。,original_book,,使用原书例句与原书中文译文。,True
n3_0057,0057,N3,1,4,6,竹,たけ,名,竹，竹子,竹，竹子,庭に竹が生えている。,庭に竹が生えている。,院子里长着竹子。,院子里长着竹子。,original_book,,使用原书例句与原书中文译文。,True
n3_0058,0058,N3,1,4,6,茶色い,ちゃいろい,形,茶色的,茶色的,十年ぐらい前に髪の毛を茶色く染めたのが流行っていた。,十年ぐらい前に髪の毛を茶色く染めたのが流行っていた。,十年前流行把头发染成茶色。,十年前流行把头发染成茶色。,original_book,,使用原书例句与原书中文译文。,True
n3_0059,0059,N3,1,4,6,着ける,つける,他一,佩戴，戴上，系上；抵达，到达,佩戴，戴上，系上；抵达，到达,寒いので、厚めの下着を着けることにした。,寒いので、厚めの下着を着けることにした。,因为天冷，所以决定穿厚一点儿的内衣。,因为天冷，所以决定穿厚一点儿的内衣。,original_book,,使用原书例句与原书中文译文。,True
n3_0060,0060,N3,1,4,6,手洗い,てあらい,名,卫生间,洗手；洗手间（お手洗い）,お手洗いに行きたいが、どこにあるか知っているか。,お手洗いに行きたいが、どこにあるか知っているか。,我想去洗手间，你知道在哪里吗？,我想去洗手间，你知道在哪里吗？,meaning_corrected,词义修正,「手洗い」本义含洗手；礼貌形式「お手洗い」才常指洗手间。,True
n3_0061,0061,N3,1,4,6,鉄,てつ,名,铁,铁,彼は鉄のような意志を持っている。,彼は鉄のような意志を持っている。,他有铁一般的意志。,他有钢铁般坚定的意志。,wording_refined,措辞优化,改为更自然的中文固定搭配。,True
n3_0062,0062,N3,1,4,6,哲学,てつがく,名,哲学,哲学,大学二年から哲学に興味を持ち始めた。,大学二年から哲学に興味を持ち始めた。,从大二开始对哲学产生了兴趣。,从大二开始对哲学产生了兴趣。,original_book,,使用原书例句与原书中文译文。,True
n3_0063,0063,N3,1,4,6,鉄道,てつどう,名,铁路,铁路,午後鉄道博物館へ行った。,午後鉄道博物館へ行った。,下午我去了铁道博物馆。,下午我去了铁道博物馆。,original_book,,使用原书例句与原书中文译文。,True
n3_0064,0064,N3,1,4,6,統計,とうけい,名·他サ,统计,统计,これは信頼すべき資料による統計です。,これは信頼すべき資料による統計です。,这是依据可靠资料做的统计。,这是依据可靠资料做的统计。,original_book,,使用原书例句与原书中文译文。,True
n3_0065,0065,N3,1,4,6,同日,どうじつ,名,当天；同一天,当天；同一天,同日午後から討論会がある。,同日午後から討論会がある。,从当天下午起召开讨论会。,当天下午有一场讨论会。,corrected,实质误译,「ある」表示有、存在，原句没有“从……起召开”的起始含义。,True
n3_0066,0066,N3,1,4,6,登山,とざん,名·自サ,登山,登山,家族連れで登山する。,家族連れで登山する。,和家人一起登山。,和家人一起登山。,original_book,,使用原书例句与原书中文译文。,True
n3_0067,0067,N3,1,4,6,都市,とし,名,都市,都市,多くの人が都市で生活している。,多くの人が都市で生活している。,很多人生活在城市里。,很多人生活在城市里。,original_book,,使用原书例句与原书中文译文。,True
n3_0068,0068,N3,1,4,6,トップ,トップ,名,最初，最上面；报纸的头条,顶端；首位；最高水平；头条,この国の医学は世界でもトップのレベルにある。,この国の医学は世界でもトップのレベルにある。,这个国家的医学水平在世界上都名列前茅。,这个国家的医学水平在世界上都名列前茅。,meaning_corrected,词义修正,原释义缺少例句所用的“最高水平、名列前茅”义项。,True
n3_0069,0069,N3,1,4,6,留まる,とどまる,自五,停止，停下；停留，逗留；限于,停止，停下；停留，逗留；限于,彼はどこにも留まることのできない放浪者だった。,彼はどこにも留まることのできない放浪者だった。,他曾是无处可留的流浪汉。,他曾是无处可留的流浪汉。,original_book,,使用原书例句与原书中文译文。,True
n3_0070,0070,N3,1,4,6,内容,ないよう,名,内容,内容,事件の内容が分からない。,事件の内容が分からない。,不清楚事件的内容。,不清楚事件的内容。,original_book,,使用原书例句与原书中文译文。,True
n3_0071,0071,N3,1,5,7,願い,ねがい,名,愿望，意愿，心愿；请求,愿望，意愿，心愿；请求,願いが叶う。,願いが叶う。,愿望实现。,愿望实现。,original_book,,使用原书例句与原书中文译文。,True
n3_0072,0072,N3,1,5,7,寝不足,ねぶそく,名·形动,睡眠不足,睡眠不足,試験勉強で寝不足になった。,試験勉強で寝不足になった。,因为准备考试，睡眠不足了。,因为准备考试，睡眠不足了。,original_book,,使用原书例句与原书中文译文。,True
n3_0073,0073,N3,1,5,7,農家,のうか,名,农户，农民；农家,农户，农民；农家,農家は秋に忙しい。,農家は秋に忙しい。,农民秋天很忙。,农民秋天很忙。,original_book,,使用原书例句与原书中文译文。,True
n3_0074,0074,N3,1,5,7,拝見,はいけん,名·他サ,拜读；瞻仰，看,拜读；瞻仰，看,お手紙拝見しました。,お手紙拝見しました。,我拜读了您的来信。,我拜读了您的来信。,original_book,,使用原书例句与原书中文译文。,True
n3_0075,0075,N3,1,5,7,甚だしい,はなはだしい,形,很，甚，非常,严重的；过分的；厉害的,それは甚だしい法律無視だ。,それは甚だしい法律無視だ。,那就是无视法律的行为。,那是严重无视法律的行为。,meaning_corrected,词义及例句修正,「甚だしい」是形容词并表达严重程度，原释义词性不对，原译也漏译。,True
n3_0076,0076,N3,1,5,7,場面,ばめん,名,场面，情景，场景,场面，情景，场景,苦しい場面に直面する。,苦しい場面に直面する。,直面艰苦的局面。,面临艰难的局面。,wording_refined,措辞优化,此处「場面」是处境、局面；“艰苦的局面”搭配生硬。,True
n3_0077,0077,N3,1,5,7,日当たり,ひあたり,名,光照；向阳处,光照；向阳处,この部屋は日当たりがいい。,この部屋は日当たりがいい。,这个房间采光好。,这个房间采光好。,original_book,,使用原书例句与原书中文译文。,True
n3_0078,0078,N3,1,5,7,引き受ける,ひきうける,他一,承担，负责,承担，负责,議長の役を引き受ける。,議長の役を引き受ける。,担任主席职务。,担任主席职务。,original_book,,使用原书例句与原书中文译文。,True
n3_0079,0079,N3,1,5,7,深まる,ふかまる,自五,加深，变深,加深，变深,それに対する興味は深まるばかりだった。,それに対する興味は深まるばかりだった。,对那个的兴趣越来越浓了。,对它的兴趣越来越浓厚。,wording_refined,措辞优化,中文通常说兴趣越来越浓厚。,True
n3_0080,0080,N3,1,5,7,プラスチック,プラスチック・プラスティック,名,塑料，塑胶,塑料，塑胶,子供にプラスチックの玩具を買ってあげた。,子供にプラスチックの玩具を買ってあげた。,给孩子买了塑料玩具。,给孩子买了塑料玩具。,original_book,,使用原书例句与原书中文译文。,True
n3_0081,0081,N3,1,5,7,ブレーキ,ブレーキ,名,刹车装置；阻止,刹车装置；阻止,彼の専横にブレーキをかけなければならない。,彼の専横にブレーキをかけなければならない。,必须让他停止专横的行为。,必须制止他的专横行为。,corrected,实质误译,「彼の専横」是被制止的对象，原译容易把“他”误作停止动作的主体。,True
n3_0082,0082,N3,1,5,7,閉会,へいかい,名·自他サ,闭会,闭会,オリンピックが無事閉会する。,オリンピックが無事閉会する。,奥运会顺利闭幕。,奥运会顺利闭幕。,original_book,,使用原书例句与原书中文译文。,True
n3_0083,0083,N3,1,5,7,坊さん,ぼうさん,名,和尚,和尚,お坊さんがお経をあげる。,お坊さんがお経をあげる。,和尚念经。,和尚念经。,original_book,,使用原书例句与原书中文译文。,True
n3_0084,0084,N3,1,5,7,ぼんやり,ぼんやり,名·副·自サ,模糊，不清楚；发呆，精神恍惚；马虎，不注意，心不在焉,模糊，不清楚；发呆，精神恍惚；马虎，不注意，心不在焉,寝不足で今朝は頭がぼんやりしている。,寝不足で今朝は頭がぼんやりしている。,因为睡眠不足，一早上都迷迷糊糊的。,因为睡眠不足，今天早上脑子昏昏沉沉的。,wording_refined,措辞优化,补出「頭がぼんやり」的具体状态。,True
n3_0085,0085,N3,1,5,7,蒸す,むす,他五,（自五）蒸；闷热,蒸；闷热,健康的な食事のために、野菜を蒸して食べることにした。,健康的な食事のために、野菜を蒸して食べることにした。,出于健康饮食的考虑，我决定蒸蔬菜吃。,出于健康饮食的考虑，我决定蒸蔬菜吃。,meaning_corrected,词义修正,词性栏已标为他动词，原释义中的“（自五）”与之矛盾。,True
n3_0086,0086,N3,1,5,7,無責任,むせきにん,名·形动,不负责任；没有责任,不负责任；没有责任,約束を守らないのは無責任な行動だ。,約束を守らないのは無責任な行動だ。,不遵守承诺是不负责任的行为。,不遵守承诺是不负责任的行为。,original_book,,使用原书例句与原书中文译文。,True
n3_0087,0087,N3,1,5,7,無断,むだん,名,擅自,擅自,無断で人の物を使うのは良くない。,無断で人の物を使うのは良くない。,擅自使用别人的东西是不好的。,擅自使用别人的东西是不好的。,original_book,,使用原书例句与原书中文译文。,True
n3_0088,0088,N3,1,5,7,むちゃくちゃ,むちゃくちゃ,名·形动,乱七八糟；胡来；过分,乱七八糟；胡来；过分,むちゃくちゃに散らかっている。,むちゃくちゃに散らかっている。,四处散落，乱七八糟。,四处散落，乱七八糟。,original_book,,使用原书例句与原书中文译文。,True
n3_0089,0089,N3,1,5,7,胸,むね,名,胸，胸部；心，心脏；乳房；心里，内心，心胸,胸，胸部；心，心脏；乳房；心里，内心，心胸,胸がドキドキするような映画を見た。,胸がドキドキするような映画を見た。,看了一部让人心跳加速的电影。,看了一部让人心跳加速的电影。,original_book,,使用原书例句与原书中文译文。,True
n3_0090,0090,N3,1,5,7,芽,め,名,芽,芽,撒いた種からまだ芽が出てこない。,撒いた種からまだ芽が出てこない。,播下的种子还没有发芽。,播下的种子还没有发芽。,original_book,,使用原书例句与原书中文译文。,True
n3_0091,0091,N3,1,6,8,儲かる,もうかる,自五,赚钱，赚；得便宜，捡便宜,赚钱，赚；得便宜，捡便宜,この商売は儲かる。,この商売は儲かる。,这个买卖很赚钱。,这个买卖很赚钱。,original_book,,使用原书例句与原书中文译文。,True
n3_0092,0092,N3,1,6,8,毛布,もうふ,名,毛毯，毯子,毛毯，毯子,毛布に包まる。,毛布に包まる。,用毛毯包裹。,裹在毛毯里。,corrected,实质误译,「包まる」表示自身裹在其中，原译像是在包裹别的东西。,True
n3_0093,0093,N3,1,6,8,目標,もくひょう,名,目标，指标,目标，指标,人生の目標を決める。,人生の目標を決める。,决定人生目标。,决定人生目标。,original_book,,使用原书例句与原书中文译文。,True
n3_0094,0094,N3,1,6,8,夜,や,名,夜，夜间,夜，夜间,それは一夜も続いた火事だった。,それは一夜も続いた火事だった。,那场火持续了一夜。,那场火持续了一夜。,original_book,,使用原书例句与原书中文译文。,True
n3_0095,0095,N3,1,6,8,やがて,やがて,副,不久，马上，大约，将近,不久，马上，大约，将近,日は沈み、やがて月が出てきた。,日は沈み、やがて月が出てきた。,太阳落下，不久月亮就出来了。,太阳落下，不久月亮就出来了。,original_book,,使用原书例句与原书中文译文。,True
n3_0096,0096,N3,1,6,8,唯一,ゆいいつ,名,唯一，独一无二,唯一，独一无二,この古代の皿は世界で唯一のものである。,この古代の皿は世界で唯一のものである。,这是全世界独一无二的古董盘子。,这只古代的盘子是世界上独一无二的。,corrected,实质误译,「古代の皿」是古代的盘子，原译擅自强化为“古董盘子”。,True
n3_0097,0097,N3,1,6,8,有効,ゆうこう,名·形动,有效,有效,この法規は交通事故を無くすのに有効だろう。,この法規は交通事故を無くすのに有効だろう。,这部法规能有效地消除交通事故吧。,这项法规大概有助于杜绝交通事故。,wording_refined,措辞优化,补出「だろう」的不确定语气，并使中文搭配自然。,True
n3_0098,0098,N3,1,6,8,夜,よ,名,夜，夜间，夜里,夜，夜间，夜里,彼なしでは夜も日も明けない。,彼なしでは夜も日も明けない。,我片刻都不能没有他。,我片刻都不能没有他。,original_book,,使用原书例句与原书中文译文。,True
n3_0099,0099,N3,1,6,8,夜明け,よあけ,名,天亮的时候，拂晓，天明，黎明,天亮的时候，拂晓，天明，黎明,彼は夜明けに帰宅した。,彼は夜明けに帰宅した。,天亮的时候，他回家了。,天亮的时候，他回家了。,original_book,,使用原书例句与原书中文译文。,True
n3_0100,0100,N3,1,6,8,ラーメン,ラーメン,名,拉面,拉面,ラーメンは中国の麺料理を起源として、大正時代ごろから日本の中華料理屋で出されていた料理をもとに発展したものである。,ラーメンは中国の麺料理を起源として、大正時代ごろから日本の中華料理屋で出されていた料理をもとに発展したものである。,拉面起源于中国面食。日本大正时代中餐馆出售的面食逐渐发展成了现在的拉面。,拉面起源于中国面食，是在日本大正时期中华料理店所供应的面食基础上发展而来的。,wording_refined,措辞优化,消除重复，并准确对应「麺料理」和「出されていた料理」。,True
n3_0101,0101,N3,1,6,8,来,らい,接尾,来，下次；来到；以后，以来,来，下次；来到；以后，以来,昨年来ここに住んでいる。,昨年来ここに住んでいる。,从去年开始住在这里。,从去年开始住在这里。,original_book,,使用原书例句与原书中文译文。,True
n3_0102,0102,N3,1,6,8,利益,りえき,名,利，盈利；利益，益处,利，盈利；利益，益处,そんな本を読んだってなんの利益にもならないよ。,そんな本を読んだってなんの利益にもならないよ。,读那样的书，一点儿好处都没有。,读那样的书，一点儿好处都没有。,original_book,,使用原书例句与原书中文译文。,True
n3_0103,0103,N3,1,6,8,理科,りか,名,理科,理科,理科の授業の中で物理がもっとも苦手です。,理科の授業の中で物理がもっとも苦手です。,在理科课程中，（我）最不擅长物理。,在理科课程中，（我）最不擅长物理。,original_book,,使用原书例句与原书中文译文。,True
n3_0104,0104,N3,1,6,8,ルール,ルール,名,规则,规则,ルールに従って、行動を取る。,ルールに従って、行動を取る。,按照规则行动。,按照规则行动。,original_book,,使用原书例句与原书中文译文。,True
n3_0105,0105,N3,1,6,8,例,れい,名,常例，惯例；例子，事例；先例，前例,常例，惯例；例子，事例；先例，前例,例を挙げればきりがない。,例を挙げればきりがない。,例子不胜枚举。,例子不胜枚举。,original_book,,使用原书例句与原书中文译文。,True
n3_0106,0106,N3,1,7,9,輪,わ,名,箍，环；车轮,箍，环；车轮,みんなで手をつないで輪を作る。,みんなで手をつないで輪を作る。,大家手拉手围成一个圈。,大家手拉手围成一个圈。,original_book,,使用原书例句与原书中文译文。,True
n3_0107,0107,N3,2,8,10,愛,あい,名,爱，爱情；爱好，热爱,爱，爱情；爱好，热爱,芸術に対する愛を示します。,芸術に対する愛を示します。,表现出对艺术的热爱。,表现出对艺术的热爱。,original_book,,使用原书例句与原书中文译文。,True
n3_0108,0108,N3,2,8,10,あいつ,あいつ,名,他；那个家伙；那小子；那个东西,他；那个家伙；那小子；那个东西,あいつは本当にいい男です。,あいつは本当にいい男です。,他真是个好男人。,他真是个好男人。,original_book,,使用原书例句与原书中文译文。,True
n3_0109,0109,N3,2,8,10,アイデア,アイデア・アイディア,名,想法，主意,想法，主意,いいアイデアが浮かんだ。,いいアイデアが浮かんだ。,想到了一个好主意。,想到了一个好主意。,original_book,,使用原书例句与原书中文译文。,True
n3_0110,0110,N3,2,8,10,位,い,接尾,位；名次,位；名次,彼は今回の試合で第一位になりました。,彼は今回の試合で第一位になりました。,他在这次比赛中得了第一。,他在这次比赛中得了第一名。,wording_refined,措辞优化,补足比赛名次的自然中文表达。,True
n3_0111,0111,N3,2,8,10,胃,い,名,胃,胃,お酒を飲み過ぎると胃を壊します。,お酒を飲み過ぎると胃を壊します。,过量喝酒会伤胃。,过量喝酒会伤胃。,original_book,,使用原书例句与原书中文译文。,True
n3_0112,0112,N3,2,8,10,委員,いいん,名,委员,委员,先週委員に選ばれてアメリカへ出 張に行きました。,先週委員に選ばれてアメリカへ出張に行きました。,上周被选为委员，去美国出差了。,上周被选为委员，去美国出差了。,original_book,,使用原书例句与原书中文译文。,True
n3_0113,0113,N3,2,8,10,ウイルス,ウイルス,名,病毒,病毒,これはウイルスの感染によって起こる病気です。,これはウイルスの感染によって起こる病気です。,这病是病毒感染引起的。,这病是病毒感染引起的。,original_book,,使用原书例句与原书中文译文。,True
n3_0114,0114,N3,2,8,10,ウーマン,ウーマン,名,妇女,妇女,1960年代半ば、福岡市で異色のセールスウーマンが誕生した。,1960年代半ば、福岡市で異色のセールスウーマンが誕生した。,20世纪60年代中期，福冈市出现了独特的女销售员。,20世纪60年代中期，福冈市诞生了一位与众不同的女推销员。,wording_refined,措辞优化,「異色」在此是与众不同；同时保留「誕生した」的表达。,True
n3_0115,0115,N3,2,8,10,影響,えいきょう,名·自サ,影响,影响,親の生き方が子供に影響します。,親の生き方が子供に影響します。,父母的生活方式会影响孩子。,父母的生活方式会影响孩子。,original_book,,使用原书例句与原书中文译文。,True
n3_0116,0116,N3,2,8,10,得る,える,他一,得，得到，取得，获得,得，得到，取得，获得,本から多くの知識を得ます。,本から多くの知識を得ます。,从书中得到许多知识。,从书中得到许多知识。,original_book,,使用原书例句与原书中文译文。,True
n3_0117,0117,N3,2,8,10,応接,おうせつ,名·自他サ,接待；应接,接待；应接,次々と訪れる客に応接します。,次々と訪れる客に応接します。,接待陆续到访的客人。,接待陆续到访的客人。,original_book,,使用原书例句与原书中文译文。,True
n3_0118,0118,N3,2,8,10,大きめ,おおきめ,名·形动,大一点,大一点,このスウェットは少し大きめで、リラックスできる。,このスウェットは少し大きめで、リラックスできる。,这件运动服有点儿大，穿起来很宽松。,这件运动服有点儿大，穿起来很宽松。,original_book,,使用原书例句与原书中文译文。,True
n3_0119,0119,N3,2,8,10,大声,おおごえ,名,大声，高声,大声，高声,彼は大声で話し、教室中の注意を引いた。,彼は大声で話し、教室中の注意を引いた。,他大声说话，引起了教室里所有人的注意。,他大声说话，引起了教室里所有人的注意。,original_book,,使用原书例句与原书中文译文。,True
n3_0120,0120,N3,2,8,10,大匙,おおさじ,名,大匙,大匙,レシピには砂糖を一大匙入れると書いてある。,レシピには砂糖を一大匙入れると書いてある。,食谱上写着放一大匙糖。,食谱上写着放一大匙糖。,original_book,,使用原书例句与原书中文译文。,True
n3_0121,0121,N3,2,8,10,大通り,おおどおり,名,大道，大路,大道，大路,横町から大通りに出ます。,横町から大通りに出ます。,穿过小巷来到大街上。,从横街走到大路上。,corrected,实质误译,「横町」是横街、侧街，不是“穿过小巷”。,True
n3_0122,0122,N3,2,9,11,お陰,おかげ,名,保佑；托……的福,保佑；托……的福,毎日練習した御陰で上手になりました。,毎日練習した御陰で上手になりました。,多亏了每天练习才有所提高。,多亏了每天练习才有所提高。,original_book,,使用原书例句与原书中文译文。,True
n3_0123,0123,N3,2,9,11,開会,かいかい,名·自他サ,开会,开会,これから開会いたします。,これから開会いたします。,接下来开始开会。,接下来开始开会。,original_book,,使用原书例句与原书中文译文。,True
n3_0124,0124,N3,2,9,11,解説,かいせつ,名·他サ,解说，讲解,解说，讲解,ここ一週間の時事問題について解説してください。,ここ一週間の時事問題について解説してください。,请讲解一下本周的时事。,请讲解一下本周的时事。,original_book,,使用原书例句与原书中文译文。,True
n3_0125,0125,N3,2,9,11,改造,かいぞう,名·他サ,改造；改建,改造；改建,屋根裏を改造して仕事部屋にする。,屋根裏を改造して仕事部屋にする。,将房顶改造为办公用的房间。,把阁楼改造成工作室。,corrected,实质误译,「屋根裏」是阁楼，不是房顶；「仕事部屋」是工作室、书房。,True
n3_0126,0126,N3,2,9,11,各地,かくち,名,各地,各地,防災訓練が毎年９月に全国各地で行われます。,防災訓練が毎年９月に全国各地で行われます。,每年9月，全国各地都进行防灾演习。,每年9月，全国各地都进行防灾演习。,original_book,,使用原书例句与原书中文译文。,True
n3_0127,0127,N3,2,9,11,歌舞伎,かぶき,名,歌舞伎,歌舞伎,歌舞伎は日本の伝統的な芸術としてよく知られています。,歌舞伎は日本の伝統的な芸術としてよく知られています。,歌舞伎作为日本传统的艺术形式广为人知。,歌舞伎作为日本传统的艺术形式广为人知。,original_book,,使用原书例句与原书中文译文。,True
n3_0128,0128,N3,2,9,11,カロリー,カロリー,名,卡路里，热量,卡路里，热量,成人男子は一日に最低2400カロリー必要です。习题： の高い料理を食べ過ぎないようにしている。1.カロリー 2.パーセント3.ビタミン 4.メーター解析：答案是1。「パーセント」意为“百分率”。「ビタミン」,成人男子は一日に最低2400カロリー必要です。,成年男子一天至少需要2400卡路里的热量。意为“维生素”。「メーター」意为“米”。,成年男子一天至少需要2400卡路里的热量。,data_cleaned,数据提取清理,移除误并入例句的习题、选项和解析文本。,True
n3_0129,0129,N3,2,9,11,寄付,きふ,名·他サ,捐献，捐赠,捐献，捐赠,あの老人は母校に自分のすべての財産を寄付しました。,あの老人は母校に自分のすべての財産を寄付しました。,那位老人将自己的财产全部捐给了母校。,那位老人将自己的财产全部捐给了母校。,original_book,,使用原书例句与原书中文译文。,True
n3_0130,0130,N3,2,9,11,希望,きぼう,名·他サ,希望，期望，愿望,希望，期望，愿望,彼女の目は希望に輝いていました。,彼女の目は希望に輝いていました。,她的眼中充满了希望。,她的眼中充满了希望。,original_book,,使用原书例句与原书中文译文。,True
n3_0131,0131,N3,2,9,11,教養,きょうよう,名,教育；修养，教养,教育；修养，教养,子供を教養のある人に育てたいです。,子供を教養のある人に育てたいです。,希望把孩子培养成有教养的人。,希望把孩子培养成有教养的人。,original_book,,使用原书例句与原书中文译文。,True
n3_0132,0132,N3,2,9,11,距離,きょり,名,距离；间隔,距离；间隔,北京から東京までの距離はどのくらいありますか。,北京から東京までの距離はどのくらいありますか。,北京到东京的距离有多远？,北京到东京的距离有多远？,original_book,,使用原书例句与原书中文译文。,True
n3_0133,0133,N3,2,9,11,ぎりぎり,ぎりぎり,名·形动·副,最大限度，极限,最大限度，极限,この車は7人でぎりぎりです。,この車は7人でぎりぎりです。,这辆车最多载得下7个人。,这辆车最多载得下7个人。,original_book,,使用原书例句与原书中文译文。,True
n3_0134,0134,N3,2,9,11,組み立てる,くみたてる,他一,组织；构成；装配,组织；构成；装配,こちらは部品を組み立て、機械を作る工場です。,こちらは部品を組み立て、機械を作る工場です。,这里是组装零件、制造机器的工厂。,这里是组装零件、制造机器的工厂。,original_book,,使用原书例句与原书中文译文。,True
n3_0135,0135,N3,2,9,11,計算,けいさん,名·他サ,计算,计算,運賃は距離で計算します。,運賃は距離で計算します。,运费按照距离计算。,运费按照距离计算。,original_book,,使用原书例句与原书中文译文。,True
n3_0136,0136,N3,2,9,11,系統,けいとう,名,系统,系统,彼の研究は系統を立てていません。,彼の研究は系統を立てていません。,他的研究还不成系统。,他的研究还不成系统。,original_book,,使用原书例句与原书中文译文。,True
n3_0137,0137,N3,2,9,11,見解,けんかい,名,见解，看法,见解，看法,わたしはあなたと見解が違います。,わたしはあなたと見解が違います。,我和你的看法不一样。,我和你的看法不一样。,original_book,,使用原书例句与原书中文译文。,True
n3_0138,0138,N3,2,9,11,件名,けんめい,名,主题,主题,メールを送るとき、件名を明確にすることが大切だ。,メールを送るとき、件名を明確にすることが大切だ。,发邮件时，写明邮件主题很重要。,发邮件时，写明邮件主题很重要。,original_book,,使用原书例句与原书中文译文。,True
n3_0139,0139,N3,2,9,11,県立,けんりつ,名,县立,县立,私の高校は県立で、地域で評判が良い。,私の高校は県立で、地域で評判が良い。,我上的高中是县立高中，在本地的口碑很好。,我上的高中是县立高中，在本地的口碑很好。,original_book,,使用原书例句与原书中文译文。,True
n3_0140,0140,N3,2,9,11,幸運,こううん,名·形动,幸运，侥幸,幸运，侥幸,恩師に再会できた幸運を喜びます。,恩師に再会できた幸運を喜びます。,很高兴有幸再次见到恩师。,很高兴有幸再次见到恩师。,original_book,,使用原书例句与原书中文译文。,True
n3_0141,0141,N3,2,10,12,効果,こうか,名,效果,效果,薬を飲んですぐ効果が出るとは言えません。,薬を飲んですぐ効果が出るとは言えません。,不能说一吃药就马上见效。,不能说一吃药就马上见效。,original_book,,使用原书例句与原书中文译文。,True
n3_0142,0142,N3,2,10,12,硬貨,こうか,名,硬币,硬币,硬貨は金属でできたものです。,硬貨は金属でできたものです。,硬币是用金属做的。,硬币是用金属做的。,original_book,,使用原书例句与原书中文译文。,True
n3_0143,0143,N3,2,10,12,公開,こうかい,名·他サ,公开；开放,公开；开放,警察ではまだ犯人についての詳しい情報を公開していません。,警察ではまだ犯人についての詳しい情報を公開していません。,警方还没有公布案犯的详细信息。,警方还没有公布案犯的详细信息。,original_book,,使用原书例句与原书中文译文。,True
n3_0144,0144,N3,2,10,12,個性的,こせいてき,形动,有个性的，独特的,有个性的，独特的,彼女の個性的なファッションセンスがとても好きだ。,彼女の個性的なファッションセンスがとても好きだ。,我非常喜欢她个性鲜明的时尚品位。,我非常喜欢她个性鲜明的时尚品位。,original_book,,使用原书例句与原书中文译文。,True
n3_0145,0145,N3,2,10,12,小銭,こぜに,名,零用钱，零钱,零用钱，零钱,コーヒーを買うために、ポケットの中の小銭を使った。,コーヒーを買うために、ポケットの中の小銭を使った。,我用口袋里的零钱买了咖啡。,我用口袋里的零钱买了咖啡。,original_book,,使用原书例句与原书中文译文。,True
n3_0146,0146,N3,2,10,12,子育て,こそだて,名·自サ,抚养孩子,抚养孩子,子育ては大変だけど、その分、喜びも大きい。,子育ては大変だけど、その分、喜びも大きい。,虽然养育孩子很辛苦，但相应地，让我感到喜悦的事情也很多。,虽然养育孩子很辛苦，但相应地，让我感到喜悦的事情也很多。,original_book,,使用原书例句与原书中文译文。,True
n3_0147,0147,N3,2,10,12,ごちゃごちゃ,ごちゃごちゃ,副·自サ,乱糟糟，杂乱，乱七八糟,乱糟糟，杂乱，乱七八糟,机の上がごちゃごちゃしていて、何も見つからない。,机の上がごちゃごちゃしていて、何も見つからない。,桌面乱七八糟的，什么都找不到。,桌面乱七八糟的，什么都找不到。,original_book,,使用原书例句与原书中文译文。,True
n3_0148,0148,N3,2,10,12,逆さ,さかさ,名,逆，倒；颠倒,逆，倒；颠倒,裏表が逆さになります。,裏表が逆さになります。,里外颠倒。,里外颠倒。,original_book,,使用原书例句与原书中文译文。,True
n3_0149,0149,N3,2,10,12,参加,さんか,名·自サ,参加；加入,参加；加入,労働者が企業管理に参加します。,労働者が企業管理に参加します。,劳动者参与企业管理。,劳动者参与企业管理。,original_book,,使用原书例句与原书中文译文。,True
n3_0150,0150,N3,2,10,12,姿勢,しせい,名,姿势；态度；姿态,姿势；态度；姿态,あの人は座る姿勢がよいです。,あの人は座る姿勢がよいです。,那个人坐姿标准。,那个人坐姿标准。,original_book,,使用原书例句与原书中文译文。,True
n3_0151,0151,N3,2,10,12,始発,しはつ,名,（列车）始发；头班（车）,（列车）始发；头班（车）,この列車は新宿始発です。,この列車は新宿始発です。,这趟列车的始发站是新宿。,这趟列车的始发站是新宿。,original_book,,使用原书例句与原书中文译文。,True
n3_0152,0152,N3,2,10,12,洒落,しゃれ,名,幽默，戏谑语，诙谐话；好打扮,幽默，戏谑语，诙谐话；好打扮,あの人の洒落には皆どっと笑いました。,あの人の洒落には皆どっと笑いました。,那个人说话幽默，把大家都逗乐了。,那个人说话幽默，把大家都逗乐了。,original_book,,使用原书例句与原书中文译文。,True
n3_0153,0153,N3,2,10,12,集会,しゅうかい,名·自サ,集会,集会,学生たちは1時に集会を開きました。,学生たちは1時に集会を開きました。,学生们1点开始集会。,学生们1点开始集会。,original_book,,使用原书例句与原书中文译文。,True
n3_0154,0154,N3,2,10,12,出勤,しゅっきん,名·自サ,上班,上班,毎日電車に乗って出勤します。,毎日電車に乗って出勤します。,每天乘电车上班。,每天乘电车上班。,original_book,,使用原书例句与原书中文译文。,True
n3_0155,0155,N3,2,10,12,首都,しゅと,名,首都,首都,首都とは、一国の中心となる都市のことを指す。,首都とは、一国の中心となる都市のことを指す。,首都是指一个国家的中心城市。,首都是指一个国家的中心城市。,original_book,,使用原书例句与原书中文译文。,True
n3_0156,0156,N3,2,10,12,スチュワーデス,スチュワーデス,名,空姐（现在通常用「キャビンアテンダント」）,空姐（现在通常用「キャビンアテンダント」）,スチュワーデスを目指している方へ講座を開いています。,スチュワーデスを目指している方へ講座を開いています。,为梦想成为空姐的人开办讲座。,为梦想成为空姐的人开办讲座。,original_book,,使用原书例句与原书中文译文。,True
n3_0157,0157,N3,2,10,12,すっきり,すっきり,副·自サ,心情爽快；整洁，清爽,心情爽快；整洁，清爽,頭がすっきりする。,頭がすっきりする。,头脑清醒。,头脑清醒。,original_book,,使用原书例句与原书中文译文。,True
n3_0158,0158,N3,2,10,12,成人,せいじん,名·自サ,成人，成年人，大人；长大成人,成人，成年人，大人；长大成人,日本では二十歳で成人とされる。,日本では二十歳で成人とされる。,在日本，年满20岁即成年。,在日本，年满20岁即成年。,original_book,,使用原书例句与原书中文译文。,True
n3_0159,0159,N3,2,11,13,成人式,せいじんしき,名,成人礼,成人礼,成人式の日は、友達と一緒に着物を着て写真を撮った。,成人式の日は、友達と一緒に着物を着て写真を撮った。,成人礼那天，我和朋友一起穿着和服拍了照。,成人礼那天，我和朋友一起穿着和服拍了照。,original_book,,使用原书例句与原书中文译文。,True
n3_0160,0160,N3,2,11,13,正答,せいとう,名·自サ,正确答案；回答正确,正确答案；回答正确,クイズ番組で、正答を当てて賞品を獲得した。,クイズ番組で、正答を当てて賞品を獲得した。,在问答节目中，我回答正确并赢得了奖品。,在问答节目中，我回答正确并赢得了奖品。,original_book,,使用原书例句与原书中文译文。,True
n3_0161,0161,N3,2,11,13,整理,せいり,名·他サ,整理，整顿；裁减，缩减,整理，整顿；裁减，缩减,経済が不景気のため、多くの会社が人員を整理し始めた。,経済が不景気のため、多くの会社が人員を整理し始めた。,因为经济不景气，很多公司都开始裁员了。,因为经济不景气，很多公司都开始裁员了。,original_book,,使用原书例句与原书中文译文。,True
n3_0162,0162,N3,2,11,13,ゼミ,ゼミ・ゼミナール,名,（大学的）研究班，讨论会,（大学的）研究班，讨论会,日本史のゼミナールを取る。,日本史のゼミナールを取る。,上日本史研究班。,上日本史研究班。,original_book,,使用原书例句与原书中文译文。,True
n3_0163,0163,N3,2,11,13,セミナー,セミナー,名,（大学等的）研究讨论课；演习,（大学等的）研究讨论课；演习,英国史のセミナーを開く。,英国史のセミナーを開く。,开设英国史研讨课。,开设英国史研讨课。,original_book,,使用原书例句与原书中文译文。,True
n3_0164,0164,N3,2,11,13,せめて,せめて,副,至少，哪怕是……也好,至少，哪怕是……也好,せめてお茶だけでも召し上がってください。,せめてお茶だけでも召し上がってください。,哪怕喝杯茶也好啊。,哪怕喝杯茶也好啊。,original_book,,使用原书例句与原书中文译文。,True
n3_0165,0165,N3,2,11,13,相違,そうい,名·自サ,不同，差异,不同，差异,この記事は事実と相違する。,この記事は事実と相違する。,这个报道与事实相悖。,这个报道与事实相悖。,original_book,,使用原书例句与原书中文译文。,True
n3_0166,0166,N3,2,11,13,体温,たいおん,名,体温,体温,定温動物は、その体温をほぼ一定に調節している。,定温動物は、その体温をほぼ一定に調節している。,恒温动物可以调节自己的体温，使之基本保持恒定。,恒温动物可以调节自己的体温，使之基本保持恒定。,original_book,,使用原书例句与原书中文译文。,True
n3_0167,0167,N3,2,11,13,大会,たいかい,名,大会；大型运动会,大会；大型运动会,比較文学会関西支部の大会は今度近畿大学で行う予定です。,比較文学会関西支部の大会は今度近畿大学で行う予定です。,计划在近畿大学举行比较文学会关西分会下一次大会。,计划在近畿大学举行比较文学会关西分会下一次大会。,original_book,,使用原书例句与原书中文译文。,True
n3_0168,0168,N3,2,11,13,体操,たいそう,名·自サ,体操,体操,わたしは毎朝ラジオ体操をする。,わたしは毎朝ラジオ体操をする。,我每天早晨做广播体操。,我每天早晨做广播体操。,original_book,,使用原书例句与原书中文译文。,True
n3_0169,0169,N3,2,11,13,たっぷり,たっぷり,副,充分，足够，多；宽绰，绰绰有余,充分，足够，多；宽绰，绰绰有余,書く前に、筆にすみをたっぷりつける。,書く前に、筆にすみをたっぷりつける。,写之前，将毛笔蘸足墨汁。,写之前，将毛笔蘸足墨汁。,original_book,,使用原书例句与原书中文译文。,True
n3_0170,0170,N3,2,11,13,ダム,ダム,名,水库,水库,川をダムで堰き止める。,川をダムで堰き止める。,建造水库蓄水。,建造水库蓄水。,original_book,,使用原书例句与原书中文译文。,True
n3_0171,0171,N3,2,11,13,たり,たり,助动,或……或……；时而……时而……,或……或……；时而……时而……,来たり来なかったりして、決まりがない。,来たり来なかったりして、決まりがない。,时而来，时而不来，没有规律可循。,时而来，时而不来，没有规律可循。,original_book,,使用原书例句与原书中文译文。,True
n3_0172,0172,N3,2,11,13,単純,たんじゅん,名·形动,单纯，简单,单纯，简单,物を単純に考えてください。,物を単純に考えてください。,请把问题考虑得简单些。,请把问题考虑得简单些。,original_book,,使用原书例句与原书中文译文。,True
n3_0173,0173,N3,2,11,13,短所,たんしょ,名,缺点，弱点,缺点，弱点,長所もあれば、短所もある。,長所もあれば、短所もある。,既有长处也有短处。,既有长处也有短处。,original_book,,使用原书例句与原书中文译文。,True
n3_0174,0174,N3,2,11,13,地位,ちい,名,地位,地位,石油は輸出品の中で重要な地位を占めている。,石油は輸出品の中で重要な地位を占めている。,石油在出口产品中占有重要位置。,石油在出口产品中占有重要位置。,original_book,,使用原书例句与原书中文译文。,True
n3_0175,0175,N3,2,11,13,調査,ちょうさ,名·他サ,调查,调查,秘密裏に調査が進められている。,秘密裏に調査が進められている。,秘密进行调查。,秘密进行调查。,original_book,,使用原书例句与原书中文译文。,True
n3_0176,0176,N3,2,11,13,長方形,ちょうほうけい,名,长方形,长方形,広場の形は長方形です。,広場の形は長方形です。,广场是长方形的。,广场是长方形的。,original_book,,使用原书例句与原书中文译文。,True
n3_0177,0177,N3,2,12,14,チョーク,チョーク,名,粉笔,粉笔,チョークで描いては消し、消しては描く。,チョークで描いては消し、消しては描く。,用粉笔画了擦，擦了又画。,用粉笔画了擦，擦了又画。,original_book,,使用原书例句与原书中文译文。,True
n3_0178,0178,N3,2,12,14,貯金,ちょきん,名·自他サ,储蓄，存款,储蓄，存款,毎月2万円ずつ貯金する。,毎月2万円ずつ貯金する。,每个月存两万日元。,每个月存两万日元。,original_book,,使用原书例句与原书中文译文。,True
n3_0179,0179,N3,2,12,14,直後,ちょくご,名,刚……之后，紧接着；正后方,刚……之后，紧接着；正后方,彼が帰った直後に彼女が来た。,彼が帰った直後に彼女が来た。,他刚回去她就来了。,他刚回去她就来了。,original_book,,使用原书例句与原书中文译文。,True
n3_0180,0180,N3,2,12,14,追加,ついか,名·他サ,追加，再增加；补上，添补,追加，再增加；补上，添补,編集部の人員を追加する。,編集部の人員を追加する。,增加编辑部人员。,增加编辑部人员。,original_book,,使用原书例句与原书中文译文。,True
n3_0181,0181,N3,2,12,14,提案,ていあん,名·他サ,提案，建议,提案，建议,彼の提案は入れられなかった。,彼の提案は入れられなかった。,他的意见没有被采纳。,他的意见没有被采纳。,original_book,,使用原书例句与原书中文译文。,True
n3_0182,0182,N3,2,12,14,電子,でんし,名,电子,电子,わたしは電子音楽が好きだ。,わたしは電子音楽が好きだ。,我喜欢电子音乐。,我喜欢电子音乐。,original_book,,使用原书例句与原书中文译文。,True
n3_0183,0183,N3,2,12,14,電線,でんせん,名,电线,电线,切れた電線に触ると危険だ。,切れた電線に触ると危険だ。,触摸断了的电线不安全。,触摸断了的电线不安全。,original_book,,使用原书例句与原书中文译文。,True
n3_0184,0184,N3,2,12,14,問い,とい,名,提问；问题,提问；问题,次の問いについて答えなさい。,次の問いについて答えなさい。,请回答下一个问题。,请回答下一个问题。,original_book,,使用原书例句与原书中文译文。,True
n3_0185,0185,N3,2,12,14,答案,とうあん,名,答案,答案,いま答案を調べているところです。,いま答案を調べているところです。,现在正在查答案。,现在正在查答案。,original_book,,使用原书例句与原书中文译文。,True
n3_0186,0186,N3,2,12,14,取り替える,とりかえる,他一,交换；更换；更新,交换；更换；更新,五日間以内にご返却の場合に限り代金とお取り替えいたします。,五日間以内にご返却の場合に限り代金とお取り替えいたします。,仅向五天内退货者退款。,仅向五天内退货者退款。,original_book,,使用原书例句与原书中文译文。,True
n3_0187,0187,N3,2,12,14,努力,どりょく,名·自サ,努力,努力,みんなは新製品の研究開発に努力している。,みんなは新製品の研究開発に努力している。,大家都努力地进行新产品的研发。,大家都努力地进行新产品的研发。,original_book,,使用原书例句与原书中文译文。,True
n3_0188,0188,N3,2,12,14,ドル,ドル・ダラー,名,美元,美元,現在1ドル156円で取り引きされています。,現在1ドル156円で取り引きされています。,现在1美元可以兑换156日元。,现在1美元可以兑换156日元。,original_book,,使用原书例句与原书中文译文。,True
n3_0189,0189,N3,2,12,14,尚·猶,なお,副,还，仍然，依然；更，还,还，仍然，依然；更，还,なお議論の余地がある。,なお議論の余地がある。,还有讨论的余地。,还有讨论的余地。,original_book,,使用原书例句与原书中文译文。,True
n3_0190,0190,N3,2,12,14,憎らしい,にくらしい,形,可憎的，可恨的，讨厌的,可憎的，可恨的，讨厌的,ほんとに憎らしいやつだ。,ほんとに憎らしいやつだ。,真是个可恨的家伙！,真是个可恨的家伙！,original_book,,使用原书例句与原书中文译文。,True
n3_0191,0191,N3,2,12,14,捻る·捻じる·捩る·捩じる,ねじる,他五,扭，拧；捻；扭转,扭，拧；捻；扭转,取っ手を捻じって外してしまった。,取っ手を捻じって外してしまった。,拧动把手，卸下来了。,拧动把手，卸下来了。,original_book,,使用原书例句与原书中文译文。,True
n3_0192,0192,N3,2,12,14,年間,ねんかん,名,年间，年代，时期；一年,年间，年代，时期；一年,年間の計画を立てる時が来た。,年間の計画を立てる時が来た。,到了制订全年计划的时候。,到了制订全年计划的时候。,original_book,,使用原书例句与原书中文译文。,True
n3_0193,0193,N3,2,12,14,年末年始,ねんまつねんし,名,年末年初,年末年初,年末年始は家族と過ごす予定だ。,年末年始は家族と過ごす予定だ。,计划年末年初和家人一起度过。,计划年末年初和家人一起度过。,original_book,,使用原书例句与原书中文译文。,True
n3_0194,0194,N3,2,13,15,農業,のうぎょう,名,农业,农业,農業に従事する。,農業に従事する。,从事农业。,从事农业。,original_book,,使用原书例句与原书中文译文。,True
n3_0195,0195,N3,2,13,15,ノースリーブ,ノースリーブ,名,无袖服装,无袖服装,夏には涼しいノースリーブの服をよく着る。,夏には涼しいノースリーブの服をよく着る。,夏天常穿凉爽的无袖衣服。,夏天常穿凉爽的无袖衣服。,original_book,,使用原书例句与原书中文译文。,True
n3_0196,0196,N3,2,13,15,ノートパソコン,ノートパソコン,名,笔记本电脑,笔记本电脑,大学の講義でノートパソコンを使ってノートを取る。,大学の講義でノートパソコンを使ってノートを取る。,在大学听课时，用笔记本电脑做笔记。,在大学听课时，用笔记本电脑做笔记。,original_book,,使用原书例句与原书中文译文。,True
n3_0197,0197,N3,2,13,15,残り物,のこりもの,名,剩余的东西,剩余的东西,昨夜の残り物で今日のお昼ご飯を作った。,昨夜の残り物で今日のお昼ご飯を作った。,用昨晚的剩菜做了今天的午饭。,用昨晚的剩菜做了今天的午饭。,original_book,,使用原书例句与原书中文译文。,True
n3_0198,0198,N3,2,13,15,上り,のぼり,名,登上；上坡；上行列车；进京,登上；上坡；上行列车；进京,道は上りになっている。,道は上りになっている。,前方是上坡路。,前方是上坡路。,original_book,,使用原书例句与原书中文译文。,True
n3_0199,0199,N3,2,13,15,上る,のぼる,自五,登；上升；上溯；高达；提升,登；上升；上溯；高达；提升,山の頂 上までのぼるのは大変だが、景色は素晴らしい。,山の頂上までのぼるのは大変だが、景色は素晴らしい。,爬到山顶很不容易，但风景很好。,爬到山顶很不容易，但风景很好。,original_book,,使用原书例句与原书中文译文。,True
n3_0200,0200,N3,2,13,15,発電,はつでん,名·自サ,发电,发电,川を発電に利用する。,川を発電に利用する。,利用河水发电。,利用河水发电。,original_book,,使用原书例句与原书中文译文。,True
n3_0201,0201,N3,2,13,15,発明,はつめい,名·他サ,发明,发明,彼には発明の才がある。,彼には発明の才がある。,他有发明之才。,他有发明之才。,original_book,,使用原书例句与原书中文译文。,True
n3_0202,0202,N3,2,13,15,バドミントン,バドミントン,名,羽毛球,羽毛球,休日、よくバドミントンをする。,休日、よくバドミントンをする。,休息日经常打羽毛球。,休息日经常打羽毛球。,original_book,,使用原书例句与原书中文译文。,True
n3_0203,0203,N3,2,13,15,話し掛ける,はなしかける,自一,搭话，说话；开始讲话,搭话，说话；开始讲话,英語で話しかけられた。,英語で話しかけられた。,（他）用英语跟我打招呼。,（他）用英语跟我打招呼。,original_book,,使用原书例句与原书中文译文。,True
n3_0204,0204,N3,2,13,15,冷える,ひえる,自一,变冷，变凉；感觉冷，觉着凉,变冷，变凉；感觉冷，觉着凉,最近夜は冷えてきた。,最近夜は冷えてきた。,最近，晚上变冷了。,最近，晚上变冷了。,original_book,,使用原书例句与原书中文译文。,True
n3_0205,0205,N3,2,13,15,被害,ひがい,名,受害，受灾；损失,受害，受灾；损失,火事に遭っても倉庫の品は被害を免れた。,火事に遭っても倉庫の品は被害を免れた。,虽然遭遇火灾，但仓库里的物品没有被损毁。,虽然遭遇火灾，但仓库里的物品没有被损毁。,original_book,,使用原书例句与原书中文译文。,True
n3_0206,0206,N3,2,13,15,武器,ぶき,名,武器,武器,祖国のために武器を取る。,祖国のために武器を取る。,为了祖国拿起武器。,为了祖国拿起武器。,original_book,,使用原书例句与原书中文译文。,True
n3_0207,0207,N3,2,13,15,拭く,ふく,他五,擦，抹，揩，拭,擦，抹，揩，拭,風呂から上がって彼は体をタオルでよく拭いた。,風呂から上がって彼は体をタオルでよく拭いた。,泡澡出来，他用毛巾擦干身体。,泡澡出来，他用毛巾擦干身体。,original_book,,使用原书例句与原书中文译文。,True
n3_0208,0208,N3,2,13,15,不正,ふせい,名·形动,不正当，不正经，不正派，非法,不正当，不正经，不正派，非法,他人に不正を働く。,他人に不正を働く。,对别人做了不正当的事情。,对别人做了不正当的事情。,original_book,,使用原书例句与原书中文译文。,True
n3_0209,0209,N3,2,13,15,不平,ふへい,名·形动,不平，不满意，牢骚,不平，不满意，牢骚,住民たちの間には不平の声が高い。,住民たちの間には不平の声が高い。,居民多有不满。,居民多有不满。,original_book,,使用原书例句与原书中文译文。,True
n3_0210,0210,N3,2,13,15,父母,ふぼ,名,父母,父母,父母のもとで暮らす。,父母のもとで暮らす。,和父母一起生活。,和父母一起生活。,original_book,,使用原书例句与原书中文译文。,True
n3_0211,0211,N3,2,13,15,ふわふわ,ふわふわ,副·自サ·形动,轻飘飘；不沉着；暄软,轻飘飘；不沉着；暄软,ふわふわした座布団を敷く。,ふわふわした座布団を敷く。,铺上柔软的坐垫。,铺上柔软的坐垫。,original_book,,使用原书例句与原书中文译文。,True
n3_0212,0212,N3,2,14,16,隔てる,へだてる,他一,隔开，分开；间隔,隔开，分开；间隔,それから20年隔てて彼はイギリスに渡った。,それから20年隔てて彼はイギリスに渡った。,时隔20年，他去了英国。,时隔20年，他去了英国。,original_book,,使用原书例句与原书中文译文。,True
n3_0213,0213,N3,2,14,16,膨大,ぼうだい,名·形动·自サ,庞大，巨大,庞大，巨大,この国は膨大な天然資源に恵まれている。,この国は膨大な天然資源に恵まれている。,这个国家有着丰富的自然资源。,这个国家有着丰富的自然资源。,original_book,,使用原书例句与原书中文译文。,True
n3_0214,0214,N3,2,14,16,保障,ほしょう,名·他サ,保障,保障,航路の安全を保障する。,航路の安全を保障する。,保障航路安全。,保障航路安全。,original_book,,使用原书例句与原书中文译文。,True
n3_0215,0215,N3,2,14,16,纏める,まとめる,他一,汇总，集中；总结，概括，统一,汇总，集中；总结，概括，统一,彼は数篇の随筆をまとめて1冊の本にした。,彼は数篇の随筆をまとめて1冊の本にした。,他将数篇随笔汇编成了一本书。,他将数篇随笔汇编成了一本书。,original_book,,使用原书例句与原书中文译文。,True
n3_0216,0216,N3,2,14,16,メイク,メイク,名·自他サ,化妆,化妆,彼女はメイクの技術が高く、いつも美しい。,彼女はメイクの技術が高く、いつも美しい。,她化妆技术高超，总是（把自己化得）很美。,她化妆技术高超，总是（把自己化得）很美。,original_book,,使用原书例句与原书中文译文。,True
n3_0217,0217,N3,2,14,16,目覚まし時計,めざましどけい,名,闹钟,闹钟,毎朝、目覚まし時計で起きる。,毎朝、目覚まし時計で起きる。,每天早上都是被闹钟叫醒的。,每天早上都是被闹钟叫醒的。,original_book,,使用原书例句与原书中文译文。,True
n3_0218,0218,N3,2,14,16,目印,めじるし,名,标记,标记,迷わないように、目印を付けておいた。,迷わないように、目印を付けておいた。,为了不迷路，我做了记号。,为了不迷路，我做了记号。,original_book,,使用原书例句与原书中文译文。,True
n3_0219,0219,N3,2,14,16,眩暈·目眩,めまい,名·自サ,眩晕，头晕目眩,眩晕，头晕目眩,病気になる前よくめまいがした。,病気になる前よくめまいがした。,生病前经常眩晕。,生病前经常眩晕。,original_book,,使用原书例句与原书中文译文。,True
n3_0220,0220,N3,2,14,16,メモ,メモ,名·他サ,记录；笔记本,记录；笔记本,メモを見て話した。,メモを見て話した。,看着笔记讲话。,看着笔记讲话。,original_book,,使用原书例句与原书中文译文。,True
n3_0221,0221,N3,2,14,16,木綿,もめん,名,棉花；棉织品,棉花；棉织品,木綿のシャツを着ている男は兄です。,木綿のシャツを着ている男は兄です。,穿着棉布衬衫的男人是我哥哥。,穿着棉布衬衫的男人是我哥哥。,original_book,,使用原书例句与原书中文译文。,True
n3_0222,0222,N3,2,14,16,喧しい,やかましい,形,吵闹的，喧闹的，啰唆的，繁杂的,吵闹的，喧闹的，啰唆的，繁杂的,隣室の人がやかましくてよく眠れなかった。,隣室の人がやかましくてよく眠れなかった。,隔壁房间的人很吵，导致我睡不好觉。,隔壁房间的人很吵，导致我睡不好觉。,original_book,,使用原书例句与原书中文译文。,True
n3_0223,0223,N3,2,14,16,容易,ようい,形动,容易，简单,容易，简单,幸福は容易に得られるものではない。,幸福は容易に得られるものではない。,幸福不是能轻易获得的。,幸福不是能轻易获得的。,original_book,,使用原书例句与原书中文译文。,True
n3_0224,0224,N3,2,14,16,留守番,るすばん,名,看家，看家的人,看家，看家的人,彼女に留守番は任せられない。,彼女に留守番は任せられない。,不能让她看家。,不能让她看家。,original_book,,使用原书例句与原书中文译文。,True
n3_0225,0225,N3,2,14,16,我々·我我,われわれ,代,我们,我们,その車は我々のものだ。,その車は我々のものだ。,那辆车是我们的。,那辆车是我们的。,original_book,,使用原书例句与原书中文译文。,True
n3_0226,0226,N3,3,15,17,明らか,あきらか,形动,明亮的；明显的，显然的,明亮的；明显的，显然的,明らかに彼のほうが間違っています。,明らかに彼のほうが間違っています。,明显是他弄错了。,明显是他弄错了。,original_book,,使用原书例句与原书中文译文。,True
n3_0227,0227,N3,3,15,17,或いは,あるいは,接·副,或是，或许,或是，或许,明日は雨あるいは雪になるでしょう。,明日は雨あるいは雪になるでしょう。,明天有雨或雪。,明天有雨或雪。,original_book,,使用原书例句与原书中文译文。,True
n3_0228,0228,N3,3,15,17,意識,いしき,名·他サ,意识,意识,車にぶつかって意識を失いました。,車にぶつかって意識を失いました。,被车撞得失去了意识。,被车撞得失去了意识。,original_book,,使用原书例句与原书中文译文。,True
n3_0229,0229,N3,3,15,17,一旦,いったん,副,一旦，既然；姑且，暂且,一旦，既然；姑且，暂且,一旦言い出したら、だれがなんと言っても聞きません。,一旦言い出したら、だれがなんと言っても聞きません。,一旦说出口，无论谁怎么劝，我都不会听的。,一旦说出口，无论谁怎么劝，我都不会听的。,original_book,,使用原书例句与原书中文译文。,True
n3_0230,0230,N3,3,15,17,いらいら,いらいら,名·副·自サ,着急，焦急；焦躁，急躁,着急，焦急；焦躁，急躁,何回やってもできないので、いらいらしてきました。,何回やってもできないので、いらいらしてきました。,失败了多次，开始急躁起来。,失败了多次，开始急躁起来。,original_book,,使用原书例句与原书中文译文。,True
n3_0231,0231,N3,3,15,17,所謂,いわゆる,连体,所谓的,所谓的,彼らのいわゆる「成功」は意味がありません。,彼らのいわゆる「成功」は意味がありません。,他们所谓的成功没有意义。,他们所谓的成功没有意义。,original_book,,使用原书例句与原书中文译文。,True
n3_0232,0232,N3,3,15,17,インキ,インキ,名,墨水,墨水,インキの原料となる石油化学製品の生産が滞 りました。,インキの原料となる石油化学製品の生産が滞りました。,作为墨水原料的石油化学产品生产进度被拖延了。,作为墨水原料的石油化学产品生产进度被拖延了。,original_book,,使用原书例句与原书中文译文。,True
n3_0233,0233,N3,3,15,17,羨ましい,うらやましい,形,羡慕的,羡慕的,兄弟の多い人が羨ましいです。,兄弟の多い人が羨ましいです。,我很羡慕兄弟姐妹多的人。,我很羡慕兄弟姐妹多的人。,original_book,,使用原书例句与原书中文译文。,True
n3_0234,0234,N3,3,15,17,大晦日,おおみそか,名,除夕,除夕,大晦日には家族で特別な夕食を楽しむ。,大晦日には家族で特別な夕食を楽しむ。,除夕夜，全家人一起享受特别的晚餐。,除夕夜，全家人一起享受特别的晚餐。,original_book,,使用原书例句与原书中文译文。,True
n3_0235,0235,N3,3,15,17,多め,おおめ,名·形动,多一点儿,多一点儿,サラダにドレッシングを多めにかけた。,サラダにドレッシングを多めにかけた。,在沙拉上多淋了一些沙拉酱。,在沙拉上多淋了一些沙拉酱。,original_book,,使用原书例句与原书中文译文。,True
n3_0236,0236,N3,3,15,17,丘,おか,名,山丘，丘陵，小山,山丘，丘陵，小山,町の外れにある丘から、美しい景色が見える。,町の外れにある丘から、美しい景色が見える。,从小镇外的山丘上可以看到美丽的景色。,从小镇外的山丘上可以看到美丽的景色。,original_book,,使用原书例句与原书中文译文。,True
n3_0237,0237,N3,3,15,17,おごり,おごり,名,请客,请客,先輩が昇進を祝って、今夜は彼のおごりで食事会が開かれる。,先輩が昇進を祝って、今夜は彼のおごりで食事会が開かれる。,前辈为庆祝升职，今晚要请客。,前辈为庆祝升职，今晚要请客。,original_book,,使用原书例句与原书中文译文。,True
n3_0238,0238,N3,3,16,18,快適,かいてき,形动,舒适，舒服,舒适，舒服,柔らかくて快適なソファーを買います。,柔らかくて快適なソファーを買います。,买一张柔软、舒适的沙发。,买一张柔软、舒适的沙发。,original_book,,使用原书例句与原书中文译文。,True
n3_0239,0239,N3,3,16,18,欠く,かく,他五,缺乏，缺少,缺乏，缺少,あの人は常識を欠いています。,あの人は常識を欠いています。,那个人缺乏常识。,那个人缺乏常识。,original_book,,使用原书例句与原书中文译文。,True
n3_0240,0240,N3,3,16,18,歌手,かしゅ,名,歌手,歌手,彼は歌手として大活躍しています。,彼は歌手として大活躍しています。,他是一名非常活跃的歌手。,他是一名非常活跃的歌手。,original_book,,使用原书例句与原书中文译文。,True
n3_0241,0241,N3,3,16,18,活気,かっき,名,活力，生气，朝气,活力，生气，朝气,東京は活気に満ちた都会です。,東京は活気に満ちた都会です。,东京是一座充满活力的城市。,东京是一座充满活力的城市。,original_book,,使用原书例句与原书中文译文。,True
n3_0242,0242,N3,3,16,18,ガム,ガム,名,口香糖,口香糖,授業 中にガムを噛んではいけません。,授業中にガムを噛んではいけません。,上课时不许吃口香糖。,上课时不许吃口香糖。,original_book,,使用原书例句与原书中文译文。,True
n3_0243,0243,N3,3,16,18,枯れる,かれる,自一,凋零，枯萎，枯死,凋零，枯萎，枯死,花は水をやらないと枯れます。,花は水をやらないと枯れます。,不给花浇水，花会枯萎的。,不给花浇水，花会枯萎的。,original_book,,使用原书例句与原书中文译文。,True
n3_0244,0244,N3,3,16,18,着せる,きせる,他一,给……穿上，盖上,给……穿上，盖上,成人式に娘に和服を着せました。,成人式に娘に和服を着せました。,让女儿穿和服参加成人仪式了。,让女儿穿和服参加成人仪式了。,original_book,,使用原书例句与原书中文译文。,True
n3_0245,0245,N3,3,16,18,競技,きょうぎ,名,比赛，体育比赛,比赛，体育比赛,競技は明日からいよいよ本格的に始まります。,競技は明日からいよいよ本格的に始まります。,明天就要正式开始比赛了。,明天就要正式开始比赛了。,original_book,,使用原书例句与原书中文译文。,True
n3_0246,0246,N3,3,16,18,行儀,ぎょうぎ,名,举止，行为礼仪,举止，行为礼仪,幼稚園の子どもたちは行儀よく並んでいます。,幼稚園の子どもたちは行儀よく並んでいます。,幼儿园的小朋友们很有礼貌地排成一列。,幼儿园的小朋友们很有礼貌地排成一列。,original_book,,使用原书例句与原书中文译文。,True
n3_0247,0247,N3,3,16,18,崩す,くずす,他五,拆毁；使崩溃；弄零散,拆毁；使崩溃；弄零散,山を崩して旅館を建てることになりました。,山を崩して旅館を建てることになりました。,决定了开山建造旅馆。,决定了开山建造旅馆。,original_book,,使用原书例句与原书中文译文。,True
n3_0248,0248,N3,3,16,18,組合,くみあい,名,工会，行会,工会，行会,日本にはさまざまな種類の組合があります。,日本にはさまざまな種類の組合があります。,日本有各种工会。,日本有各种工会。,original_book,,使用原书例句与原书中文译文。,True
n3_0249,0249,N3,3,16,18,下,げ,名,下等，劣等,下等，劣等,彼の成績はクラスの中では中の下というところだ。,彼の成績はクラスの中では中の下というところだ。,他的成绩在班里是中下水平。,他的成绩在班里是中下水平。,original_book,,使用原书例句与原书中文译文。,True
n3_0250,0250,N3,3,16,18,敬意,けいい,名,敬意,敬意,後輩は先輩に敬意を表しなければなりません。,後輩は先輩に敬意を表しなければなりません。,后辈必须向前辈表达敬意。,后辈必须向前辈表达敬意。,original_book,,使用原书例句与原书中文译文。,True
n3_0251,0251,N3,3,16,18,経営,けいえい,名·他サ,经营,经营,彼のお父さんは名古屋で食品会社を経営しています。,彼のお父さんは名古屋で食品会社を経営しています。,他的父亲在名古屋经营食品公司。,他的父亲在名古屋经营食品公司。,original_book,,使用原书例句与原书中文译文。,True
n3_0252,0252,N3,3,16,18,携帯,けいたい,名·他サ,携带；手机,携带；手机,この辞書は携帯に便利です。,この辞書は携帯に便利です。,这本字典携带方便。,这本字典携带方便。,original_book,,使用原书例句与原书中文译文。,True
n3_0253,0253,N3,3,16,18,交換,こうかん,名·他サ,交换，互换,交换，互换,友達と切手を交換しました。,友達と切手を交換しました。,和朋友交换了邮票。,和朋友交换了邮票。,original_book,,使用原书例句与原书中文译文。,True
n3_0254,0254,N3,3,16,18,光景,こうけい,名,景象，情景,景象，情景,その時の光景がまた頭に浮かんできます。,その時の光景がまた頭に浮かんできます。,脑中又浮现那时的情景。,脑中又浮现那时的情景。,original_book,,使用原书例句与原书中文译文。,True
n3_0255,0255,N3,3,16,18,子供っぽい,こどもっぽい,形,孩子气,孩子气,弟 はまだ子供っぽい行動をすることが多い。,弟はまだ子供っぽい行動をすることが多い。,弟弟还经常做一些带孩子气的行为。,弟弟还经常做一些带孩子气的行为。,original_book,,使用原书例句与原书中文译文。,True
n3_0256,0256,N3,3,16,18,子供の日,こどものひ,名,儿童节（日本儿童节为5月5日）,儿童节（日本儿童节为5月5日）,子供の日には、家族で楽しいイベントを計画する。,子供の日には、家族で楽しいイベントを計画する。,策划儿童节那天一家人高兴玩乐的活动。,策划儿童节那天一家人高兴玩乐的活动。,original_book,,使用原书例句与原书中文译文。,True
n3_0257,0257,N3,3,16,18,好み,このみ,名,爱好；兴趣；流行,爱好；兴趣；流行,人によって音楽の好みはさまざまだ。,人によって音楽の好みはさまざまだ。,每个人对音乐的喜好各不相同。,每个人对音乐的喜好各不相同。,original_book,,使用原书例句与原书中文译文。,True
n3_0258,0258,N3,3,17,19,コマーシャル,コマーシャル,名,广告,广告,番組の途中にコマーシャルが入ります。,番組の途中にコマーシャルが入ります。,在节目中插播广告。,在节目中插播广告。,original_book,,使用原书例句与原书中文译文。,True
n3_0259,0259,N3,3,17,19,祭日,さいじつ,名,祭日；节日,祭日；节日,日曜祭日は休 業します。,日曜祭日は休業します。,周日和节日休息。,周日和节日休息。,original_book,,使用原书例句与原书中文译文。,True
n3_0260,0260,N3,3,17,19,資格,しかく,名,资格；身份,资格；身份,あなたにはわたしを責める資格がありません。,あなたにはわたしを責める資格がありません。,你没有资格责备我。,你没有资格责备我。,original_book,,使用原书例句与原书中文译文。,True
n3_0261,0261,N3,3,17,19,至急,しきゅう,名·副,火急，火速；加急,火急，火速；加急,大至急コピーしてください。,大至急コピーしてください。,请加急复印。,请加急复印。,original_book,,使用原书例句与原书中文译文。,True
n3_0262,0262,N3,3,17,19,時刻,じこく,名,时刻；时间,时刻；时间,もう仕事をやめてもいい時刻です。,もう仕事をやめてもいい時刻です。,已经到了可以不工作的时候了。,已经到了可以不工作的时候了。,original_book,,使用原书例句与原书中文译文。,True
n3_0263,0263,N3,3,17,19,市場,しじょう,名,市场,市场,市場機能を重視します。,市場機能を重視します。,重视市场功能。,重视市场功能。,original_book,,使用原书例句与原书中文译文。,True
n3_0264,0264,N3,3,17,19,実績,じっせき,名,实际成绩,实际成绩,このごろ彼は仕事の実績をあげています。,このごろ彼は仕事の実績をあげています。,最近，他的工作业绩提高了。,最近，他的工作业绩提高了。,original_book,,使用原书例句与原书中文译文。,True
n3_0265,0265,N3,3,17,19,就職,しゅうしょく,名·自サ,就业,就业,学校を出てすぐこの会社に就 職しました。,学校を出てすぐこの会社に就職しました。,从学校毕业后，马上就进入这家公司工作了。,从学校毕业后，马上就进入这家公司工作了。,original_book,,使用原书例句与原书中文译文。,True
n3_0266,0266,N3,3,17,19,上達,じょうたつ,名·自サ,进步，长进,进步，长进,日本語の上達が速いです。,日本語の上達が速いです。,日语进步得很快。,日语进步得很快。,original_book,,使用原书例句与原书中文译文。,True
n3_0267,0267,N3,3,17,19,印,しるし,名,记号，标记；证明,记号，标记；证明,持ち物に印をつけます。,持ち物に印をつけます。,在随身物品上做标记。,在随身物品上做标记。,original_book,,使用原书例句与原书中文译文。,True
n3_0268,0268,N3,3,17,19,信用,しんよう,名·他サ,信用；信誉；信任,信用；信誉；信任,彼の言うことは信用できません。,彼の言うことは信用できません。,他讲的话不可信。,他讲的话不可信。,original_book,,使用原书例句与原书中文译文。,True
n3_0269,0269,N3,3,17,19,心理,しんり,名,心理,心理,人間の複雑な心理を描きます。,人間の複雑な心理を描きます。,描写人复杂的心理。,描写人复杂的心理。,original_book,,使用原书例句与原书中文译文。,True
n3_0270,0270,N3,3,17,19,森林,しんりん,名,森林,森林,森林から木を切ります。,森林から木を切ります。,从森林中伐木。,从森林中伐木。,original_book,,使用原书例句与原书中文译文。,True
n3_0271,0271,N3,3,17,19,スクール,スクール,名,学校,学校,あのおばあさんはいつも手芸スクールで学んだ内容を家で楽しむ。,あのおばあさんはいつも手芸スクールで学んだ内容を家で楽しむ。,那个老奶奶总是在家做一些自己从手工艺学校学来的手艺。,那个老奶奶总是在家做一些自己从手工艺学校学来的手艺。,original_book,,使用原书例句与原书中文译文。,True
n3_0272,0272,N3,3,17,19,涼む,すずむ,自五,乘凉，纳凉,乘凉，纳凉,しばらく涼んでから出かけよう。,しばらく涼んでから出かけよう。,等凉快一点儿再出去吧。,等凉快一点儿再出去吧。,original_book,,使用原书例句与原书中文译文。,True
n3_0273,0273,N3,3,17,19,住まい,すまい,名,住所；居住,住所；居住,マンションに住まいを構える。,マンションに住まいを構える。,住在公寓里。,住在公寓里。,original_book,,使用原书例句与原书中文译文。,True
n3_0274,0274,N3,3,17,19,隅·角,すみ,名,角落,角落,かばんを部屋の隅に置く。,かばんを部屋の隅に置く。,将包放到房间的角落。,将包放到房间的角落。,original_book,,使用原书例句与原书中文译文。,True
n3_0275,0275,N3,3,17,19,税別,ぜいべつ,名,不含税,不含税,この商品の価格は税別で表示されているので、購入時に消費税が加算される。,この商品の価格は税別で表示されているので、購入時に消費税が加算される。,这个商品的价格是不含税的，所以在购买时要另付（相应的）消费税。,这个商品的价格是不含税的，所以在购买时要另付（相应的）消费税。,original_book,,使用原书例句与原书中文译文。,True
n3_0276,0276,N3,3,17,19,生命保険,せいめいほけん,名,人寿保险,人寿保险,家族のために、生命保険に加入することに決めた。,家族のために、生命保険に加入することに決めた。,为了家人，我决定购买人寿保险。,为了家人，我决定购买人寿保险。,original_book,,使用原书例句与原书中文译文。,True
n3_0277,0277,N3,3,18,20,積極,せっきょく,名,积极,积极,彼女は良いアイディアを持っているが、積極性を欠くためになかなか意見を言い出せない。,彼女は良いアイディアを持っているが、積極性を欠くためになかなか意見を言い出せない。,她有好的想法，但是因为缺乏积极性，所以总也不说出自己的意见。,她有好的想法，但是因为缺乏积极性，所以总也不说出自己的意见。,original_book,,使用原书例句与原书中文译文。,True
n3_0278,0278,N3,3,18,20,接する,せっする,自他サ,接壤；接近；接触；应对，接待,接壤；接近；接触；应对，接待,二つの村は川を挟んで接している。,二つの村は川を挟んで接している。,两个村子隔河相邻。,两个村子隔河相邻。,original_book,,使用原书例句与原书中文译文。,True
n3_0279,0279,N3,3,18,20,前回,ぜんかい,名,上次，上回，上一届,上次，上回，上一届,前回のテストは難しかったけど、次はもっとうまくやりたい。,前回のテストは難しかったけど、次はもっとうまくやりたい。,虽然上次考试很难，但我希望下次能完成得更好。,虽然上次考试很难，但我希望下次能完成得更好。,original_book,,使用原书例句与原书中文译文。,True
n3_0280,0280,N3,3,18,20,前期,ぜんき,名,前期,前期,大学の前期試験が終わって、一息つける。,大学の前期試験が終わって、一息つける。,大学前期考试结束，能喘一口气了。,大学前期考试结束，能喘一口气了。,original_book,,使用原书例句与原书中文译文。,True
n3_0281,0281,N3,3,18,20,前後,ぜんご,名·自サ,前面和后面；前后颠倒；大约，左右,前面和后面；前后颠倒；大约，左右,話は前後するけど、さっきの問題は結論が出たの？,話は前後するけど、さっきの問題は結論が出たの？,回到之前的内容，刚才那个问题有结论了吗？,回到之前的内容，刚才那个问题有结论了吗？,original_book,,使用原书例句与原书中文译文。,True
n3_0282,0282,N3,3,18,20,前日,ぜんじつ,名,前一天,前一天,コンサートの前日には、興奮してなかなか眠れなかった。,コンサートの前日には、興奮してなかなか眠れなかった。,演唱会前一天，我兴奋得怎么也睡不着。,演唱会前一天，我兴奋得怎么也睡不着。,original_book,,使用原书例句与原书中文译文。,True
n3_0283,0283,N3,3,18,20,全身,ぜんしん,名,全身，浑身，满身,全身，浑身，满身,この手術を施す場合に、全身麻酔をかけられる。,この手術を施す場合に、全身麻酔をかけられる。,做这个手术要全身麻醉。,做这个手术要全身麻醉。,original_book,,使用原书例句与原书中文译文。,True
n3_0284,0284,N3,3,18,20,測定,そくてい,名·他サ,测量，测定,测量，测定,都市の間の距離を正確に測定する。,都市の間の距離を正確に測定する。,准确测量两个城市间的距离。,准确测量两个城市间的距离。,original_book,,使用原书例句与原书中文译文。,True
n3_0285,0285,N3,3,18,20,高める,たかめる,他一,提高，增高；增加,提高，增高；增加,名声を高める。,名声を高める。,提高声誉。,提高声誉。,original_book,,使用原书例句与原书中文译文。,True
n3_0286,0286,N3,3,18,20,タレント,タレント,名,才能，才干；演员，表演者,才能，才干；演员，表演者,彼は新人タレントだ。,彼は新人タレントだ。,他是个新出道的艺人。,他是个新出道的艺人。,original_book,,使用原书例句与原书中文译文。,True
n3_0287,0287,N3,3,18,20,段,だん,名,段，格，节；等级；段落,段，格，节；等级；段落,このエッセイを四つの段に分ける。,このエッセイを四つの段に分ける。,把这篇散文分成四个段落。,把这篇散文分成四个段落。,original_book,,使用原书例句与原书中文译文。,True
n3_0288,0288,N3,3,18,20,近寄る,ちかよる,自五,挨近，靠近，接近,挨近，靠近，接近,あんな男には近寄らないほうがいい。,あんな男には近寄らないほうがいい。,最好不要接近那样的男人。,最好不要接近那样的男人。,original_book,,使用原书例句与原书中文译文。,True
n3_0289,0289,N3,3,18,20,中心,ちゅうしん,名,中央，中心,中央，中心,市の 中 心部には高層建築がたちならんでいる。,市の中心部には高層建築がたちならんでいる。,在市中心，高层建筑鳞次栉比。,在市中心，高层建筑鳞次栉比。,original_book,,使用原书例句与原书中文译文。,True
n3_0290,0290,N3,3,18,20,長女,ちょうじょ,名,长女，大女儿,长女，大女儿,うちの長女はいま小学校三年生だ。,うちの長女はいま小学校三年生だ。,我家大女儿现在上小学三年级。,我家大女儿现在上小学三年级。,original_book,,使用原书例句与原书中文译文。,True
n3_0291,0291,N3,3,18,20,調節,ちょうせつ,名·他サ,调节，调整,调节，调整,このスイッチで部屋の温度を調節できる。,このスイッチで部屋の温度を調節できる。,用这个按钮可以调节房间温度。,用这个按钮可以调节房间温度。,original_book,,使用原书例句与原书中文译文。,True
n3_0292,0292,N3,3,18,20,序に,ついでに,副,顺便，就便,顺便，就便,ついでにタバコを買ってきてくれ。,ついでにタバコを買ってきてくれ。,顺便帮我买烟回来。,顺便帮我买烟回来。,original_book,,使用原书例句与原书中文译文。,True
n3_0293,0293,N3,3,18,20,提出,ていしゅつ,名·他サ,提出，提交,提出，提交,不信任案の動議を提出する。,不信任案の動議を提出する。,提交不信任案的动议。,提交不信任案的动议。,original_book,,使用原书例句与原书中文译文。,True
n3_0294,0294,N3,3,18,20,登場,とうじょう,名·自サ,登台；出场,登台；出场,この小説の登場人物はだれとだれですか。,この小説の登場人物はだれとだれですか。,这部小说的出场人物有谁呀？,这部小说的出场人物有谁呀？,original_book,,使用原书例句与原书中文译文。,True
n3_0295,0295,N3,3,19,21,とうとう,とうとう,副,终于,终于,3時間待ったが、彼はとうとう来なかった。,3時間待ったが、彼はとうとう来なかった。,等了三个小时，他还是没有来。,等了三个小时，他还是没有来。,original_book,,使用原书例句与原书中文译文。,True
n3_0296,0296,N3,3,19,21,盗難,とうなん,名,失窃,失窃,昨夜彼女のアパートで盗難があった。,昨夜彼女のアパートで盗難があった。,昨晚她家失窃了。,昨晚她家失窃了。,original_book,,使用原书例句与原书中文译文。,True
n3_0297,0297,N3,3,19,21,特殊,とくしゅ,名·形动,特殊,特殊,これは特殊な場合だ。,これは特殊な場合だ。,这是特殊情况。,这是特殊情况。,original_book,,使用原书例句与原书中文译文。,True
n3_0298,0298,N3,3,19,21,留まる,とまる,自五,固定住；留在印象中,固定住；留在印象中,すずめが電線にとまっている。,すずめが電線にとまっている。,麻雀停在电线上。,麻雀停在电线上。,original_book,,使用原书例句与原书中文译文。,True
n3_0299,0299,N3,3,19,21,泊まる,とまる,自五,停泊；投宿，住宿,停泊；投宿，住宿,そのホテルには500名の客が泊まれる。,そのホテルには500名の客が泊まれる。,这个酒店可以容纳500名住客。,这个酒店可以容纳500名住客。,original_book,,使用原书例句与原书中文译文。,True
n3_0300,0300,N3,3,19,21,友,とも,名,友人，朋友,友人，朋友,来週友の会を開く予定です。,来週友の会を開く予定です。,打算下周举行友人聚会。,打算下周举行友人聚会。,original_book,,使用原书例句与原书中文译文。,True
n3_0301,0301,N3,3,19,21,共に,ともに,副,一起；同时,一起；同时,私も兄も共に健康だ。,私も兄も共に健康だ。,我和哥哥都很健康。,我和哥哥都很健康。,original_book,,使用原书例句与原书中文译文。,True
n3_0302,0302,N3,3,19,21,濁る,にごる,自五,浑浊，嗓音不清；嘶哑,浑浊，嗓音不清；嘶哑,煙で空気が濁る。,煙で空気が濁る。,烟雾让空气变得浑浊。,烟雾让空气变得浑浊。,original_book,,使用原书例句与原书中文译文。,True
n3_0303,0303,N3,3,19,21,年月,ねんげつ,名,年月，岁月，光阴,年月，岁月，光阴,長い年月を費やした。,長い年月を費やした。,耗费了很长一段岁月。,耗费了很长一段岁月。,original_book,,使用原书例句与原书中文译文。,True
n3_0304,0304,N3,3,19,21,年配,ねんぱい,名,大致的年龄；相当大的年龄,大致的年龄；相当大的年龄,彼は私よりいくつか年配だ。,彼は私よりいくつか年配だ。,他比我稍长几岁。,他比我稍长几岁。,original_book,,使用原书例句与原书中文译文。,True
n3_0305,0305,N3,3,19,21,農作物,のうさくぶつ・のうさくもつ,名,农作物，庄稼,农作物，庄稼,今年は農作物がたいへんよい。,今年は農作物がたいへんよい。,今年农作物收成非常好。,今年农作物收成非常好。,original_book,,使用原书例句与原书中文译文。,True
n3_0306,0306,N3,3,19,21,乗り遅れる,のりおくれる,自一,没赶上；跟不上时代,没赶上；跟不上时代,電車に乗り遅れたので、学校に遅刻しそうだ。,電車に乗り遅れたので、学校に遅刻しそうだ。,因为没赶上电车，所以上学要迟到了。,因为没赶上电车，所以上学要迟到了。,original_book,,使用原书例句与原书中文译文。,True
n3_0307,0307,N3,3,19,21,乗り越す,のりこす,他五,坐过站,坐过站,うっかりして目的地を乗り越してしまった。,うっかりして目的地を乗り越してしまった。,一不小心坐过站了。,一不小心坐过站了。,original_book,,使用原书例句与原书中文译文。,True
n3_0308,0308,N3,3,19,21,乗り過ごす,のりすごす,自五,坐过站,坐过站,本を読みふけっていて、降りる駅を乗り過ごした。,本を読みふけっていて、降りる駅を乗り過ごした。,埋头看书，坐过站了。,埋头看书，坐过站了。,original_book,,使用原书例句与原书中文译文。,True
n3_0309,0309,N3,3,19,21,初めて·始めて,はじめて,名,初次，第一次,初次，第一次,その時初めて親のありがたさが分かった。,その時初めて親のありがたさが分かった。,那个时候第一次懂得了感恩父母。,那个时候第一次懂得了感恩父母。,original_book,,使用原书例句与原书中文译文。,True
n3_0310,0310,N3,3,19,21,パンツ,パンツ,名,内裤；西服裤；短裤,内裤；西服裤；短裤,流行のパンツをお得に購入できる。,流行のパンツをお得に購入できる。,可以优惠地购买到当前流行的裤子。,可以优惠地购买到当前流行的裤子。,original_book,,使用原书例句与原书中文译文。,True
n3_0311,0311,N3,3,19,21,ハンドル,ハンドル,名,方向盘，车把；手柄,方向盘，车把；手柄,彼はハンドルを握ると人が変わったようになる。,彼はハンドルを握ると人が変わったようになる。,他只要一握方向盘，就像变了一个人似的。,他只要一握方向盘，就像变了一个人似的。,original_book,,使用原书例句与原书中文译文。,True
n3_0312,0312,N3,3,19,21,ひっくり返す,ひっくりかえす,他五,弄倒，翻倒；翻过来；推翻,弄倒，翻倒；翻过来；推翻,順序をひっくり返す。,順序をひっくり返す。,颠倒顺序。,颠倒顺序。,original_book,,使用原书例句与原书中文译文。,True
n3_0313,0313,N3,3,19,21,プラス,プラス,名·他サ,加号；好处；加，加上,加号；好处；加，加上,自分にとってプラスになる仕事をしたい。,自分にとってプラスになる仕事をしたい。,我想从事能够提升自身素质的工作。,我想从事能够提升自身素质的工作。,original_book,,使用原书例句与原书中文译文。,True
n3_0314,0314,N3,3,20,22,プログラム,プログラム,名·他サ,节目单；方案；日程安排；程序表；编程,节目单；方案；日程安排；程序表；编程,このビルの暖房は毎朝7時に作動するようにプログラムされている。,このビルの暖房は毎朝7時に作動するようにプログラムされている。,这栋楼的暖气被设置成每天早晨7点启动。,这栋楼的暖气被设置成每天早晨7点启动。,original_book,,使用原书例句与原书中文译文。,True
n3_0315,0315,N3,3,20,22,減らす,へらす,他五,减，减少；缩减，削减,减，减少；缩减，削减,減食して体重を減らしているところだ。,減食して体重を減らしているところだ。,正在节食减肥。,正在节食减肥。,original_book,,使用原书例句与原书中文译文。,True
n3_0316,0316,N3,3,20,22,粗·略,ほぼ,副,大略，大体上，大致,大略，大体上，大致,その工事はほぼ完了した。,その工事はほぼ完了した。,那个工程几乎完工了。,那个工程几乎完工了。,original_book,,使用原书例句与原书中文译文。,True
n3_0317,0317,N3,3,20,22,本の,ほんの,连体,不过，仅仅，些许,不过，仅仅，些许,本の少ししかない。,本の少ししかない。,只有一点儿。,只有一点儿。,original_book,,使用原书例句与原书中文译文。,True
n3_0318,0318,N3,3,20,22,本部,ほんぶ,名,本部，总部,本部，总部,大学本部に勤める。,大学本部に勤める。,在大学本部工作。,在大学本部工作。,original_book,,使用原书例句与原书中文译文。,True
n3_0319,0319,N3,3,20,22,見事,みごと,形动·副,美丽，好看；卓越，地道，精彩，巧妙；完全，彻底,美丽，好看；卓越，地道，精彩，巧妙；完全，彻底,評論家の予想は見事に外れた。,評論家の予想は見事に外れた。,评论家的预想完全错了。,评论家的预想完全错了。,original_book,,使用原书例句与原书中文译文。,True
n3_0320,0320,N3,3,20,22,明確,めいかく,名·形动,明确,明确,この点を明確にする必要がある。,この点を明確にする必要がある。,这一点有必要明确一下。,这一点有必要明确一下。,original_book,,使用原书例句与原书中文译文。,True
n3_0321,0321,N3,3,20,22,名物,めいぶつ,名,有名的东西，名产,有名的东西，名产,ぎざぎざの岩山がこの地方の名物だ。,ぎざぎざの岩山がこの地方の名物だ。,锯齿状的岩山是这个地方的名景。,锯齿状的岩山是这个地方的名景。,original_book,,使用原书例句与原书中文译文。,True
n3_0322,0322,N3,3,20,22,メンズウェア,メンズウェア,名,男装,男装,新しいシーズンのメンズウェアが店頭に並んでいる。,新しいシーズンのメンズウェアが店頭に並んでいる。,新一季的男装已经在门店上架了。,新一季的男装已经在门店上架了。,original_book,,使用原书例句与原书中文译文。,True
n3_0323,0323,N3,3,20,22,儲ける,もうける,他五,赚钱，发财，得利；占便宜，捡便宜,赚钱，发财，得利；占便宜，捡便宜,彼はその取り引きで大金を儲けた。,彼はその取り引きで大金を儲けた。,他在那次交易中发大财了。,他在那次交易中发大财了。,original_book,,使用原书例句与原书中文译文。,True
n3_0324,0324,N3,3,20,22,モーニング,モーニング,名,早晨；男子晨礼服,早晨；男子晨礼服,このカフェのモーニングセットは美味しいと評判だ。,このカフェのモーニングセットは美味しいと評判だ。,据说，这家咖啡馆的早餐套餐很好吃。,据说，这家咖啡馆的早餐套餐很好吃。,original_book,,使用原书例句与原书中文译文。,True
n3_0325,0325,N3,3,20,22,柔らかい·軟らかい,やわらかい,形,软，嫩；柔软的，柔和的,软，嫩；柔软的，柔和的,泳ぐ前に体操をして体を柔らかくしなさい。,泳ぐ前に体操をして体を柔らかくしなさい。,游泳之前要做体操热身。,游泳之前要做体操热身。,original_book,,使用原书例句与原书中文译文。,True
n3_0326,0326,N3,3,20,22,用紙,ようし,名,纸张，格式纸,纸张，格式纸,用紙を1枚ずつ取る。,用紙を1枚ずつ取る。,分别取一张纸。,分别取一张纸。,original_book,,使用原书例句与原书中文译文。,True
n3_0327,0327,N3,3,20,22,理解,りかい,名·他サ,理解，了解,理解，了解,二人はじっくり話し合った結果、理解し合った。,二人はじっくり話し合った結果、理解し合った。,两个人深入交谈之后，相互理解了对方。,两个人深入交谈之后，相互理解了对方。,original_book,,使用原书例句与原书中文译文。,True
n3_0328,0328,N3,3,20,22,論じる,ろんじる,他一,论述，阐述，说明；评论，议论，讨论,论述，阐述，说明；评论，议论，讨论,著者はその問題を余すところなく論じている。,著者はその問題を余すところなく論じている。,作者将那个问题论述得全面、透彻。,作者将那个问题论述得全面、透彻。,original_book,,使用原书例句与原书中文译文。,True
n3_0329,0329,N3,3,20,22,割合に,わりあいに,副,比较地,比较地,英語の試験は割合にやさしかった。,英語の試験は割合にやさしかった。,英语考试比较简单。,英语考试比较简单。,original_book,,使用原书例句与原书中文译文。,True
n3_0330,0330,N3,4,21,23,諦める,あきらめる,他一,打消，放弃,打消，放弃,お金がないので留学は諦めました。,お金がないので留学は諦めました。,因为没有钱，所以放弃留学了。,因为没有钱，所以放弃留学了。,original_book,,使用原书例句与原书中文译文。,True
n3_0331,0331,N3,4,21,23,甘やかす,あまやかす,他五,姑息；娇养；纵容，放任,姑息；娇养；纵容，放任,彼女は一人っ子なので甘やかされてわがままに育ちました。,彼女は一人っ子なので甘やかされてわがままに育ちました。,她是独生女，被溺爱着长大，非常任性。,她是独生女，被溺爱着长大，非常任性。,original_book,,使用原书例句与原书中文译文。,True
n3_0332,0332,N3,4,21,23,暗記,あんき,名·他サ,熟记，背诵,熟记，背诵,習ったことを全部暗記すれば、外国語は上達します。,習ったことを全部暗記すれば、外国語は上達します。,将学过的东西全部背下来，外语水平肯定会提高的。,将学过的东西全部背下来，外语水平肯定会提高的。,original_book,,使用原书例句与原书中文译文。,True
n3_0333,0333,N3,4,21,23,以降,いこう,名,以后，之后,以后，之后,十時以降は店を閉じています。,十時以降は店を閉じています。,十点以后停止营业。,十点以后停止营业。,original_book,,使用原书例句与原书中文译文。,True
n3_0334,0334,N3,4,21,23,一度に,いちどに,副,同时，一下子，一块儿,同时，一下子，一块儿,盆と正月が一度にきたよう。,盆と正月が一度にきたよう。,真的是双喜临门！,真的是双喜临门！,original_book,,使用原书例句与原书中文译文。,True
n3_0335,0335,N3,4,21,23,居眠り,いねむり,名·自サ,瞌睡，打盹儿,瞌睡，打盹儿,本を読みながら居眠りします。,本を読みながら居眠りします。,一边看书一边打盹儿。,一边看书一边打盹儿。,original_book,,使用原书例句与原书中文译文。,True
n3_0336,0336,N3,4,21,23,ウエートレス,ウエートレス,名,女服务员,女服务员,ウエートレスが英語を使いました。,ウエートレスが英語を使いました。,女服务员使用了英语。,女服务员使用了英语。,original_book,,使用原书例句与原书中文译文。,True
n3_0337,0337,N3,4,21,23,植木,うえき,名,栽种的树；盆栽的花木,栽种的树；盆栽的花木,庭に植木を植えます。,庭に植木を植えます。,在院子里种树。,在院子里种树。,original_book,,使用原书例句与原书中文译文。,True
n3_0338,0338,N3,4,21,23,浮かべる,うかべる,他一,浮；（使）出现；想起,浮；（使）出现；想起,ときどき留学中の息子の様子を目に浮かべます。,ときどき留学中の息子の様子を目に浮かべます。,时常想起正在留学的儿子。,时常想起正在留学的儿子。,original_book,,使用原书例句与原书中文译文。,True
n3_0339,0339,N3,4,21,23,駅員,えきいん,名,车站工作人员，站务员,车站工作人员，站务员,駅員や車掌に声をかけてください。,駅員や車掌に声をかけてください。,请与车站工作人员或乘务员联系。,请与车站工作人员或乘务员联系。,original_book,,使用原书例句与原书中文译文。,True
n3_0340,0340,N3,4,21,23,お絞り,おしぼり,名,湿毛巾,湿毛巾,食事前におしぼりで手をきれいにした。,食事前におしぼりで手をきれいにした。,吃饭前用湿毛巾把手擦干净了。,吃饭前用湿毛巾把手擦干净了。,original_book,,使用原书例句与原书中文译文。,True
n3_0341,0341,N3,4,21,23,お勧め,おすすめ,名,建议，劝诱，劝告，推荐,建议，劝诱，劝告，推荐,この本は先生のお勧めで、とても面白かった。,この本は先生のお勧めで、とても面白かった。,这本书是老师推荐的，非常有趣。,这本书是老师推荐的，非常有趣。,original_book,,使用原书例句与原书中文译文。,True
n3_0342,0342,N3,4,21,23,遅め,おそめ,名·形动,慢一些，晚一些,慢一些，晚一些,朝 食は遅めにとることが多い。,朝食は遅めにとることが多い。,往往早餐吃得比较晚。,往往早餐吃得比较晚。,original_book,,使用原书例句与原书中文译文。,True
n3_0343,0343,N3,4,21,23,教わる,おそわる,他五,受教，学习,受教，学习,ピアノを音楽教師に教わっています。,ピアノを音楽教師に教わっています。,正跟着音乐老师学习钢琴。,正跟着音乐老师学习钢琴。,original_book,,使用原书例句与原书中文译文。,True
n3_0344,0344,N3,4,21,23,落ち込む,おちこむ,自五,坠入，陷入；沮丧，郁闷，不痛快，闷闷不乐,坠入，陷入；沮丧，郁闷，不痛快，闷闷不乐,テストの点数が悪くて、少し落ち込んでいる。,テストの点数が悪くて、少し落ち込んでいる。,考试成绩不好，有点儿失落。,考试成绩不好，有点儿失落。,original_book,,使用原书例句与原书中文译文。,True
n3_0345,0345,N3,4,22,24,各々,おのおの,名·副,各自，各，各位，诸位,各自，各，各位，诸位,学生おのおのの自覚に待ちます。,学生おのおのの自覚に待ちます。,希望学生们能够自觉。,希望学生们能够自觉。,original_book,,使用原书例句与原书中文译文。,True
n3_0346,0346,N3,4,22,24,会合,かいごう,名·自サ,聚会，集会,聚会，集会,同級生の会合を開く場所はもう決まりましたか。,同級生の会合を開く場所はもう決まりましたか。,定好在哪里办同学会了吗？,定好在哪里办同学会了吗？,original_book,,使用原书例句与原书中文译文。,True
n3_0347,0347,N3,4,22,24,帰す,かえす,他五,使回去,使回去,自動車を銀座で帰して、ひとりで歩きました。,自動車を銀座で帰して、ひとりで歩きました。,在银座让车返回，自己一个人走了走。,在银座让车返回，自己一个人走了走。,original_book,,使用原书例句与原书中文译文。,True
n3_0348,0348,N3,4,22,24,隠れる,かくれる,自一,隐藏；躲藏,隐藏；躲藏,太陽が山の向こうに隠れると涼しくなります。,太陽が山の向こうに隠れると涼しくなります。,太阳被山遮住后就凉快了。,太阳被山遮住后就凉快了。,original_book,,使用原书例句与原书中文译文。,True
n3_0349,0349,N3,4,22,24,固まる,かたまる,自五,变硬；凝结，凝固,变硬；凝结，凝固,服についた泥が乾いて固まりました。,服についた泥が乾いて固まりました。,衣服上粘着的泥土已经干燥、凝固了。,衣服上粘着的泥土已经干燥、凝固了。,original_book,,使用原书例句与原书中文译文。,True
n3_0350,0350,N3,4,22,24,偏る,かたよる,自五,偏颇，不公平,偏颇，不公平,彼は考え方が偏りすぎています。,彼は考え方が偏りすぎています。,他的想法太偏激。,他的想法太偏激。,original_book,,使用原书例句与原书中文译文。,True
n3_0351,0351,N3,4,22,24,可愛がる,かわいがる,他五,喜爱，疼爱,喜爱，疼爱,彼は誰からも可愛がられています。,彼は誰からも可愛がられています。,他受到所有人的喜爱。,他受到所有人的喜爱。,original_book,,使用原书例句与原书中文译文。,True
n3_0352,0352,N3,4,22,24,刻む,きざむ,他五,切细，剁碎；雕刻；牢记,切细，剁碎；雕刻；牢记,昔は動物の骨に文字を刻みました。,昔は動物の骨に文字を刻みました。,以前，人们在动物的骨头上刻字。,以前，人们在动物的骨头上刻字。,original_book,,使用原书例句与原书中文译文。,True
n3_0353,0353,N3,4,22,24,砕く,くだく,他五,打碎，砸；弄碎，粉碎,打碎，砸；弄碎，粉碎,受験に失敗して、将来の夢を砕かれました。,受験に失敗して、将来の夢を砕かれました。,考试失败，未来的梦想破灭了。,考试失败，未来的梦想破灭了。,original_book,,使用原书例句与原书中文译文。,True
n3_0354,0354,N3,4,22,24,小遣い,こづかい,名,（通常以「お小遣い」的形式使用）零钱，零用钱,（通常以「お小遣い」的形式使用）零钱，零用钱,子どもに小遣いをやります。,子どもに小遣いをやります。,给孩子零用钱。,给孩子零用钱。,original_book,,使用原书例句与原书中文译文。,True
n3_0355,0355,N3,4,22,24,零れる,こぼれる,自一,溢出，漏；洋溢，充满,溢出，漏；洋溢，充满,カップからお茶が零れてしまい、テーブルを拭いた。,カップからお茶が零れてしまい、テーブルを拭いた。,茶杯里的茶水洒出来了，于是擦了桌子。,茶杯里的茶水洒出来了，于是擦了桌子。,original_book,,使用原书例句与原书中文译文。,True
n3_0356,0356,N3,4,22,24,コメント,コメント,名·自サ,评语，解说，注释,评语，解说，注释,先生のコメントが勉強の助けになった。,先生のコメントが勉強の助けになった。,老师的点评对我的学习有帮助。,老师的点评对我的学习有帮助。,original_book,,使用原书例句与原书中文译文。,True
n3_0357,0357,N3,4,22,24,凝る,こる,自五,凝固；热衷；精心制作；肌肉酸痛,凝固；热衷；精心制作；肌肉酸痛,デザインに凝ると、部屋の雰囲気ががらりと変わる。,デザインに凝ると、部屋の雰囲気ががらりと変わる。,精心设计一番，房间里的氛围就会彻底焕新。,精心设计一番，房间里的氛围就会彻底焕新。,original_book,,使用原书例句与原书中文译文。,True
n3_0358,0358,N3,4,22,24,転がる,ころがる,自五,滚转；倒下,滚转；倒下,走るより転がったほうが速いです。,走るより転がったほうが速いです。,滚比跑要快。,滚比跑要快。,original_book,,使用原书例句与原书中文译文。,True
n3_0359,0359,N3,4,22,24,サークル,サークル,名,圆，圆周，圆阵；小组，班；圈子，社会,圆，圆周，圆阵；小组，班；圈子，社会,新学期には写真サークルに入ろうと思っている。,新学期には写真サークルに入ろうと思っている。,我打算新学期加入摄影社团。,我打算新学期加入摄影社团。,original_book,,使用原书例句与原书中文译文。,True
n3_0360,0360,N3,4,22,24,再生,さいせい,名·自サ,再生，重生，死而复生；新生，重新做人；放（录）音，重放,再生，重生，死而复生；新生，重新做人；放（录）音，重放,壊れたおもちゃを再生して新しいものを作った。,壊れたおもちゃを再生して新しいものを作った。,把坏掉的玩具重新利用，做成了新的。,把坏掉的玩具重新利用，做成了新的。,original_book,,使用原书例句与原书中文译文。,True
n3_0361,0361,N3,4,22,24,叫び声,さけびごえ,名,呼声，叫喊,呼声，叫喊,夜、突然の叫び声が聞こえて、驚いた。,夜、突然の叫び声が聞こえて、驚いた。,晚上突然听到喊声，被吓了一跳。,晚上突然听到喊声，被吓了一跳。,original_book,,使用原书例句与原书中文译文。,True
n3_0362,0362,N3,4,23,25,避ける,さける,自一,避开；逃避；避免,避开；逃避；避免,老いと死はともに避けられません。,老いと死はともに避けられません。,衰老和死亡都无法避免。,衰老和死亡都无法避免。,original_book,,使用原书例句与原书中文译文。,True
n3_0363,0363,N3,4,23,25,差出人,さしだしにん,名,发件人,发件人,手紙には差出人の名前が書かれていなかった。,手紙には差出人の名前が書かれていなかった。,信上没有写寄件人的名字。,信上没有写寄件人的名字。,original_book,,使用原书例句与原书中文译文。,True
n3_0364,0364,N3,4,23,25,敷く,しく,自他五,铺，垫上,铺，垫上,箱の底に紙を敷きます。,箱の底に紙を敷きます。,在箱子底部铺纸。,在箱子底部铺纸。,original_book,,使用原书例句与原书中文译文。,True
n3_0365,0365,N3,4,23,25,実に,じつに,副,实在；确实；非常，很,实在；确实；非常，很,この料理は実にうまいです。,この料理は実にうまいです。,这道菜真的非常好吃。,这道菜真的非常好吃。,original_book,,使用原书例句与原书中文译文。,True
n3_0366,0366,N3,4,23,25,姉妹,しまい,名,姊妹,姊妹,京都と西安は姉妹都市です。,京都と西安は姉妹都市です。,京都和西安是姐妹城市。,京都和西安是姐妹城市。,original_book,,使用原书例句与原书中文译文。,True
n3_0367,0367,N3,4,23,25,祝日,しゅくじつ,名,节日,节日,春分の日は、日本の国民の祝日の一つです。,春分の日は、日本の国民の祝日の一つです。,春分是日本全民的节日之一。,春分是日本全民的节日之一。,original_book,,使用原书例句与原书中文译文。,True
n3_0368,0368,N3,4,23,25,素直,すなお,形动,正直，诚实,正直，诚实,素直に友達の忠告を聞く。,素直に友達の忠告を聞く。,诚恳地倾听朋友的忠告。,诚恳地倾听朋友的忠告。,original_book,,使用原书例句与原书中文译文。,True
n3_0369,0369,N3,4,23,25,性能,せいのう,名,功能，性能,功能，性能,この機械はあまり性能がよくない。,この機械はあまり性能がよくない。,这个机器的性能不怎么好。,这个机器的性能不怎么好。,original_book,,使用原书例句与原书中文译文。,True
n3_0370,0370,N3,4,23,25,攻める,せめる,他一,攻击，进攻，攻打,攻击，进攻，攻打,東を攻めると見せかけて西をうつ。,東を攻めると見せかけて西をうつ。,声东击西。,声东击西。,original_book,,使用原书例句与原书中文译文。,True
n3_0371,0371,N3,4,23,25,前半,ぜんはん,名,前半部分,前半部分,試合の前半は相手チームがリードしていた。,試合の前半は相手チームがリードしていた。,比赛上半场，对手一直领先。,比赛上半场，对手一直领先。,original_book,,使用原书例句与原书中文译文。,True
n3_0372,0372,N3,4,23,25,線路,せんろ,名,铁路；线路,铁路；线路,電車が遅れている原因は、線路のトラブルだった。,電車が遅れている原因は、線路のトラブルだった。,电车晚点的原因是线路故障。,电车晚点的原因是线路故障。,original_book,,使用原书例句与原书中文译文。,True
n3_0373,0373,N3,4,23,25,送金,そうきん,名·自他サ,汇款,汇款,海外にいる友達に送金するため、銀行へ行った。,海外にいる友達に送金するため、銀行へ行った。,为了给在国外的朋友汇钱，去了银行。,为了给在国外的朋友汇钱，去了银行。,original_book,,使用原书例句与原书中文译文。,True
n3_0374,0374,N3,4,23,25,葬式,そうしき,名,葬礼，殡仪，丧事,葬礼，殡仪，丧事,先週、親戚の葬式に参列した。,先週、親戚の葬式に参列した。,上周参加了亲戚的葬礼。,上周参加了亲戚的葬礼。,original_book,,使用原书例句与原书中文译文。,True
n3_0375,0375,N3,4,23,25,其の上,そのうえ,接续,而且，加上，兼之,而且，加上，兼之,雨が降り出し、その上 雷 まで鳴りだした。,雨が降り出し、その上雷まで鳴りだした。,下雨了，还开始打雷了。,下雨了，还开始打雷了。,original_book,,使用原书例句与原书中文译文。,True
n3_0376,0376,N3,4,23,25,滞在,たいざい,名·自サ,停留，逗留，旅居,停留，逗留，旅居,今回はどのぐらい滞在する予定ですか。,今回はどのぐらい滞在する予定ですか。,这次打算待多久？,这次打算待多久？,original_book,,使用原书例句与原书中文译文。,True
n3_0377,0377,N3,4,23,25,絶えず,たえず,副,不断，经常，无休止,不断，经常，无休止,あの家には絶えずごたごたがある。,あの家には絶えずごたごたがある。,那家人老是闹矛盾。,那家人老是闹矛盾。,original_book,,使用原书例句与原书中文译文。,True
n3_0378,0378,N3,4,23,25,旅,たび,名,旅行，观光,旅行，观光,あなたはなぜ旅に出るのですか。,あなたはなぜ旅に出るのですか。,你为什么要去旅游？,你为什么要去旅游？,original_book,,使用原书例句与原书中文译文。,True
n3_0379,0379,N3,4,23,25,駐車,ちゅうしゃ,名·自サ,停车,停车,ここに駐車してはいけません。,ここに駐車してはいけません。,这里禁止停车。,这里禁止停车。,original_book,,使用原书例句与原书中文译文。,True
n3_0380,0380,N3,4,23,25,手入れ,ていれ,名·他サ,修理，收拾，保养,修理，收拾，保养,よく手入れされた庭木はきれいに並んでいる。,よく手入れされた庭木はきれいに並んでいる。,院子里的树得到精心修剪，树形美观。,院子里的树得到精心修剪，树形美观。,original_book,,使用原书例句与原书中文译文。,True
n3_0381,0381,N3,4,24,26,独特,どくとく,名·形动,独特,独特,このお酒から日本酒独特の風味を味わうことができる。,このお酒から日本酒独特の風味を味わうことができる。,喝这款酒，可以品尝出日本酒特有的风味。,喝这款酒，可以品尝出日本酒特有的风味。,original_book,,使用原书例句与原书中文译文。,True
n3_0382,0382,N3,4,24,26,途端,とたん,名,正当……时候，刚……就,正当……时候，刚……就,立ち上がった途端に頭をぶつけた。,立ち上がった途端に頭をぶつけた。,一站起来就撞到了头。,一站起来就撞到了头。,original_book,,使用原书例句与原书中文译文。,True
n3_0383,0383,N3,4,24,26,怠ける,なまける,自一,懒惰，懈怠,懒惰，懈怠,仕事を怠けてはいけない。,仕事を怠けてはいけない。,不可以怠慢工作。,不可以怠慢工作。,original_book,,使用原书例句与原书中文译文。,True
n3_0384,0384,N3,4,24,26,似合う,にあう,自五,相称，相配，合适；般配,相称，相配，合适；般配,そのネクタイはこの場合には似合わない。,そのネクタイはこの場合には似合わない。,那条领带不适合这个场合。,那条领带不适合这个场合。,original_book,,使用原书例句与原书中文译文。,True
n3_0385,0385,N3,4,24,26,値,ね,名,价格，价钱,价格，价钱,値を聞く。,値を聞く。,询问价格。,询问价格。,original_book,,使用原书例句与原书中文译文。,True
n3_0386,0386,N3,4,24,26,鼠,ねずみ,名,鼠，老鼠,鼠，老鼠,鼠が鳴いている。,鼠が鳴いている。,老鼠在叫。,老鼠在叫。,original_book,,使用原书例句与原书中文译文。,True
n3_0387,0387,N3,4,24,26,農具,のうぐ,名,农具,农具,農具を片付ける。,農具を片付ける。,整理农具。,整理农具。,original_book,,使用原书例句与原书中文译文。,True
n3_0388,0388,N3,4,24,26,農産物,のうさんぶつ,名,农产物，农产品,农产物，农产品,地元の農産物は品質が高く、とても人気があります。,地元の農産物は品質が高く、とても人気があります。,当地的农产品质量高，非常受欢迎。,当地的农产品质量高，非常受欢迎。,original_book,,使用原书例句与原书中文译文。,True
n3_0389,0389,N3,4,24,26,呑気,のんき,形动,无忧无虑；不慌不忙；满不在乎,无忧无虑；不慌不忙；满不在乎,彼はいつも呑気で、何も心配していないようだ。,彼はいつも呑気で、何も心配していないようだ。,他总是不紧不慢的，好像什么操心事都没有。,他总是不紧不慢的，好像什么操心事都没有。,original_book,,使用原书例句与原书中文译文。,True
n3_0390,0390,N3,4,24,26,ハイペース,ハイペース,名·形动,高速度，步速快,高速度，步速快,試験勉強はハイペースで進めなければならない。,試験勉強はハイペースで進めなければならない。,考试复习必须快节奏地进行。,考试复习必须快节奏地进行。,original_book,,使用原书例句与原书中文译文。,True
n3_0391,0391,N3,4,24,26,パスワード,パスワード,名,口令，密码,口令，密码,新しいスマホには、パスワードを設定した。,新しいスマホには、パスワードを設定した。,在新手机上设置了密码。,在新手机上设置了密码。,original_book,,使用原书例句与原书中文译文。,True
n3_0392,0392,N3,4,24,26,張り切る,はりきる,自五,拉紧，绷紧；干劲十足，精神百倍,拉紧，绷紧；干劲十足，精神百倍,あんまり張り切ると、あとで疲れるよ。,あんまり張り切ると、あとで疲れるよ。,如果干劲太足，后面会疲劳的。,如果干劲太足，后面会疲劳的。,original_book,,使用原书例句与原书中文译文。,True
n3_0393,0393,N3,4,24,26,日帰り,ひがえり,名,当天来回,当天来回,日帰り旅行をする。,日帰り旅行をする。,一日游。,一日游。,original_book,,使用原书例句与原书中文译文。,True
n3_0394,0394,N3,4,24,26,普段,ふだん,名·副,平常，日常,平常，日常,普段は6時に起きる。,普段は6時に起きる。,平时6点起床。,平时6点起床。,original_book,,使用原书例句与原书中文译文。,True
n3_0395,0395,N3,4,24,26,振舞う,ふるまう,自他五,行动，动作；请客，款待，招待,行动，动作；请客，款待，招待,紳士らしく振舞う。,紳士らしく振舞う。,举止很绅士。,举止很绅士。,original_book,,使用原书例句与原书中文译文。,True
n3_0396,0396,N3,4,24,26,凹む,へこむ,自五,凹下，洼下，陷下，瘪下；屈服，认输,凹下，洼下，陷下，瘪下；屈服，认输,車がぶつかってひどく凹んだ。,車がぶつかってひどく凹んだ。,撞车了，车身严重凹陷。,撞车了，车身严重凹陷。,original_book,,使用原书例句与原书中文译文。,True
n3_0397,0397,N3,4,25,27,包丁,ほうちょう,名,菜刀，切菜刀,菜刀，切菜刀,包丁で肉を切る。,包丁で肉を切る。,用菜刀切肉。,用菜刀切肉。,original_book,,使用原书例句与原书中文译文。,True
n3_0398,0398,N3,4,25,27,祭る,まつる,他五,祭祀，祭奠，供奉,祭祀，祭奠，供奉,この神社は江戸時代の殿様を祭ってある。,この神社は江戸時代の殿様を祭ってある。,这个神社供奉着江户时代的主君。,这个神社供奉着江户时代的主君。,original_book,,使用原书例句与原书中文译文。,True
n3_0399,0399,N3,4,25,27,味方,みかた,名·自サ,我方，自己这一方；援助,我方，自己这一方；援助,あなたはどちらの味方ですか。,あなたはどちらの味方ですか。,你支持哪一方？,你支持哪一方？,original_book,,使用原书例句与原书中文译文。,True
n3_0400,0400,N3,4,25,27,ミシン,ミシン,名,缝纫机,缝纫机,カーテンをミシンでかがる。,カーテンをミシンでかがる。,用缝纫机做窗帘。,用缝纫机做窗帘。,original_book,,使用原书例句与原书中文译文。,True
n3_0401,0401,N3,4,25,27,ミス,ミス,名·自サ,失败，错误，差错；失误,失败，错误，差错；失误,彼のミスは大きな問題を引き起こしました。,彼のミスは大きな問題を引き起こしました。,他的错误引起了很大的问题。,他的错误引起了很大的问题。,original_book,,使用原书例句与原书中文译文。,True
n3_0402,0402,N3,4,25,27,自ら,みずから,名·副,我；自己；亲自；亲身,我；自己；亲自；亲身,自らの力で成し遂げた。,自らの力で成し遂げた。,靠自己的努力成功了。,靠自己的努力成功了。,original_book,,使用原书例句与原书中文译文。,True
n3_0403,0403,N3,4,25,27,持ち物,もちもの,词,随身携带的物品；所有物,随身携带的物品；所有物,旅行の際は、持ち物をチェックリストで確認する。,旅行の際は、持ち物をチェックリストで確認する。,旅行的时候，用检查表确认要带的东西。,旅行的时候，用检查表确认要带的东西。,original_book,,使用原书例句与原书中文译文。,True
n3_0404,0404,N3,4,25,27,もてる,もてる,自一,受欢迎,受欢迎,彼は面白くて、クラスでとてももてる。,彼は面白くて、クラスでとてももてる。,他很有趣，在班里很受欢迎。,他很有趣，在班里很受欢迎。,original_book,,使用原书例句与原书中文译文。,True
n3_0405,0405,N3,4,25,27,元,もと,名,原先，过去，从前；起源，根源；原因，起因；原料，材料,原先，过去，从前；起源，根源；原因，起因；原料，材料,彼女は元プロのバレーダンサーで、今はダンススクールを運営しています。,彼女は元プロのバレーダンサーで、今はダンススクールを運営しています。,她原是专业的芭蕾舞者，现在经营舞蹈学校。,她原是专业的芭蕾舞者，现在经营舞蹈学校。,original_book,,使用原书例句与原书中文译文。,True
n3_0406,0406,N3,4,25,27,戻す,もどす,他五,恢复，归还；发；使……倒退（返回）；吐；回升,恢复，归还；发；使……倒退（返回）；吐；回升,図書館の本を期限内に戻さなくてはいけない。,図書館の本を期限内に戻さなくてはいけない。,必须在规定的期限内归还图书馆的书。,必须在规定的期限内归还图书馆的书。,original_book,,使用原书例句与原书中文译文。,True
n3_0407,0407,N3,4,25,27,求める,もとめる,他一,渴望，需要；寻求，找；征求，请求,渴望，需要；寻求，找；征求，请求,事件の解決の手がかりを求めて歩き回っている。,事件の解決の手がかりを求めて歩き回っている。,四处奔走寻求解决事件的线索。,四处奔走寻求解决事件的线索。,original_book,,使用原书例句与原书中文译文。,True
n3_0408,0408,N3,4,25,27,元々·元元,もともと,副,不赔不赚；原本，根本；本来，从来，原来,不赔不赚；原本，根本；本来，从来，原来,彼は元々、助けるつもりなどなかった。,彼は元々、助けるつもりなどなかった。,他原本就没有帮忙的打算。,他原本就没有帮忙的打算。,original_book,,使用原书例句与原书中文译文。,True
n3_0409,0409,N3,4,25,27,役立つ,やくだつ,自五,有用，有益,有用，有益,パソコンの知識が就 職に非常に役立った。,パソコンの知識が就職に非常に役立った。,计算机知识对求职很有帮助。,计算机知识对求职很有帮助。,original_book,,使用原书例句与原书中文译文。,True
n3_0410,0410,N3,4,25,27,ユーモア,ユーモア,名,幽默，诙谐,幽默，诙谐,ユーモアの分かる人だ。,ユーモアの分かる人だ。,是个懂幽默的人。,是个懂幽默的人。,original_book,,使用原书例句与原书中文译文。,True
n3_0411,0411,N3,4,25,27,有利,ゆうり,名·形动,有利,有利,そのアパートの有利な点は駅に近いということである。,そのアパートの有利な点は駅に近いということである。,那套公寓的优点就是离车站比较近。,那套公寓的优点就是离车站比较近。,original_book,,使用原书例句与原书中文译文。,True
n3_0412,0412,N3,4,25,27,世の中,よのなか,名,世间，世上,世间，世上,世の中がいやになった。,世の中がいやになった。,厌倦了这个时代。,厌倦了这个时代。,original_book,,使用原书例句与原书中文译文。,True
n3_0413,0413,N3,4,26,28,ライス,ライス,名,大米，米饭,大米，米饭,日本人はライス、つまり、お米を主食としている。,日本人はライス、つまり、お米を主食としている。,日本人以大米为主食。,日本人以大米为主食。,original_book,,使用原书例句与原书中文译文。,True
n3_0414,0414,N3,4,26,28,利害,りがい,名,利害，得失，损益,利害，得失，损益,その計画は我々の利害に大いに影響するだろう。,その計画は我々の利害に大いに影響するだろう。,那个计划会对我们的损益产生很大的影响。,那个计划会对我们的损益产生很大的影响。,original_book,,使用原书例句与原书中文译文。,True
n3_0415,0415,N3,4,26,28,リサイクル,リサイクル,名·他サ,废物再利用,废物再利用,古着をリサイクルする。,古着をリサイクルする。,循环利用旧衣服。,循环利用旧衣服。,original_book,,使用原书例句与原书中文译文。,True
n3_0416,0416,N3,4,26,28,礼儀,れいぎ,名,礼，礼貌；礼仪，礼节，礼法,礼，礼貌；礼仪，礼节，礼法,どんなに親しくとも礼儀を守る必要がある。,どんなに親しくとも礼儀を守る必要がある。,就算再亲近也要守礼仪。,就算再亲近也要守礼仪。,original_book,,使用原书例句与原书中文译文。,True
n3_0417,0417,N3,4,26,28,連合,れんごう,名·自他サ,联合；联盟,联合；联盟,この国は共通の目的のために他の数か国と連合した。,この国は共通の目的のために他の数か国と連合した。,为了共同的目的，这个国家和其他数国结成联盟了。,为了共同的目的，这个国家和其他数国结成联盟了。,original_book,,使用原书例句与原书中文译文。,True
n3_0418,0418,N3,4,26,28,録音,ろくおん,名·他サ,录音,录音,首相演説を放送用に録音する。,首相演説を放送用に録音する。,将首相的演讲录下来用于播放。,将首相的演讲录下来用于播放。,original_book,,使用原书例句与原书中文译文。,True
n3_0419,0419,N3,4,26,28,ロケット,ロケット,名,运载火箭,运载火箭,ロケットで人工衛星を軌道にのせる。,ロケットで人工衛星を軌道にのせる。,用火箭将人造卫星送入轨道。,用火箭将人造卫星送入轨道。,original_book,,使用原书例句与原书中文译文。,True
n3_0420,0420,N3,4,26,28,僅か,わずか,副·形动,仅，少，稍微；勉勉强强；一点点,仅，少，稍微；勉勉强强；一点点,部屋にはわずかな本しかなかった。,部屋にはわずかな本しかなかった。,房间里只有几本书。,房间里只有几本书。,original_book,,使用原书例句与原书中文译文。,True
n3_0421,0421,N3,5,27,29,合図,あいず,名·自サ,信号,信号,目で合図をします。,目で合図をします。,使眼色。,使眼色。,original_book,,使用原书例句与原书中文译文。,True
n3_0422,0422,N3,5,27,29,アイドル,アイドル,名,偶像,偶像,人気アイドル歌手が共演するコンサートが６月14日、北京の工人体育館で開かれる。,人気アイドル歌手が共演するコンサートが６月14日、北京の工人体育館で開かれる。,人气偶像歌手群星演唱会于6月14日在北京工人体育馆举行。,人气偶像歌手群星演唱会于6月14日在北京工人体育馆举行。,original_book,,使用原书例句与原书中文译文。,True
n3_0423,0423,N3,5,27,29,明かり,あかり,名,光亮；灯；希望,光亮；灯；希望,蝋燭の明かりで本を読みます。,蝋燭の明かりで本を読みます。,借助蜡烛的光读书。,借助蜡烛的光读书。,original_book,,使用原书例句与原书中文译文。,True
n3_0424,0424,N3,5,27,29,生き生き,いきいき,副·自サ,活泼，生动,活泼，生动,この絵は生き生きとしています。,この絵は生き生きとしています。,这幅画非常生动。,这幅画非常生动。,original_book,,使用原书例句与原书中文译文。,True
n3_0425,0425,N3,5,27,29,イコール,イコール,名·形动,等号；相等，等于,等号；相等，等于,個人主義と利己主義とはイコールではない。,個人主義と利己主義とはイコールではない。,个人主义不等于利己主义。,个人主义不等于利己主义。,original_book,,使用原书例句与原书中文译文。,True
n3_0426,0426,N3,5,27,29,意思,いし,名,意思，想法,意思，想法,本人の意思を明らかにする必要があります。,本人の意思を明らかにする必要があります。,有必要弄清当事人的想法。,有必要弄清当事人的想法。,original_book,,使用原书例句与原书中文译文。,True
n3_0427,0427,N3,5,27,29,一種,いっしゅ,名,一种,一种,くじらは哺乳動物の一種です。,くじらは哺乳動物の一種です。,鲸是一种哺乳动物。,鲸是一种哺乳动物。,original_book,,使用原书例句与原书中文译文。,True
n3_0428,0428,N3,5,27,29,医療,いりょう,名,医疗，治疗,医疗，治疗,患者に医療を施します。,患者に医療を施します。,对患者进行治疗。,对患者进行治疗。,original_book,,使用原书例句与原书中文译文。,True
n3_0429,0429,N3,5,27,29,ウエスト,ウエスト,名,腰，腰部，腰围,腰，腰部，腰围,彼女のウエストは60センチだ。,彼女のウエストは60センチだ。,她的腰围是60厘米。,她的腰围是60厘米。,original_book,,使用原书例句与原书中文译文。,True
n3_0430,0430,N3,5,27,29,失う,うしなう,他五,丢失；丧失,丢失；丧失,父を失った悲しみが消えません。,父を失った悲しみが消えません。,失去父亲的悲伤一直无法消散。,失去父亲的悲伤一直无法消散。,original_book,,使用原书例句与原书中文译文。,True
n3_0431,0431,N3,5,27,29,エネルギー,エネルギー,名,能，能源，能量,能，能源，能量,仕事でエネルギーを消耗します。,仕事でエネルギーを消耗します。,因工作而消耗精力。,因工作而消耗精力。,original_book,,使用原书例句与原书中文译文。,True
n3_0432,0432,N3,5,27,29,遠足,えんそく,名·自サ,远足，徒步旅行,远足，徒步旅行,バスで富士山へ遠足に出かける。,バスで富士山へ遠足に出かける。,乘公交车去富士山远足。,乘公交车去富士山远足。,original_book,,使用原书例句与原书中文译文。,True
n3_0433,0433,N3,5,27,29,応対,おうたい,名·自サ,应对；应酬,应对；应酬,彼は電話の応対が上手です。,彼は電話の応対が上手です。,他很擅长接电话。,他很擅长接电话。,original_book,,使用原书例句与原书中文译文。,True
n3_0434,0434,N3,5,27,29,お気に入り,おきにいり,名,心爱，喜欢；得意,心爱，喜欢；得意,この曲は私のお気に入りの一つだ。,この曲は私のお気に入りの一つだ。,这首歌是我的最爱之一。,这首歌是我的最爱之一。,original_book,,使用原书例句与原书中文译文。,True
n3_0435,0435,N3,5,27,29,お辞儀,おじぎ,名·自サ,敬礼，鞠躬,敬礼，鞠躬,ちょっと御辞儀をして立ち去りました。,ちょっと御辞儀をして立ち去りました。,鞠躬之后离开了。,鞠躬之后离开了。,original_book,,使用原书例句与原书中文译文。,True
n3_0436,0436,N3,5,28,30,お喋り,おしゃべり,名·自サ·形动,闲谈，聊天；健谈,闲谈，聊天；健谈,お喋りしないで早く家へ帰れ。,お喋りしないで早く家へ帰れ。,不要闲聊了，快回家。,不要闲聊了，快回家。,original_book,,使用原书例句与原书中文译文。,True
n3_0437,0437,N3,5,28,30,恐らく,おそらく,副,恐怕；或许,恐怕；或许,今日は恐らく会えるでしょう。,今日は恐らく会えるでしょう。,今天可能碰面。,今天可能碰面。,original_book,,使用原书例句与原书中文译文。,True
n3_0438,0438,N3,5,28,30,替える,かえる,他一,改换，更换,改换，更换,切れた電気の球を替えます。,切れた電気の球を替えます。,更换坏掉的电灯泡。,更换坏掉的电灯泡。,original_book,,使用原书例句与原书中文译文。,True
n3_0439,0439,N3,5,28,30,数える,かぞえる,他一,数；计算,数；计算,端から順に人数を数えます。,端から順に人数を数えます。,从外缘开始按顺序清点人数。,从外缘开始按顺序清点人数。,original_book,,使用原书例句与原书中文译文。,True
n3_0440,0440,N3,5,28,30,兼ねる,かねる,他一,兼带；兼任，兼职；兼作,兼带；兼任，兼职；兼作,父は二つの病院の院長を兼ねています。,父は二つの病院の院長を兼ねています。,父亲兼任两所医院的院长。,父亲兼任两所医院的院长。,original_book,,使用原书例句与原书中文译文。,True
n3_0441,0441,N3,5,28,30,科目,かもく,名,科目；学科,科目；学科,植物は学問上たくさんの科目に分類されています。,植物は学問上たくさんの科目に分類されています。,植物这门学问被分为众多科目。,植物这门学问被分为众多科目。,original_book,,使用原书例句与原书中文译文。,True
n3_0442,0442,N3,5,28,30,空,から,名·接头,空的,空的,財布も空になりました。习题：飲み終わったら、 になったビンをこちらに1.あき 2.なし3.すき 4.から解析：答案是4。选项1「あき」意为“空隙”。选项2「な,財布も空になりました。,钱包也空了。捨ててください。し」意为“没有”。选项3「すき」意为“间隙”。选项4「から」意为“空”。,钱包也空了。,data_cleaned,数据提取清理,移除误并入例句的习题、选项和解析文本。,True
n3_0443,0443,N3,5,28,30,カラー,カラー,名,领子,领子,ワイシャツのカラーがちょっと汚れています。,ワイシャツのカラーがちょっと汚れています。,衬衫的领子有点儿脏。,衬衫的领子有点儿脏。,original_book,,使用原书例句与原书中文译文。,True
n3_0444,0444,N3,5,28,30,カラー,カラー,名,色彩；特色,色彩；特色,自分のパーソナルカラーを決めて個性を発揮する。,自分のパーソナルカラーを決めて個性を発揮する。,确定自己的专属颜色，发挥个性。,确定自己的专属颜色，发挥个性。,original_book,,使用原书例句与原书中文译文。,True
n3_0445,0445,N3,5,28,30,気圧,きあつ,名,气压,气压,夏は冬より気圧の変動が多いです。,夏は冬より気圧の変動が多いです。,夏天气压变化得比冬天频繁。,夏天气压变化得比冬天频繁。,original_book,,使用原书例句与原书中文译文。,True
n3_0446,0446,N3,5,28,30,キー,キー,名,钥匙；关键,钥匙；关键,自動車のキーを部屋に忘れた。,自動車のキーを部屋に忘れた。,把车钥匙落在房间里了。,把车钥匙落在房间里了。,original_book,,使用原书例句与原书中文译文。,True
n3_0447,0447,N3,5,28,30,キーボード,キーボード,名,键盘,键盘,このキーボードをデスクに置いてみれば、他のキーボードとの違いが一目瞭然です。,このキーボードをデスクに置いてみれば、他のキーボードとの違いが一目瞭然です。,把这个键盘放到桌子上，它和其他键盘的区别就一目了然了。,把这个键盘放到桌子上，它和其他键盘的区别就一目了然了。,original_book,,使用原书例句与原书中文译文。,True
n3_0448,0448,N3,5,28,30,気の毒,きのどく,名·形动,可怜，可悲，悲惨,可怜，可悲，悲惨,私たちはみんな彼を気の毒に思っています。,私たちはみんな彼を気の毒に思っています。,我们都认为他很可怜。,我们都认为他很可怜。,original_book,,使用原书例句与原书中文译文。,True
n3_0449,0449,N3,5,28,30,基盤,きばん,名,基础；底座,基础；底座,工業はまだ基盤が弱いです。,工業はまだ基盤が弱いです。,工业的底子还比较薄弱。,工业的底子还比较薄弱。,original_book,,使用原书例句与原书中文译文。,True
n3_0450,0450,N3,5,28,30,苦情,くじょう,名,抱怨，不满意，意见,抱怨，不满意，意见,製品の品質が悪くて消費者から苦情が絶えません。,製品の品質が悪くて消費者から苦情が絶えません。,商品质量差，消费者投诉不止。,商品质量差，消费者投诉不止。,original_book,,使用原书例句与原书中文译文。,True
n3_0451,0451,N3,5,28,30,組む,くむ,他五,合伙，联合；交叉起来；结成；编,合伙，联合；交叉起来；结成；编,あぐらは 両 足を前に組んで楽な姿勢で座ることです。,あぐらは両足を前に組んで楽な姿勢で座ることです。,盘腿坐姿是指两腿在身前交叉，放松地坐着。,盘腿坐姿是指两腿在身前交叉，放松地坐着。,original_book,,使用原书例句与原书中文译文。,True
n3_0452,0452,N3,5,28,30,グラス,グラス,名,玻璃；玻璃杯,玻璃；玻璃杯,ワイングラスを傾けて一気に飲み干す。,ワイングラスを傾けて一気に飲み干す。,一口气喝干酒杯里的葡萄酒。,一口气喝干酒杯里的葡萄酒。,original_book,,使用原书例句与原书中文译文。,True
n3_0453,0453,N3,5,29,31,形式,けいしき,名,形式，方式,形式，方式,あの教授の研究成果は論文の形式で発表します。,あの教授の研究成果は論文の形式で発表します。,那名教授将以论文的形式发表自己的研究成果。,那名教授将以论文的形式发表自己的研究成果。,original_book,,使用原书例句与原书中文译文。,True
n3_0454,0454,N3,5,29,31,ケース,ケース,名,容器，箱子，盒子；情形，场合,容器，箱子，盒子；情形，场合,これは特殊なケースだ。,これは特殊なケースだ。,这是个特殊案例。,这是个特殊案例。,original_book,,使用原书例句与原书中文译文。,True
n3_0455,0455,N3,5,29,31,下車,げしゃ,名·自サ,下车,下车,この駅で下車するのですか。,この駅で下車するのですか。,是在这一站下车吗？,是在这一站下车吗？,original_book,,使用原书例句与原书中文译文。,True
n3_0456,0456,N3,5,29,31,欠勤,けっきん,名·自サ,缺勤,缺勤,昨日病気で会社を欠勤しました。,昨日病気で会社を欠勤しました。,昨天因为生病没来上班。,昨天因为生病没来上班。,original_book,,使用原书例句与原书中文译文。,True
n3_0457,0457,N3,5,29,31,現代,げんだい,名,现代，现今，当代,现代，现今，当代,現代の日本の姿を自分の目で見てみたいです。,現代の日本の姿を自分の目で見てみたいです。,想亲眼看一看现代日本的风貌。,想亲眼看一看现代日本的风貌。,original_book,,使用原书例句与原书中文译文。,True
n3_0458,0458,N3,5,29,31,憲法,けんぽう,名,宪法,宪法,憲法は他の法律や命令によって変更することはできません。,憲法は他の法律や命令によって変更することはできません。,宪法不因其他法律或命令而改变。,宪法不因其他法律或命令而改变。,original_book,,使用原书例句与原书中文译文。,True
n3_0459,0459,N3,5,29,31,恋,こい,名·自サ,恋爱；爱情,恋爱；爱情,彼を一目見て恋をしてしまいました。,彼を一目見て恋をしてしまいました。,我对他一见钟情了。,我对他一见钟情了。,original_book,,使用原书例句与原书中文译文。,True
n3_0460,0460,N3,5,29,31,恋人,こいびと,名,情人，意中人，（恋爱）对象,情人，意中人，（恋爱）对象,あの女の子はわたしの恋人です。,あの女の子はわたしの恋人です。,那个姑娘是我的恋人。,那个姑娘是我的恋人。,original_book,,使用原书例句与原书中文译文。,True
n3_0461,0461,N3,5,29,31,コイン,コイン,名,硬币,硬币,彼は上着のポケットから一枚のコインを取り出しました。,彼は上着のポケットから一枚のコインを取り出しました。,他从上衣的口袋里取出了一枚硬币。,他从上衣的口袋里取出了一枚硬币。,original_book,,使用原书例句与原书中文译文。,True
n3_0462,0462,N3,5,29,31,コインランドリー,コインランドリー,名,投币式洗衣店,投币式洗衣店,コインランドリーはコインを入れて洗濯機や乾燥機を使わせる店です。,コインランドリーはコインを入れて洗濯機や乾燥機を使わせる店です。,投币式洗衣店是指顾客放入硬币自助洗衣或烘干的店。,投币式洗衣店是指顾客放入硬币自助洗衣或烘干的店。,original_book,,使用原书例句与原书中文译文。,True
n3_0463,0463,N3,5,29,31,交代,こうたい,名·他自サ,交替，替换；轮换,交替，替换；轮换,社員たちは交代で食事をしました。,社員たちは交代で食事をしました。,职员们轮流吃了饭。,职员们轮流吃了饭。,original_book,,使用原书例句与原书中文译文。,True
n3_0464,0464,N3,5,29,31,国立,こくりつ,名,国立,国立,中国の大学はほとんど国立です。,中国の大学はほとんど国立です。,中国的大学多数是公立大学。,中国的大学多数是公立大学。,original_book,,使用原书例句与原书中文译文。,True
n3_0465,0465,N3,5,29,31,凍える,こごえる,自一,冻僵,冻僵,手足が凍えて仕事ができません。,手足が凍えて仕事ができません。,手脚冻僵了，无法工作。,手脚冻僵了，无法工作。,original_book,,使用原书例句与原书中文译文。,True
n3_0466,0466,N3,5,29,31,サーフィン,サーフィン,名,乘冲浪板，冲浪,乘冲浪板，冲浪,サーフィンは夏の風物だ。,サーフィンは夏の風物だ。,冲浪是夏天最常见的运动方式之一。,冲浪是夏天最常见的运动方式之一。,original_book,,使用原书例句与原书中文译文。,True
n3_0467,0467,N3,5,29,31,サイクリング,サイクリング,名,骑自行车旅行,骑自行车旅行,郊外へサイクリングに出かける。,郊外へサイクリングに出かける。,去郊外骑自行车旅行。,去郊外骑自行车旅行。,original_book,,使用原书例句与原书中文译文。,True
n3_0468,0468,N3,5,29,31,最高,さいこう,名,最高；至高无上,最高；至高无上,最高の敬意を表します。,最高の敬意を表します。,表达最高的敬意。,表达最高的敬意。,original_book,,使用原书例句与原书中文译文。,True
n3_0469,0469,N3,5,29,31,財産,ざいさん,名,财产,财产,祖父から受け継いだ財産を大切にしています。,祖父から受け継いだ財産を大切にしています。,珍惜从祖父那里继承的财产。,珍惜从祖父那里继承的财产。,original_book,,使用原书例句与原书中文译文。,True
n3_0470,0470,N3,5,29,31,サイト,サイト,名,地基，用地，地点，位置；站点，网点,地基，用地，地点，位置；站点，网点,宿題のために、いくつかの教育サイトを見た。,宿題のために、いくつかの教育サイトを見た。,为了做家庭作业，我查看了几个教育网站。,为了做家庭作业，我查看了几个教育网站。,original_book,,使用原书例句与原书中文译文。,True
n3_0471,0471,N3,5,30,32,採用,さいよう,名·他サ,录用，任用；采纳（意见或方法）,录用，任用；采纳（意见或方法）,彼女は応募した会社から採用の連絡を受けて喜んでいた。,彼女は応募した会社から採用の連絡を受けて喜んでいた。,她很高兴接到了应聘公司的录用通知。,她很高兴接到了应聘公司的录用通知。,original_book,,使用原书例句与原书中文译文。,True
n3_0472,0472,N3,5,30,32,雑草,ざっそう,名,杂草,杂草,庭に生えた雑草を抜くのは、結構な作業だ。,庭に生えた雑草を抜くのは、結構な作業だ。,拔除院子里长出的杂草是一个辛苦活儿。,拔除院子里长出的杂草是一个辛苦活儿。,original_book,,使用原书例句与原书中文译文。,True
n3_0473,0473,N3,5,30,32,早速,さっそく,副,立刻，马上，赶紧，火速,立刻，马上，赶紧，火速,電話をかけたら早速やって来ました。,電話をかけたら早速やって来ました。,（我）一打电话，（他）就火速地赶来了。,（我）一打电话，（他）就火速地赶来了。,original_book,,使用原书例句与原书中文译文。,True
n3_0474,0474,N3,5,30,32,指示,しじ,名·他サ,指示；命令,指示；命令,明日の予定を指示します。,明日の予定を指示します。,指示明天的安排。,指示明天的安排。,original_book,,使用原书例句与原书中文译文。,True
n3_0475,0475,N3,5,30,32,事情,じじょう,名,情形，情况；理由，原因,情形，情况；理由，原因,どういう事情で会社を辞めたんですか。,どういう事情で会社を辞めたんですか。,为什么辞职了呢？,为什么辞职了呢？,original_book,,使用原书例句与原书中文译文。,True
n3_0476,0476,N3,5,30,32,システム,システム,名,组织；系统，体系；机构,组织；系统，体系；机构,会社の指揮のシステムはうまく纏まっている。,会社の指揮のシステムはうまく纏まっている。,公司的指挥系统非常完备。,公司的指挥系统非常完备。,original_book,,使用原书例句与原书中文译文。,True
n3_0477,0477,N3,5,30,32,自然,しぜん,名·形动·副,自然；自然界；理所当然,自然；自然界；理所当然,この地域は美しい自然に囲まれています。,この地域は美しい自然に囲まれています。,这里被美丽的大自然环抱。,这里被美丽的大自然环抱。,original_book,,使用原书例句与原书中文译文。,True
n3_0478,0478,N3,5,30,32,時速,じそく,名,时速,时速,この新幹線は時速がどのぐらいですか。,この新幹線は時速がどのぐらいですか。,这趟新干线列车的时速是多少？,这趟新干线列车的时速是多少？,original_book,,使用原书例句与原书中文译文。,True
n3_0479,0479,N3,5,30,32,地味,じみ,名·形动,朴素，质朴,朴素，质朴,彼の生活はきわめて地味でした。,彼の生活はきわめて地味でした。,他的生活相当简朴。,他的生活相当简朴。,original_book,,使用原书例句与原书中文译文。,True
n3_0480,0480,N3,5,30,32,住居,じゅうきょ,名,住所，住宅,住所，住宅,他人の住居に侵入します。,他人の住居に侵入します。,擅闯他人住所。,擅闯他人住所。,original_book,,使用原书例句与原书中文译文。,True
n3_0481,0481,N3,5,30,32,順,じゅん,名,顺序；次序,顺序；次序,順を追って経過を説明します。,順を追って経過を説明します。,按顺序说明事情经过。,按顺序说明事情经过。,original_book,,使用原书例句与原书中文译文。,True
n3_0482,0482,N3,5,30,32,循環,じゅんかん,名·自サ,循环,循环,血液が体内を循環します。,血液が体内を循環します。,血液在体内循环。,血液在体内循环。,original_book,,使用原书例句与原书中文译文。,True
n3_0483,0483,N3,5,30,32,順序,じゅんじょ,名,顺序,顺序,作業の順序を間違えないように注意してください。,作業の順序を間違えないように注意してください。,请注意不要弄错操作的顺序。,请注意不要弄错操作的顺序。,original_book,,使用原书例句与原书中文译文。,True
n3_0484,0484,N3,5,30,32,商品,しょうひん,名,商品，货品,商品，货品,あの店はこの種の商品を取り扱います。,あの店はこの種の商品を取り扱います。,那家店经营这类商品。,那家店经营这类商品。,original_book,,使用原书例句与原书中文译文。,True
n3_0485,0485,N3,5,30,32,証明,しょうめい,名·他サ,证明,证明,この事実は彼の理論をはっきりと証明しました。,この事実は彼の理論をはっきりと証明しました。,这个事实充分证明了他的理论。,这个事实充分证明了他的理论。,original_book,,使用原书例句与原书中文译文。,True
n3_0486,0486,N3,5,30,32,初級,しょきゅう,名,初级,初级,日本語講習の初級クラスで勉強します。,日本語講習の初級クラスで勉強します。,在日语初级班学习。,在日语初级班学习。,original_book,,使用原书例句与原书中文译文。,True
n3_0487,0487,N3,5,30,32,食料,しょくりょう,名,食品，食物,食品，食物,彼らは食 料不足に悩んでいます。,彼らは食料不足に悩んでいます。,他们苦于食物短缺。,他们苦于食物短缺。,original_book,,使用原书例句与原书中文译文。,True
n3_0488,0488,N3,5,30,32,食糧,しょくりょう,名,粮食,粮食,食 糧の備蓄が必要です。,食糧の備蓄が必要です。,要储备粮食。,要储备粮食。,original_book,,使用原书例句与原书中文译文。,True
n3_0489,0489,N3,5,31,33,スマート,スマート,形动,机敏的，矫健的；苗条；潇洒；巧妙,机敏的，矫健的；苗条；潇洒；巧妙,スマートな応答,スマートな応答,机敏的回答,机敏的回答,original_book,,使用原书例句与原书中文译文。,True
n3_0490,0490,N3,5,31,33,精々,せいぜい,副,尽量，尽可能，尽力；最多也，充其量,尽量，尽可能，尽力；最多也，充其量,彼の収 入はせいぜい月に20万円です。,彼の収入はせいぜい月に20万円です。,他的收入最多每月20万日元。,他的收入最多每月20万日元。,original_book,,使用原书例句与原书中文译文。,True
n3_0491,0491,N3,5,31,33,全員,ぜんいん,名,全体人员,全体人员,被災者は全員体育館に収容された。,被災者は全員体育館に収容された。,所有灾民都被收留在体育馆里了。,所有灾民都被收留在体育馆里了。,original_book,,使用原书例句与原书中文译文。,True
n3_0492,0492,N3,5,31,33,選挙,せんきょ,名·他サ,选举,选举,総理大臣は総選挙の前に政府を解散すると決意した。,総理大臣は総選挙の前に政府を解散すると決意した。,总理决定了在选举前解散政府。,总理决定了在选举前解散政府。,original_book,,使用原书例句与原书中文译文。,True
n3_0493,0493,N3,5,31,33,象,ぞう,名,象，大象,象，大象,象は鼻が長い。,象は鼻が長い。,大象鼻子长。,大象鼻子长。,original_book,,使用原书例句与原书中文译文。,True
n3_0494,0494,N3,5,31,33,像,ぞう,名,像；画像；影像,像；画像；影像,この英雄を記念するために、広場の真ん中に彼の像を建てた。,この英雄を記念するために、広場の真ん中に彼の像を建てた。,为了纪念这位英雄，人们在广场中央竖立了他的雕像。,为了纪念这位英雄，人们在广场中央竖立了他的雕像。,original_book,,使用原书例句与原书中文译文。,True
n3_0495,0495,N3,5,31,33,増加,ぞうか,名·自サ,增加，增大,增加，增大,東京の人口は増加する一方です。,東京の人口は増加する一方です。,东京的人口逐年增长。,东京的人口逐年增长。,original_book,,使用原书例句与原书中文译文。,True
n3_0496,0496,N3,5,31,33,送信,そうしん,名·他サ,发送，发射,发送，发射,レポートを完成させたあと、先生にメールで送信した。,レポートを完成させたあと、先生にメールで送信した。,完成论文后，把它用电子邮件发给老师了。,完成论文后，把它用电子邮件发给老师了。,original_book,,使用原书例句与原书中文译文。,True
n3_0497,0497,N3,5,31,33,挿入,そうにゅう,名·他サ,插入,插入,プレゼンテーションには、説明を分かりやすくするために画像を挿入した。,プレゼンテーションには、説明を分かりやすくするために画像を挿入した。,在演示文稿中插入了图像，以便听者更容易理解。,在演示文稿中插入了图像，以便听者更容易理解。,original_book,,使用原书例句与原书中文译文。,True
n3_0498,0498,N3,5,31,33,送料,そうりょう,名,邮费；运费,邮费；运费,ネットで買い物をするときは、送料も考えないといけない。,ネットで買い物をするときは、送料も考えないといけない。,在网上购物时还必须考虑运费。,在网上购物时还必须考虑运费。,original_book,,使用原书例句与原书中文译文。,True
n3_0499,0499,N3,5,31,33,其の為,そのため,接续,为此，因为,为此，因为,彼は病気になった。そのため、今日の会議に出席できません。,彼は病気になった。そのため、今日の会議に出席できません。,"他生病了,因此不能出席今天的会议。","他生病了,因此不能出席今天的会议。",original_book,,使用原书例句与原书中文译文。,True
n3_0500,0500,N3,5,31,33,楽しみ,たのしみ,名,乐趣；期待,乐趣；期待,明日の野球試合を楽しみにしている。,明日の野球試合を楽しみにしている。,期待着明天的棒球比赛。,期待着明天的棒球比赛。,original_book,,使用原书例句与原书中文译文。,True
n3_0501,0501,N3,5,31,33,楽しむ,たのしむ,自他五,享受，欣赏；期待，盼望,享受，欣赏；期待，盼望,子供の成長を楽しむ。,子供の成長を楽しむ。,期待孩子成长。,期待孩子成长。,original_book,,使用原书例句与原书中文译文。,True
n3_0502,0502,N3,5,31,33,束,たば,名,把，捆，束,把，捆，束,雑誌を束にして棚に置きました。,雑誌を束にして棚に置きました。,把杂志捆起来放到架子上了。,把杂志捆起来放到架子上了。,original_book,,使用原书例句与原书中文译文。,True
n3_0503,0503,N3,5,31,33,チャンス,チャンス,名,机会，良机,机会，良机,こんなチャンスは一生に二度とないだろう。,こんなチャンスは一生に二度とないだろう。,这样的机会这辈子不会再有了吧。,这样的机会这辈子不会再有了吧。,original_book,,使用原书例句与原书中文译文。,True
n3_0504,0504,N3,5,31,33,チャンネル,チャンネル,名,泳道，航道；（广播电视）频道,泳道，航道；（广播电视）频道,3チャンネルで映画を見る。,3チャンネルで映画を見る。,在3频道看电影。,在3频道看电影。,original_book,,使用原书例句与原书中文译文。,True
n3_0505,0505,N3,5,32,34,注,ちゅう,名,注，注解，注释,注，注解，注释,彼は重要な点に注をつけました。,彼は重要な点に注をつけました。,他在重要的地方加了注释。,他在重要的地方加了注释。,original_book,,使用原书例句与原书中文译文。,True
n3_0506,0506,N3,5,32,34,直接,ちょくせつ,名·副,直接,直接,疑問な点は直接私に問い合わせてください。,疑問な点は直接私に問い合わせてください。,如果有疑问，请直接问我。,如果有疑问，请直接问我。,original_book,,使用原书例句与原书中文译文。,True
n3_0507,0507,N3,5,32,34,綱,つな,名,粗绳，绳索；依靠，命脉,粗绳，绳索；依靠，命脉,綱をしっかり握ってください。,綱をしっかり握ってください。,请紧紧抓住绳索。,请紧紧抓住绳索。,original_book,,使用原书例句与原书中文译文。,True
n3_0508,0508,N3,5,32,34,繋ぐ,つなぐ,他五,拴，系；牵，拉,拴，系；牵，拉,友人たちとの強い絆をつなぐために、私たちは毎年同窓会を開催している。,友人たちとの強い絆をつなぐために、私たちは毎年同窓会を開催している。,为了加强与朋友们之间的紧密联系，我们每年都举办同学会。,为了加强与朋友们之间的紧密联系，我们每年都举办同学会。,original_book,,使用原书例句与原书中文译文。,True
n3_0509,0509,N3,5,32,34,停止,ていし,名·自サ,停下；中断，停止,停下；中断，停止,雨が降り始めたので作業を停止しました。,雨が降り始めたので作業を停止しました。,因为下雨了，所以停止了作业。,因为下雨了，所以停止了作业。,original_book,,使用原书例句与原书中文译文。,True
n3_0510,0510,N3,5,32,34,テーマ,テーマ,名,中心思想，主题，题目；主旋律,中心思想，主题，题目；主旋律,論文のテーマは何ですか。,論文のテーマは何ですか。,论文题目是什么？,论文题目是什么？,original_book,,使用原书例句与原书中文译文。,True
n3_0511,0511,N3,5,32,34,通る,とおる,自五,通过，穿过；通过（考核、审查）,通过，穿过；通过（考核、审查）,この道は、夜あまり自動車が通らない。,この道は、夜あまり自動車が通らない。,这条路晚上没什么车辆通行。,这条路晚上没什么车辆通行。,original_book,,使用原书例句与原书中文译文。,True
n3_0512,0512,N3,5,32,34,なだらか,なだらか,形动,平缓；平稳，顺利；流畅，流利,平缓；平稳，顺利；流畅，流利,なだらかに事が運ぶことを願っている。,なだらかに事が運ぶことを願っている。,祈祷一切顺利。,祈祷一切顺利。,original_book,,使用原书例句与原书中文译文。,True
n3_0513,0513,N3,5,32,34,何分,なにぶん,名·副,多少，若干；毕竟,多少，若干；毕竟,何分のご援助をお願いしたいのですが。,何分のご援助をお願いしたいのですが。,请多少提供一下援助。,请多少提供一下援助。,original_book,,使用原书例句与原书中文译文。,True
n3_0514,0514,N3,5,32,34,悩み,なやみ,名,烦恼,烦恼,進路に関する悩みが多い。,進路に関する悩みが多い。,关于将来的路怎么走，我有很多烦恼。,关于将来的路怎么走，我有很多烦恼。,original_book,,使用原书例句与原书中文译文。,True
n3_0515,0515,N3,5,32,34,悩む,なやむ,自五,烦恼，苦恼,烦恼，苦恼,進学か就 職かで悩む。,進学か就職かで悩む。,是升学还是就业，让人苦恼。,是升学还是就业，让人苦恼。,original_book,,使用原书例句与原书中文译文。,True
n3_0516,0516,N3,5,32,34,にっこり,にっこり,副·自サ,笑嘻嘻地，嫣然一笑,笑嘻嘻地，嫣然一笑,にっこりと笑いかけた。,にっこりと笑いかけた。,微笑示意。,微笑示意。,original_book,,使用原书例句与原书中文译文。,True
n3_0517,0517,N3,5,32,34,睨む,にらむ,他五,盯视；瞪眼，怒目而视；注视，仔细观察,盯视；瞪眼，怒目而视；注视，仔细观察,彼は怒って私を睨みました。,彼は怒って私を睨みました。,他生气地瞪了我一眼。,他生气地瞪了我一眼。,original_book,,使用原书例句与原书中文译文。,True
n3_0518,0518,N3,5,32,34,年度,ねんど,名,年度；年，届,年度；年，届,年度が変ったので免許を更新してください。,年度が変ったので免許を更新してください。,进入新的一年了，请更新执照。,进入新的一年了，请更新执照。,original_book,,使用原书例句与原书中文译文。,True
n3_0519,0519,N3,5,32,34,伸びる,のびる,自一,伸长，变长；舒展；到达；扩大，增加,伸长，变长；舒展；到达；扩大，增加,彼の背がまた伸びました。,彼の背がまた伸びました。,他的个子又长高了。,他的个子又长高了。,original_book,,使用原书例句与原书中文译文。,True
n3_0520,0520,N3,5,32,34,載る,のる,自五,放（着）；登载，记载；载，装,放（着）；登载，记载；载，装,ピアノの上に一輪挿しが載っている。,ピアノの上に一輪挿しが載っている。,钢琴上放着一个小花瓶。,钢琴上放着一个小花瓶。,original_book,,使用原书例句与原书中文译文。,True
n3_0521,0521,N3,5,33,35,馬鹿らしい,ばからしい,形,愚蠢的；无聊的,愚蠢的；无聊的,彼に忠告するのはばからしい。,彼に忠告するのはばからしい。,给他忠告是一个愚蠢的行为。,给他忠告是一个愚蠢的行为。,original_book,,使用原书例句与原书中文译文。,True
n3_0522,0522,N3,5,33,35,パジャマ,パジャマ,名,上衣与裤子分开的睡衣,上衣与裤子分开的睡衣,やわらかな肌触りのパジャマや可愛いパジャマが揃っているので、あなたのお気に入りがきっと見つかる。,やわらかな肌触りのパジャマや可愛いパジャマが揃っているので、あなたのお気に入りがきっと見つかる。,绵软亲肤的、可爱的，各种睡衣应有尽有，你一定会找到自己满意的一款。,绵软亲肤的、可爱的，各种睡衣应有尽有，你一定会找到自己满意的一款。,original_book,,使用原书例句与原书中文译文。,True
n3_0523,0523,N3,5,33,35,外れる,はずれる,自一,脱落，掉下；离开；不中，不准，落空,脱落，掉下；离开；不中，不准，落空,ボタンが一つ外れているよ。,ボタンが一つ外れているよ。,纽扣掉了一个。,纽扣掉了一个。,original_book,,使用原书例句与原书中文译文。,True
n3_0524,0524,N3,5,33,35,裸足,はだし,名,光脚,光脚,家の中では裸足で過ごすことが多い。,家の中では裸足で過ごすことが多い。,我在家里经常光着脚。,我在家里经常光着脚。,original_book,,使用原书例句与原书中文译文。,True
n3_0525,0525,N3,5,33,35,働き者,はたらきもの,名,勤劳的人,勤劳的人,彼女は本当に働き者で、いつも一生懸命だ。,彼女は本当に働き者で、いつも一生懸命だ。,她真的很勤劳，总是很拼命。,她真的很勤劳，总是很拼命。,original_book,,使用原书例句与原书中文译文。,True
n3_0526,0526,N3,5,33,35,バック,バック,名·自サ,背脊；背景；后面，后方；退后,背脊；背景；后面，后方；退后,青空をバックにして建物がくっきり浮かんでいる。,青空をバックにして建物がくっきり浮かんでいる。,以蓝天为背景，建筑物的轮廓分外清晰。,以蓝天为背景，建筑物的轮廓分外清晰。,original_book,,使用原书例句与原书中文译文。,True
n3_0527,0527,N3,5,33,35,パック,パック,名·自サ,包或捆行李；包装（袋）,包或捆行李；包装（袋）,きゅうりを1パック150円で買った。,きゅうりを1パック150円で買った。,花150日元买了一包黄瓜。,花150日元买了一包黄瓜。,original_book,,使用原书例句与原书中文译文。,True
n3_0528,0528,N3,5,33,35,比較,ひかく,名·他サ,比，比较,比，比较,この二つは比較にならない。,この二つは比較にならない。,这两者无法比较。,这两者无法比较。,original_book,,使用原书例句与原书中文译文。,True
n3_0529,0529,N3,5,33,35,ビジネス,ビジネス,名,事务，工作；实业，商业,事务，工作；实业，商业,彼は新しいビジネスを始めるために資金を集めています。,彼は新しいビジネスを始めるために資金を集めています。,他正在筹集资金以启动新业务。,他正在筹集资金以启动新业务。,original_book,,使用原书例句与原书中文译文。,True
n3_0530,0530,N3,5,33,35,ピストル,ピストル,名,手枪,手枪,警察は容疑者に向かってピストルを構えました。,警察は容疑者に向かってピストルを構えました。,警察举起手枪对准了嫌疑人。,警察举起手枪对准了嫌疑人。,original_book,,使用原书例句与原书中文译文。,True
n3_0531,0531,N3,5,33,35,ビタミン,ビタミン,名,维生素,维生素,食物のビタミンを破壊する。,食物のビタミンを破壊する。,破坏食物的维生素。,破坏食物的维生素。,original_book,,使用原书例句与原书中文译文。,True
n3_0532,0532,N3,5,33,35,左手,ひだりて,名,左手；左边,左手；左边,左手に丘が見える。,左手に丘が見える。,左手边有一座小山。,左手边有一座小山。,original_book,,使用原书例句与原书中文译文。,True
n3_0533,0533,N3,5,33,35,ファスナー,ファスナー,名,拉链,拉链,財布のファスナーを開ける。,財布のファスナーを開ける。,拉开钱包的拉链。,拉开钱包的拉链。,original_book,,使用原书例句与原书中文译文。,True
n3_0534,0534,N3,5,33,35,ファッション,ファッション,名,时尚，流行,时尚，流行,長めの服がこの秋のファッションです。,長めの服がこの秋のファッションです。,今年秋季流行长款衣服。,今年秋季流行长款衣服。,original_book,,使用原书例句与原书中文译文。,True
n3_0535,0535,N3,5,33,35,符号,ふごう,名,符号，记号,符号，记号,星印の符号をつけてください。,星印の符号をつけてください。,请做星号标记。,请做星号标记。,original_book,,使用原书例句与原书中文译文。,True
n3_0536,0536,N3,5,33,35,ブザー,ブザー,名,蜂鸣器，信号器，电铃,蜂鸣器，信号器，电铃,ほら、ブザーが鳴っている。,ほら、ブザーが鳴っている。,听，警铃在响。,听，警铃在响。,original_book,,使用原书例句与原书中文译文。,True
n3_0537,0537,N3,5,33,35,ふざける,ふざける,自一,开玩笑，戏谑；愚弄，戏弄；调戏,开玩笑，戏谑；愚弄，戏弄；调戏,ふざけて言ったんですよ。,ふざけて言ったんですよ。,我乱说的。,我乱说的。,original_book,,使用原书例句与原书中文译文。,True
n3_0538,0538,N3,5,34,36,変更,へんこう,名·他サ,变更，更改，改变,变更，更改，改变,年を取るにつれて彼も主義を徐々に変更した。,年を取るにつれて彼も主義を徐々に変更した。,随着年龄增长，他的想法也渐渐发生了变化。,随着年龄增长，他的想法也渐渐发生了变化。,original_book,,使用原书例句与原书中文译文。,True
n3_0539,0539,N3,5,34,36,放る·抛る,ほうる,他五,抛，扔弃；置之不顾，丢开，放弃,抛，扔弃；置之不顾，丢开，放弃,硬貨をほうって行くかどうか決めた。,硬貨をほうって行くかどうか決めた。,抛硬币决定是去还是不去。,抛硬币决定是去还是不去。,original_book,,使用原书例句与原书中文译文。,True
n3_0540,0540,N3,5,34,36,ボート,ボート,名,小船,小船,ボートで川を下った。,ボートで川を下った。,乘船沿河而下。,乘船沿河而下。,original_book,,使用原书例句与原书中文译文。,True
n3_0541,0541,N3,5,34,36,ボード,ボード,名,板,板,耐火ボードを買い入れる。,耐火ボードを買い入れる。,买防火板。,买防火板。,original_book,,使用原书例句与原书中文译文。,True
n3_0542,0542,N3,5,34,36,ボーナス,ボーナス,名,奖金；额外津贴,奖金；额外津贴,ボーナスは年に二度支給される。,ボーナスは年に二度支給される。,一年发两次奖金。,一年发两次奖金。,original_book,,使用原书例句与原书中文译文。,True
n3_0543,0543,N3,5,34,36,迷子,まいご,名,迷路；走失的孩子；失踪，下落不明,迷路；走失的孩子；失踪，下落不明,迷子のご案内を申し上げます。,迷子のご案内を申し上げます。,现在广播寻人。,现在广播寻人。,original_book,,使用原书例句与原书中文译文。,True
n3_0544,0544,N3,5,34,36,マイナス,マイナス,名·他サ,负数，减；零下；亏损，不合算,负数，减；零下；亏损，不合算,音楽会の収支はプラスでもマイナスでもなかった。,音楽会の収支はプラスでもマイナスでもなかった。,音乐会没赚没赔。,音乐会没赚没赔。,original_book,,使用原书例句与原书中文译文。,True
n3_0545,0545,N3,5,34,36,纏まる·纏る,まとまる,自五,解决；谈妥；凑齐，凑在一起；归纳起来,解决；谈妥；凑齐，凑在一起；归纳起来,明日出発することで話がまとまった。,明日出発することで話がまとまった。,商谈后决定明天出发。,商谈后决定明天出发。,original_book,,使用原书例句与原书中文译文。,True
n3_0546,0546,N3,5,34,36,満ちる,みちる,自一,满，充满；圆，盈；涨；期满，到期,满，充满；圆，盈；涨；期满，到期,自信に満ちた言葉で語る。,自信に満ちた言葉で語る。,自信满满地发言。,自信满满地发言。,original_book,,使用原书例句与原书中文译文。,True
n3_0547,0547,N3,5,34,36,虫歯,むしば,名,虫牙，蛀齿，龋齿,虫牙，蛀齿，龋齿,歯医者さんに虫歯を治してもらった。,歯医者さんに虫歯を治してもらった。,请牙医医治了蛀牙。,请牙医医治了蛀牙。,original_book,,使用原书例句与原书中文译文。,True
n3_0548,0548,N3,5,34,36,矛盾,むじゅん,名·自サ,矛盾,矛盾,矛盾を解決するために、双方が話し合いました。,矛盾を解決するために、双方が話し合いました。,为了解决矛盾，双方进行了商谈。,为了解决矛盾，双方进行了商谈。,original_book,,使用原书例句与原书中文译文。,True
n3_0549,0549,N3,5,34,36,文字,もじ,名,字；文字,字；文字,この文を文字通り英訳しなさい。,この文を文字通り英訳しなさい。,请将这个句子按字面意思翻译成英语。,请将这个句子按字面意思翻译成英语。,original_book,,使用原书例句与原书中文译文。,True
n3_0550,0550,N3,5,34,36,もじゃもじゃ,もじゃもじゃ,名·形动·自サ,乱蓬蓬,乱蓬蓬,彼女は髪がもじゃもじゃになった。,彼女は髪がもじゃもじゃになった。,她的头发乱蓬蓬的。,她的头发乱蓬蓬的。,original_book,,使用原书例句与原书中文译文。,True
n3_0551,0551,N3,5,34,36,物置,ものおき,名,库房,库房,使わなくなった物は物置にしまっておく。,使わなくなった物は物置にしまっておく。,东西不用了就收到库房里去。,东西不用了就收到库房里去。,original_book,,使用原书例句与原书中文译文。,True
n3_0552,0552,N3,5,34,36,物差し·物指し,ものさし,词,标尺；尺度；标准,标尺；尺度；标准,この図面の寸法をものさしで測る必要がある。,この図面の寸法をものさしで測る必要がある。,需要用尺子测量这张图纸的尺寸。,需要用尺子测量这张图纸的尺寸。,original_book,,使用原书例句与原书中文译文。,True
n3_0553,0553,N3,5,34,36,物凄い,ものすごい,形,可怕，令人害怕；惊人，猛烈，不得了,可怕，令人害怕；惊人，猛烈，不得了,物凄いスピードで走る。,物凄いスピードで走る。,以惊人的速度行驶。,以惊人的速度行驶。,original_book,,使用原书例句与原书中文译文。,True
n3_0554,0554,N3,5,34,36,雇う,やとう,他五,雇，雇用；租,雇，雇用；租,あの会社に運転手として雇われている。,あの会社に運転手として雇われている。,被那个公司聘为司机。,被那个公司聘为司机。,original_book,,使用原书例句与原书中文译文。,True
n3_0555,0555,N3,5,35,37,油断,ゆだん,名·自サ,疏忽大意，麻痹大意,疏忽大意，麻痹大意,あの人はいつも油断がない。,あの人はいつも油断がない。,那个人从不疏忽。,那个人从不疏忽。,original_book,,使用原书例句与原书中文译文。,True
n3_0556,0556,N3,5,35,37,漸く,ようやく,副,渐渐，好（不）容易，勉勉强强,渐渐，好（不）容易，勉勉强强,ようやく列車に間に合った。,ようやく列車に間に合った。,终于赶上了列车。,终于赶上了列车。,original_book,,使用原书例句与原书中文译文。,True
n3_0557,0557,N3,5,35,37,ヨット,ヨット,名,快艇，帆船,快艇，帆船,ヨット遊びに行く。,ヨット遊びに行く。,乘快艇出游。,乘快艇出游。,original_book,,使用原书例句与原书中文译文。,True
n3_0558,0558,N3,5,35,37,呼び掛ける,よびかける,他一,招呼；呼唤；号召,招呼；呼唤；号召,若者たちに無謀な登山をしないよう呼び掛けた。,若者たちに無謀な登山をしないよう呼び掛けた。,呼吁年轻人不要没有准备地去登山了。,呼吁年轻人不要没有准备地去登山了。,original_book,,使用原书例句与原书中文译文。,True
n3_0559,0559,N3,5,35,37,リスク,リスク,名,风险，危险,风险，危险,資産を分散投資してリスクの低減を図る。,資産を分散投資してリスクの低減を図る。,分散投资以求降低风险。,分散投资以求降低风险。,original_book,,使用原书例句与原书中文译文。,True
n3_0560,0560,N3,5,35,37,連想,れんそう,名·他サ,联想,联想,4月というと桜を連想する。,4月というと桜を連想する。,一提到4月，人们就会联想到樱花。,一提到4月，人们就会联想到樱花。,original_book,,使用原书例句与原书中文译文。,True
n3_0561,0561,N3,5,35,37,論,ろん,名,讨论，议论，争论，争辩；意见，见解，看法,讨论，议论，争论，争辩；意见，见解，看法,その問題についての彼の論は非常に説得力があります。,その問題についての彼の論は非常に説得力があります。,他对那个问题的论点非常有说服力。,他对那个问题的论点非常有说服力。,original_book,,使用原书例句与原书中文译文。,True
n3_0562,0562,N3,5,35,37,渡す,わたす,他五,渡河；架，搭；交，付,渡河；架，搭；交，付,彼は会長の座をだれにも渡すまいとしている。,彼は会長の座をだれにも渡すまいとしている。,他不会将会长的位置让给任何人。,他不会将会长的位置让给任何人。,original_book,,使用原书例句与原书中文译文。,True
n3_0563,0563,N3,5,35,37,割る,わる,自他五,分，切，割；打坏，弄碎；分配,分，切，割；打坏，弄碎；分配,腹立ちまぎれに鏡を粉々に割った。,腹立ちまぎれに鏡を粉々に割った。,气得将镜子打得粉碎。,气得将镜子打得粉碎。,original_book,,使用原书例句与原书中文译文。,True
n3_0564,0564,N3,6,36,38,あいにく,あいにく,副·形动,不凑巧，偏巧,不凑巧，偏巧,あいにく雨が降り出しました。,あいにく雨が降り出しました。,不巧，下雨了。,不巧，下雨了。,original_book,,使用原书例句与原书中文译文。,True
n3_0565,0565,N3,6,36,38,アイロン,アイロン,名,熨斗,熨斗,この生地はアイロンがきかないです。,この生地はアイロンがきかないです。,这个材质熨烫不出效果。,这个材质熨烫不出效果。,original_book,,使用原书例句与原书中文译文。,True
n3_0566,0566,N3,6,36,38,握手,あくしゅ,名·自サ,握手,握手,さあ、握手しよう。,さあ、握手しよう。,来，握个手吧。,来，握个手吧。,original_book,,使用原书例句与原书中文译文。,True
n3_0567,0567,N3,6,36,38,アクション,アクション,名,行动，活动，动作,行动，活动，动作,彼は問題を解決するために迅速なアクションを取りました。,彼は問題を解決するために迅速なアクションを取りました。,为了解决问题，他迅速地采取了行动。,为了解决问题，他迅速地采取了行动。,original_book,,使用原书例句与原书中文译文。,True
n3_0568,0568,N3,6,36,38,当たる,あたる,自五,碰上，撞上；命中，猜对；相当于,碰上，撞上；命中，猜对；相当于,飛んできたボールが頭に当たりました。,飛んできたボールが頭に当たりました。,被飞来的球砸中了头。,被飞来的球砸中了头。,original_book,,使用原书例句与原书中文译文。,True
n3_0569,0569,N3,6,36,38,以後,いご,名,今后，以后，将来；（在某个时期）之后，以后,今后，以后，将来；（在某个时期）之后，以后,以後は班別に行動します。,以後は班別に行動します。,接下来以班为单位行动。,接下来以班为单位行动。,original_book,,使用原书例句与原书中文译文。,True
n3_0570,0570,N3,6,36,38,医師,いし,名,医生，大夫,医生，大夫,彼は医師の資格を持っているにもかかわらず、レントゲン技師になった。,彼は医師の資格を持っているにもかかわらず、レントゲン技師になった。,他尽管有医师资格证，却成了一名放射技师。,他尽管有医师资格证，却成了一名放射技师。,original_book,,使用原书例句与原书中文译文。,True
n3_0571,0571,N3,6,36,38,意地悪,いじわる,名·形动,刁难，捉弄，作难；心眼儿坏（的人）,刁难，捉弄，作难；心眼儿坏（的人）,あんな意地悪はほかにはいません。,あんな意地悪はほかにはいません。,再没有那么坏心眼儿的人了。,再没有那么坏心眼儿的人了。,original_book,,使用原书例句与原书中文译文。,True
n3_0572,0572,N3,6,36,38,埋める,うめる,他一,填；埋入，掩埋,填；埋入，掩埋,海を埋めて陸地をつくります。,海を埋めて陸地をつくります。,填海造地。,填海造地。,original_book,,使用原书例句与原书中文译文。,True
n3_0573,0573,N3,6,36,38,援助,えんじょ,名·他サ,援助，支援，帮助,援助，支援，帮助,幸い友人が援助してくれたので助かりました。,幸い友人が援助してくれたので助かりました。,幸亏有朋友相助，我得救了。,幸亏有朋友相助，我得救了。,original_book,,使用原书例句与原书中文译文。,True
n3_0574,0574,N3,6,36,38,応用,おうよう,名·他サ,应用，适用；实用，运用，利用,应用，适用；实用，运用，利用,その発明は応用範囲が広いです。,その発明は応用範囲が広いです。,那项发明应用范围很广。,那项发明应用范围很广。,original_book,,使用原书例句与原书中文译文。,True
n3_0575,0575,N3,6,36,38,オーケストラ,オーケストラ,名,管弦乐；管弦乐团，交响乐团,管弦乐；管弦乐团，交响乐团,この楽団は、日本を代表するオーケストラとして国内外を問わず各方面より高い評価を得ている。,この楽団は、日本を代表するオーケストラとして国内外を問わず各方面より高い評価を得ている。,这个乐团作为代表日本的管弦乐团，在国内外都受到各界好评。,这个乐团作为代表日本的管弦乐团，在国内外都受到各界好评。,original_book,,使用原书例句与原书中文译文。,True
n3_0576,0576,N3,6,36,38,オーストラリア,オーストラリア,名,澳大利亚,澳大利亚,オーストラリアのシドニーは私の憧れの都市である。,オーストラリアのシドニーは私の憧れの都市である。,澳大利亚的悉尼是我向往已久的城市。,澳大利亚的悉尼是我向往已久的城市。,original_book,,使用原书例句与原书中文译文。,True
n3_0577,0577,N3,6,37,39,オートメーション,オートメーション,名,自动化,自动化,昨日、友だちに最新のオートメーション工場を案内してもらった。,昨日、友だちに最新のオートメーション工場を案内してもらった。,昨天，朋友带我参观了最新的自动化工厂。,昨天，朋友带我参观了最新的自动化工厂。,original_book,,使用原书例句与原书中文译文。,True
n3_0578,0578,N3,6,37,39,押さえる,おさえる,他一,压，按；制止,压，按；制止,左手で紙を押さえ、右手で書きます。,左手で紙を押さえ、右手で書きます。,左手按住纸，右手写字。,左手按住纸，右手写字。,original_book,,使用原书例句与原书中文译文。,True
n3_0579,0579,N3,6,37,39,恐ろしい,おそろしい,形,可怕的,可怕的,昨日の 雷 は恐ろしかったです。,昨日の雷は恐ろしかったです。,昨天打雷打得很吓人。,昨天打雷打得很吓人。,original_book,,使用原书例句与原书中文译文。,True
n3_0580,0580,N3,6,37,39,お年玉,おとしだま,名,压岁钱,压岁钱,正月には親戚からお年玉をもらった。,正月には親戚からお年玉をもらった。,过年的时候，亲戚给了我压岁钱。,过年的时候，亲戚给了我压岁钱。,original_book,,使用原书例句与原书中文译文。,True
n3_0581,0581,N3,6,37,39,おまけ,おまけ,名·他サ,减价；赠品，白送,减价；赠品，白送,おもちゃを買ったら、おまけのシールがついてきた。,おもちゃを買ったら、おまけのシールがついてきた。,买玩具获得了附赠的贴纸。,买玩具获得了附赠的贴纸。,original_book,,使用原书例句与原书中文译文。,True
n3_0582,0582,N3,6,37,39,改善,かいぜん,名·他自サ,改善,改善,これ以上改善の余地はほとんどありません。,これ以上改善の余地はほとんどありません。,基本上没有进一步改善的余地了。,基本上没有进一步改善的余地了。,original_book,,使用原书例句与原书中文译文。,True
n3_0583,0583,N3,6,37,39,囲む,かこむ,他五,围上；包围，围绕,围上；包围，围绕,日本は周囲を海に囲まれています。,日本は周囲を海に囲まれています。,日本四面环海。,日本四面环海。,original_book,,使用原书例句与原书中文译文。,True
n3_0584,0584,N3,6,37,39,稼ぐ,かせぐ,他五,赚钱，挣钱；争取，获得,赚钱，挣钱；争取，获得,家庭教師をして学費を稼ぎます。,家庭教師をして学費を稼ぎます。,做家庭教师赚学费。,做家庭教师赚学费。,original_book,,使用原书例句与原书中文译文。,True
n3_0585,0585,N3,6,37,39,感心,かんしん,名·自サ·形动,钦佩，佩服,钦佩，佩服,あの学生の努力には感心しました。,あの学生の努力には感心しました。,那个学生的努力让人钦佩。,那个学生的努力让人钦佩。,original_book,,使用原书例句与原书中文译文。,True
n3_0586,0586,N3,6,37,39,監督,かんとく,名·他サ,监督，监视，督促；导演；领队,监督，监视，督促；导演；领队,黒沢明は日本の最も有名な映画監督です。,黒沢明は日本の最も有名な映画監督です。,黑泽明是日本最有名的电影导演。,黑泽明是日本最有名的电影导演。,original_book,,使用原书例句与原书中文译文。,True
n3_0587,0587,N3,6,37,39,カンニング,カンニング,名·自サ,作弊,作弊,カンニングは受験の時の不正行為です。,カンニングは受験の時の不正行為です。,作弊是指考试时的不正当行为。,作弊是指考试时的不正当行为。,original_book,,使用原书例句与原书中文译文。,True
n3_0588,0588,N3,6,37,39,管理,かんり,名·他サ,管理；管辖,管理；管辖,彼は会社を管理する経験が豊かです。,彼は会社を管理する経験が豊かです。,他管理公司的经验很丰富。,他管理公司的经验很丰富。,original_book,,使用原书例句与原书中文译文。,True
n3_0589,0589,N3,6,37,39,関連,かんれん,名·自サ,关联；联系；有关系,关联；联系；有关系,教育と文化とは関連が深いです。,教育と文化とは関連が深いです。,教育和文化的关系很密切。,教育和文化的关系很密切。,original_book,,使用原书例句与原书中文译文。,True
n3_0590,0590,N3,6,37,39,効く,きく,自五,有效，奏效，见效,有效，奏效，见效,いくら薬を飲んでも効きません。,いくら薬を飲んでも効きません。,吃多少药都不见效。,吃多少药都不见效。,original_book,,使用原书例句与原书中文译文。,True
n3_0591,0591,N3,6,37,39,技師,ぎし,名,工程师，技师,工程师，技师,うちの会社は技師を募集しています。,うちの会社は技師を募集しています。,我们公司正在招聘工程师。,我们公司正在招聘工程师。,original_book,,使用原书例句与原书中文译文。,True
n3_0592,0592,N3,6,37,39,基準,きじゅん,名,标准，基准；规格；准则,标准，基准；规格；准则,機械は一定の基準に合わせて作らなければなりません。,機械は一定の基準に合わせて作らなければなりません。,必须按照一定的标准制作机器。,必须按照一定的标准制作机器。,original_book,,使用原书例句与原书中文译文。,True
n3_0593,0593,N3,6,37,39,傷,きず,名,伤；创伤；瑕疵；缺陷,伤；创伤；瑕疵；缺陷,このリンゴのほとんどは傷がついています。,このリンゴのほとんどは傷がついています。,这个苹果几乎整个表面都有磕碰的痕迹。,这个苹果几乎整个表面都有磕碰的痕迹。,original_book,,使用原书例句与原书中文译文。,True
n3_0594,0594,N3,6,37,39,記入,きにゅう,名·他サ,填入，填写,填入，填写,下の空いているところに名前を記入してください。习题：ご宿泊ですね。では、この欄に、お名前とご住所1.記憶 2.記入3.記念 4.記録解析：答案是2。选项1「記憶する」意为“记忆”。选项,下の空いているところに名前を記入してください。,请在下面空白处签名。と電話番号をご ください。2「記入する」意为“记入，填上，写上”。选项3「記念する」意为“纪念”。选项4「記録する」意为“记录”。,请在下面的空白处填写姓名。,data_cleaned,提取及实质误译,移除误并入的习题文本；「名前を記入」是填写姓名，不是签名。,True
n3_0595,0595,N3,6,38,40,空想,くうそう,名·他サ,空想；幻想；假设，假想,空想；幻想；假设，假想,早く空想から覚めて現実に戻りなさい。,早く空想から覚めて現実に戻りなさい。,赶快从幻想回到现实吧。,赶快从幻想回到现实吧。,original_book,,使用原书例句与原书中文译文。,True
n3_0596,0596,N3,6,38,40,工夫,くふう,名·他サ,设法，想办法；开动脑筋,设法，想办法；开动脑筋,お菓子のメーカーではいろいろな工夫をして新しい商品の開発をしています。,お菓子のメーカーではいろいろな工夫をして新しい商品の開発をしています。,点心制造商下很多功夫开发新商品。,点心制造商下很多功夫开发新商品。,original_book,,使用原书例句与原书中文译文。,True
n3_0597,0597,N3,6,38,40,グリーン,グリーン,名,绿色,绿色,グリーンのスカートを穿いた女の子が社長のお子さんです。,グリーンのスカートを穿いた女の子が社長のお子さんです。,身着绿色短裙的女孩儿是总经理的孩子。,身着绿色短裙的女孩儿是总经理的孩子。,original_book,,使用原书例句与原书中文译文。,True
n3_0598,0598,N3,6,38,40,グレー,グレー,名,灰色,灰色,昨日、娘とデパートでグレーのコートを買いました。,昨日、娘とデパートでグレーのコートを買いました。,昨天，和女儿在商场买了件灰色的外衣。,昨天，和女儿在商场买了件灰色的外衣。,original_book,,使用原书例句与原书中文译文。,True
n3_0599,0599,N3,6,38,40,削る,けずる,他五,削；刨；削减,削；刨；削减,木を削って人形を作ります。,木を削って人形を作ります。,削木头做玩偶。,削木头做玩偶。,original_book,,使用原书例句与原书中文译文。,True
n3_0600,0600,N3,6,38,40,蹴る,ける,他五,踢,踢,この馬は人を蹴る癖があります。,この馬は人を蹴る癖があります。,这匹马有踢人的毛病。,这匹马有踢人的毛病。,original_book,,使用原书例句与原书中文译文。,True
n3_0601,0601,N3,6,38,40,券,けん,名,票，券,票，券,友達からダンスパーティーの券を三枚もらいました。,友達からダンスパーティーの券を三枚もらいました。,朋友给了我三张舞会门票。,朋友给了我三张舞会门票。,original_book,,使用原书例句与原书中文译文。,True
n3_0602,0602,N3,6,38,40,現状,げんじょう,名,现状,现状,現状のままで結構です。,現状のままで結構です。,维持现状就可以了。,维持现状就可以了。,original_book,,使用原书例句与原书中文译文。,True
n3_0603,0603,N3,6,38,40,謙遜,けんそん,名·他サ,谦逊，谦虚，自谦,谦逊，谦虚，自谦,彼は謙遜して黙っているのです。,彼は謙遜して黙っているのです。,他很谦虚，一言不发。,他很谦虚，一言不发。,original_book,,使用原书例句与原书中文译文。,True
n3_0604,0604,N3,6,38,40,懸命,けんめい,名·形动,拼命，奋力，竭尽全力,拼命，奋力，竭尽全力,店員は新製品の良さを懸命に説明しています。,店員は新製品の良さを懸命に説明しています。,店员在竭力介绍新商品的卖点。,店员在竭力介绍新商品的卖点。,original_book,,使用原书例句与原书中文译文。,True
n3_0605,0605,N3,6,38,40,講師,こうし,名,讲师,讲师,あの先生はこの大学の専任講師ではないようです。,あの先生はこの大学の専任講師ではないようです。,那个老师好像不是这所学校的专职教师。,那个老师好像不是这所学校的专职教师。,original_book,,使用原书例句与原书中文译文。,True
n3_0606,0606,N3,6,38,40,漕ぐ,こぐ,他五,划；蹬；打，荡,划；蹬；打，荡,力 いっぱい船を漕ぎます。,力いっぱい船を漕ぎます。,尽全力划船。,尽全力划船。,original_book,,使用原书例句与原书中文译文。,True
n3_0607,0607,N3,6,38,40,好む,このむ,他五,爱好，喜欢,爱好，喜欢,幼いころから学問を好みました。,幼いころから学問を好みました。,从小爱学习。,从小爱学习。,original_book,,使用原书例句与原书中文译文。,True
n3_0608,0608,N3,6,38,40,これまで,これまで,词,（连语）从前，以往，以前，过去,（连语）从前，以往，以前，过去,これまでずっと重視してきました。,これまでずっと重視してきました。,迄今为止一直非常重视。,迄今为止一直非常重视。,original_book,,使用原书例句与原书中文译文。,True
n3_0609,0609,N3,6,38,40,今回,こんかい,名,此次，此番，这回,此次，此番，这回,今回はじめて出席しました。,今回はじめて出席しました。,这是第一次出席。,这是第一次出席。,original_book,,使用原书例句与原书中文译文。,True
n3_0610,0610,N3,6,38,40,支える,ささえる,他一,支撑；支持,支撑；支持,一家の暮らしを支えます。,一家の暮らしを支えます。,维持一家人的生活。,维持一家人的生活。,original_book,,使用原书例句与原书中文译文。,True
n3_0611,0611,N3,6,38,40,砂漠,さばく,名,沙漠,沙漠,地理の授業で砂漠の環境について学んだ。,地理の授業で砂漠の環境について学んだ。,在地理课上学习了沙漠的环境。,在地理课上学习了沙漠的环境。,original_book,,使用原书例句与原书中文译文。,True
n3_0612,0612,N3,6,38,40,サラダオイル,サラダオイル,名,色拉油,色拉油,ドレッシングを作るためにサラダオイルを少し加えた。,ドレッシングを作るためにサラダオイルを少し加えた。,做沙拉酱时加了一点儿色拉油。,做沙拉酱时加了一点儿色拉油。,original_book,,使用原书例句与原书中文译文。,True
n3_0613,0613,N3,6,38,40,サラダ油,サラダゆ,名,色拉油,色拉油,この料理にはサラダ油を使って炒める。,この料理にはサラダ油を使って炒める。,这道菜用色拉油炒。,这道菜用色拉油炒。,original_book,,使用原书例句与原书中文译文。,True
n3_0614,0614,N3,6,39,41,参考書,さんこうしょ,名,参考书，工具书,参考书，工具书,試験の勉強のために、新しい参考書を買った。,試験の勉強のために、新しい参考書を買った。,为了备考，我买了新的参考书。,为了备考，我买了新的参考书。,original_book,,使用原书例句与原书中文译文。,True
n3_0615,0615,N3,6,39,41,実現,じつげん,名·自他サ,实现,实现,彼の希望はついに実現されました。,彼の希望はついに実現されました。,他的愿望终于实现了。,他的愿望终于实现了。,original_book,,使用原书例句与原书中文译文。,True
n3_0616,0616,N3,6,39,41,蛇口,じゃぐち,名,水龙头,水龙头,蛇口をひねって開けます。,蛇口をひねって開けます。,拧开水龙头。,拧开水龙头。,original_book,,使用原书例句与原书中文译文。,True
n3_0617,0617,N3,6,39,41,終了,しゅうりょう,名·自他サ,终了；做完,终了；做完,手術は無事に終 了しました。,手術は無事に終了しました。,手术成功地结束了。,手术成功地结束了。,original_book,,使用原书例句与原书中文译文。,True
n3_0618,0618,N3,6,39,41,正直,しょうじき,名·形动,正直；老实,正直；老实,正直に言って、困っているのです。,正直に言って、困っているのです。,说实话，我很为难。,说实话，我很为难。,original_book,,使用原书例句与原书中文译文。,True
n3_0619,0619,N3,6,39,41,生じる,しょうじる,自他一,生；长；出生；产生，发生,生；长；出生；产生，发生,危険な事態が生じました。,危険な事態が生じました。,发生了危险的事情。,发生了危险的事情。,original_book,,使用原书例句与原书中文译文。,True
n3_0620,0620,N3,6,39,41,徐々に,じょじょに,副,徐徐，慢慢；逐渐,徐徐，慢慢；逐渐,徐徐に順を追って進みます。,徐徐に順を追って進みます。,按顺序逐渐追上。,按顺序逐渐追上。,original_book,,使用原书例句与原书中文译文。,True
n3_0621,0621,N3,6,39,41,診察,しんさつ,名·他サ,诊察,诊察,医者に診察してもらいます。,医者に診察してもらいます。,找医生看病。,找医生看病。,original_book,,使用原书例句与原书中文译文。,True
n3_0622,0622,N3,6,39,41,数字,すうじ,名,数字,数字,彼は数字に明るい。,彼は数字に明るい。,他擅长和数字打交道。,他擅长和数字打交道。,original_book,,使用原书例句与原书中文译文。,True
n3_0623,0623,N3,6,39,41,少なくとも,すくなくとも,副,至少，最低，最小限度,至少，最低，最小限度,少なくともこれだけは約束する。,少なくともこれだけは約束する。,至少可以承诺这一点。,至少可以承诺这一点。,original_book,,使用原书例句与原书中文译文。,True
n3_0624,0624,N3,6,39,41,生物,せいぶつ,名,生物,生物,人間がまだ知らない生物はたくさん存在しているはずだ。,人間がまだ知らない生物はたくさん存在しているはずだ。,一定还存在人类不知道的好多生物。,一定还存在人类不知道的好多生物。,original_book,,使用原书例句与原书中文译文。,True
n3_0625,0625,N3,6,39,41,性別,せいべつ,名,性别,性别,名前の横に性別を記入してください。,名前の横に性別を記入してください。,请在姓名旁边写上性别。,请在姓名旁边写上性别。,original_book,,使用原书例句与原书中文译文。,True
n3_0626,0626,N3,6,39,41,成立,せいりつ,名·自サ,成立,成立,相談した結果、両者の間に協約が成立した。,相談した結果、両者の間に協約が成立した。,经过商量，双方签订了协议。,经过商量，双方签订了协议。,original_book,,使用原书例句与原书中文译文。,True
n3_0627,0627,N3,6,39,41,背負う,せおう,他五,背；肩负,背；肩负,重いものを背負ってよろよろする。,重いものを背負ってよろよろする。,背着重物走路晃晃悠悠。,背着重物走路晃晃悠悠。,original_book,,使用原书例句与原书中文译文。,True
n3_0628,0628,N3,6,39,41,絶対,ぜったい,名·副,绝对；（后接否定）决（不），决（没有）,绝对；（后接否定）决（不），决（没有）,絶対に間違いありません。大丈夫です。,絶対に間違いありません。大丈夫です。,绝对没问题，放心。,绝对没问题，放心。,original_book,,使用原书例句与原书中文译文。,True
n3_0629,0629,N3,6,39,41,想像,そうぞう,名·他サ,想象,想象,想像したとおりの結果になる。,想像したとおりの結果になる。,结果和想象的一样。,结果和想象的一样。,original_book,,使用原书例句与原书中文译文。,True
n3_0630,0630,N3,6,39,41,ソース,ソース,名,沙司；（西餐用）调味汁,沙司；（西餐用）调味汁,肉にソースをかける。,肉にソースをかける。,往肉上浇调味汁。,往肉上浇调味汁。,original_book,,使用原书例句与原书中文译文。,True
n3_0631,0631,N3,6,39,41,卒業論文,そつぎょうろんぶん,名,毕业论文,毕业论文,大学の卒業論文は、自分の専攻について深く研究する。,大学の卒業論文は、自分の専攻について深く研究する。,大学毕业论文是对自己所学专业的深入研究。,大学毕业论文是对自己所学专业的深入研究。,original_book,,使用原书例句与原书中文译文。,True
n3_0632,0632,N3,6,40,42,卒論,そつろん,名,毕业论文,毕业论文,卒論の締め切りが近づいてきて、焦っている。,卒論の締め切りが近づいてきて、焦っている。,提交毕业论文的截止日期越来越近，我感到焦虑。,提交毕业论文的截止日期越来越近，我感到焦虑。,original_book,,使用原书例句与原书中文译文。,True
n3_0633,0633,N3,6,40,42,外側,そとがわ,名,外部,外部,この建物の外側は緑色で塗られていて、目を引く。,この建物の外側は緑色で塗られていて、目を引く。,这栋楼的外墙被涂成了绿色，很吸引眼球。,这栋楼的外墙被涂成了绿色，很吸引眼球。,original_book,,使用原书例句与原书中文译文。,True
n3_0634,0634,N3,6,40,42,備える·具える,そなえる,自他一,准备；备置，备有；具备，具有,准备；备置，备有；具备，具有,教室にはコンピューターが2台備えてある。,教室にはコンピューターが2台備えてある。,教室里有两台电脑。,教室里有两台电脑。,original_book,,使用原书例句与原书中文译文。,True
n3_0635,0635,N3,6,40,42,染める,そめる,他一,涂（颜色）；染，映,涂（颜色）；染，映,髪を染めるときは、肌に合う色を選ぶことが大切だ。,髪を染めるときは、肌に合う色を選ぶことが大切だ。,染发时要选择适合自己肤色的颜色，这很重要。,染发时要选择适合自己肤色的颜色，这很重要。,original_book,,使用原书例句与原书中文译文。,True
n3_0636,0636,N3,6,40,42,他,た,名,其他人、事、地方；其他的,其他人、事、地方；其他的,他に漏らしてはいけない。,他に漏らしてはいけない。,不可以透露给其他人。,不可以透露给其他人。,original_book,,使用原书例句与原书中文译文。,True
n3_0637,0637,N3,6,40,42,タイ,タイ,名,泰国,泰国,タイの首都はバンコクです。,タイの首都はバンコクです。,泰国的首都是曼谷。,泰国的首都是曼谷。,original_book,,使用原书例句与原书中文译文。,True
n3_0638,0638,N3,6,40,42,第一,だいいち,名·副,第一，最初；主要；首先,第一，最初；主要；首先,安全が第一ですので、注意してください。,安全が第一ですので、注意してください。,安全第一，请小心。,安全第一，请小心。,original_book,,使用原书例句与原书中文译文。,True
n3_0639,0639,N3,6,40,42,叩く,たたく,他五,拍，敲，擂；拍打,拍，敲，擂；拍打,上手に歌を歌ったのでみんな手をたたいた。,上手に歌を歌ったのでみんな手をたたいた。,唱得非常棒，大家都给予了掌声。,唱得非常棒，大家都给予了掌声。,original_book,,使用原书例句与原书中文译文。,True
n3_0640,0640,N3,6,40,42,畳む,たたむ,他五,折叠；关闭；收拾,折叠；关闭；收拾,彼女は洗濯物をきれいに畳みました。,彼女は洗濯物をきれいに畳みました。,她把洗好的衣服叠得整整齐齐的了。,她把洗好的衣服叠得整整齐齐的了。,original_book,,使用原书例句与原书中文译文。,True
n3_0641,0641,N3,6,40,42,立ち上がる,たちあがる,自五,起立；开始，着手；恢复，振作,起立；开始，着手；恢复，振作,そのチームは困難な状 況から立ち上がって、優勝しました。,そのチームは困難な状況から立ち上がって、優勝しました。,那支球队从困境中振作起来，赢得了冠军。,那支球队从困境中振作起来，赢得了冠军。,original_book,,使用原书例句与原书中文译文。,True
n3_0642,0642,N3,6,40,42,忽ち,たちまち,副,立刻，马上，一瞬间；突然，忽然,立刻，马上，一瞬间；突然，忽然,忽ち大粒の雨が降りだした。,忽ち大粒の雨が降りだした。,突然下起了豆大的雨。,突然下起了豆大的雨。,original_book,,使用原书例句与原书中文译文。,True
n3_0643,0643,N3,6,40,42,便り,たより,名,消息，书信,消息，书信,長いこと便りをしない。,長いこと便りをしない。,好久没有联系。,好久没有联系。,original_book,,使用原书例句与原书中文译文。,True
n3_0644,0644,N3,6,40,42,足る,たる,自五,足，够；值得,足，够；值得,彼は信頼するに足る人物だ。,彼は信頼するに足る人物だ。,他值得信赖。,他值得信赖。,original_book,,使用原书例句与原书中文译文。,True
n3_0645,0645,N3,6,40,42,知識,ちしき,名,知识,知识,日々新しい知識を得る。,日々新しい知識を得る。,每天获得新的知识。,每天获得新的知识。,original_book,,使用原书例句与原书中文译文。,True
n3_0646,0646,N3,6,40,42,チップ,チップ,名,茶钱，酒钱；小费,茶钱，酒钱；小费,ボーイに500円チップをやった。,ボーイに500円チップをやった。,给了服务员500日元小费。,给了服务员500日元小费。,original_book,,使用原书例句与原书中文译文。,True
n3_0647,0647,N3,6,40,42,散らかす,ちらかす,他五,弄得乱七八糟，乱扔，乱抛,弄得乱七八糟，乱扔，乱抛,部屋を散らかしっぱなしにしておく。,部屋を散らかしっぱなしにしておく。,把房间弄得乱七八糟，也不收拾。,把房间弄得乱七八糟，也不收拾。,original_book,,使用原书例句与原书中文译文。,True
n3_0648,0648,N3,6,40,42,捕まる,つかまる,自五,被捕；被留住，被拽住；叫到（出租车）,被捕；被留住，被拽住；叫到（出租车）,あの人につかまったら逃げられない。,あの人につかまったら逃げられない。,要是被那个人抓住，就无法脱身了。,要是被那个人抓住，就无法脱身了。,original_book,,使用原书例句与原书中文译文。,True
n3_0649,0649,N3,6,40,42,どうせ,どうせ,副,反正,反正,どうせ誰も気にしないだろうから、私は自分の好きなようにやることにした。,どうせ誰も気にしないだろうから、私は自分の好きなようにやることにした。,反正没人会在意，所以我决定按照自己的方式来做。,反正没人会在意，所以我决定按照自己的方式来做。,original_book,,使用原书例句与原书中文译文。,True
n3_0650,0650,N3,6,41,43,届く,とどく,自五,送到，到达；及，够,送到，到达；及，够,この荷物は明日届く予定です。,この荷物は明日届く予定です。,这个包裹预计明天送达。,这个包裹预计明天送达。,original_book,,使用原书例句与原书中文译文。,True
n3_0651,0651,N3,6,41,43,虎,とら,名,虎，老虎,虎，老虎,大酒を飲んで大虎になる。,大酒を飲んで大虎になる。,喝得酩酊大醉。,喝得酩酊大醉。,original_book,,使用原书例句与原书中文译文。,True
n3_0652,0652,N3,6,41,43,取り消し,とりけし,名,取消，作废,取消，作废,フライトの取り消しにより、私たちは代替の交通手段を探さなければならなくなった。,フライトの取り消しにより、私たちは代替の交通手段を探さなければならなくなった。,由于航班取消，我们不得不寻找替代的交通方式。,由于航班取消，我们不得不寻找替代的交通方式。,original_book,,使用原书例句与原书中文译文。,True
n3_0653,0653,N3,6,41,43,取り消す,とりけす,他五,取消，撤销,取消，撤销,一度申し込むと、あとで取り消すことはできない。,一度申し込むと、あとで取り消すことはできない。,一旦申请就无法取消。,一旦申请就无法取消。,original_book,,使用原书例句与原书中文译文。,True
n3_0654,0654,N3,6,41,43,ナイロン,ナイロン,名,尼龙,尼龙,ナイロンが使われている繊維製品は多い。,ナイロンが使われている繊維製品は多い。,使用尼龙的纤维制品很多。,使用尼龙的纤维制品很多。,original_book,,使用原书例句与原书中文译文。,True
n3_0655,0655,N3,6,41,43,苦手,にがて,名·形动,不善于，不擅长,不善于，不擅长,人とうまく接するのが苦手だ。,人とうまく接するのが苦手だ。,不擅长和别人打交道。,不擅长和别人打交道。,original_book,,使用原书例句与原书中文译文。,True
n3_0656,0656,N3,6,41,43,にこにこ,にこにこ,副·自サ,笑嘻嘻，笑眯眯，微笑,笑嘻嘻，笑眯眯，微笑,嬉しくてにこにこした。,嬉しくてにこにこした。,心里高兴，面露微笑。,心里高兴，面露微笑。,original_book,,使用原书例句与原书中文译文。,True
n3_0657,0657,N3,6,41,43,熱帯,ねったい,名,热带,热带,熱帯果実を食べる。,熱帯果実を食べる。,吃热带水果。,吃热带水果。,original_book,,使用原书例句与原书中文译文。,True
n3_0658,0658,N3,6,41,43,濃度,のうど,名,浓度,浓度,酒のアルコール濃度が高い。,酒のアルコール濃度が高い。,酒的酒精浓度高。,酒的酒精浓度高。,original_book,,使用原书例句与原书中文译文。,True
n3_0659,0659,N3,6,41,43,農薬,のうやく,名,农药,农药,農薬の過剰使用は環境に悪影響を与えます。,農薬の過剰使用は環境に悪影響を与えます。,过度使用农药会对环境产生不良影响。,过度使用农药会对环境产生不良影响。,original_book,,使用原书例句与原书中文译文。,True
n3_0660,0660,N3,6,41,43,灰,はい,名,灰,灰,火山の灰が降ってきた。,火山の灰が降ってきた。,火山灰落了下来。,火山灰落了下来。,original_book,,使用原书例句与原书中文译文。,True
n3_0661,0661,N3,6,41,43,挟む,はさむ,他五,隔；夹，掖；插,隔；夹，掖；插,突然彼が横から口を挟んだ。,突然彼が横から口を挟んだ。,他突然从旁边插了话。,他突然从旁边插了话。,original_book,,使用原书例句与原书中文译文。,True
n3_0662,0662,N3,6,41,43,旗,はた,名,旗，旗帜,旗，旗帜,学校の運動会で各クラスが旗を掲げました。,学校の運動会で各クラスが旗を掲げました。,学校的运动会上，各班都举起了旗子。,学校的运动会上，各班都举起了旗子。,original_book,,使用原书例句与原书中文译文。,True
n3_0663,0663,N3,6,41,43,肌·膚,はだ,名,皮肤，肌肤,皮肤，肌肤,風は肌を刺すように冷たかった。,風は肌を刺すように冷たかった。,寒风刺骨。,寒风刺骨。,original_book,,使用原书例句与原书中文译文。,True
n3_0664,0664,N3,6,41,43,発車,はっしゃ,名·自サ,发车,发车,電車が発車する直前に駅に駆け込んだ。,電車が発車する直前に駅に駆け込んだ。,就在电车即将发车的时候，我跑进了车站。,就在电车即将发车的时候，我跑进了车站。,original_book,,使用原书例句与原书中文译文。,True
n3_0665,0665,N3,6,41,43,発想,はっそう,名·他サ,构思，主意，想法,构思，主意，想法,それは面白い発想だ。,それは面白い発想だ。,那个想法很有意思。,那个想法很有意思。,original_book,,使用原书例句与原书中文译文。,True
n3_0666,0666,N3,6,42,44,ハッピー,ハッピー,形动,幸福的，幸运的,幸福的，幸运的,友達と過ごす時間はいつもハッピーだ。,友達と過ごす時間はいつもハッピーだ。,和朋友一起度过的时间总是让人感到幸福。,和朋友一起度过的时间总是让人感到幸福。,original_book,,使用原书例句与原书中文译文。,True
n3_0667,0667,N3,6,42,44,花柄,はながら,名,花纹，碎花,花纹，碎花,彼女の新しいドレスは可愛らしい花柄が特徴だ。,彼女の新しいドレスは可愛らしい花柄が特徴だ。,她的新连衣裙的特色是有可爱的碎花图案。,她的新连衣裙的特色是有可爱的碎花图案。,original_book,,使用原书例句与原书中文译文。,True
n3_0668,0668,N3,6,42,44,母の日,ははのひ,名,母亲节,母亲节,母の日には母に花束をプレゼントする。,母の日には母に花束をプレゼントする。,母亲节那天，送一束花给母亲。,母亲节那天，送一束花给母亲。,original_book,,使用原书例句与原书中文译文。,True
n3_0669,0669,N3,6,42,44,早め,はやめ,名·形动,提前，提早,提前，提早,早めに出発して、渋滞を避けた。,早めに出発して、渋滞を避けた。,提前出发，避免了陷入拥堵。,提前出发，避免了陷入拥堵。,original_book,,使用原书例句与原书中文译文。,True
n3_0670,0670,N3,6,42,44,ピーク,ピーク,名,山顶，顶点；峰值，最大值,山顶，顶点；峰值，最大值,彼の人気はピークに達した。,彼の人気はピークに達した。,他的人气已经达到顶点了。,他的人气已经达到顶点了。,original_book,,使用原书例句与原书中文译文。,True
n3_0671,0671,N3,6,42,44,ヒーター,ヒーター,名,电热器，加热器，电炉；暖气装置,电热器，加热器，电炉；暖气装置,ヒーターで湯を沸かす。,ヒーターで湯を沸かす。,用电热器烧水。,用电热器烧水。,original_book,,使用原书例句与原书中文译文。,True
n3_0672,0672,N3,6,42,44,額,ひたい,名,额，天庭,额，天庭,額の汗を拭う。,額の汗を拭う。,擦去额头上的汗水。,擦去额头上的汗水。,original_book,,使用原书例句与原书中文译文。,True
n3_0673,0673,N3,6,42,44,表紙,ひょうし,名,封面，书皮，封皮,封面，书皮，封皮,表紙を付ける。,表紙を付ける。,包书皮。,包书皮。,original_book,,使用原书例句与原书中文译文。,True
n3_0674,0674,N3,6,42,44,平等,びょうどう,名·形动,平等，同等,平等，同等,利益を平等に分配する。,利益を平等に分配する。,平均分配利益。,平均分配利益。,original_book,,使用原书例句与原书中文译文。,True
n3_0675,0675,N3,6,42,44,表面,ひょうめん,名,表面,表面,紙の表面はすべすべしているが、裏面はざらざらしている。,紙の表面はすべすべしているが、裏面はざらざらしている。,纸的表面光滑，但背面粗糙。,纸的表面光滑，但背面粗糙。,original_book,,使用原书例句与原书中文译文。,True
n3_0676,0676,N3,6,42,44,笛,ふえ,名,笛子；横笛；哨子,笛子；横笛；哨子,笛を合図に行動する。,笛を合図に行動する。,以哨子为信号采取行动。,以哨子为信号采取行动。,original_book,,使用原书例句与原书中文译文。,True
n3_0677,0677,N3,6,42,44,フェリー,フェリー,名,渡船口；渡船,渡船口；渡船,マカオから香港のフェリーチケットを予約する。,マカオから香港のフェリーチケットを予約する。,预定从澳门到香港的船票。,预定从澳门到香港的船票。,original_book,,使用原书例句与原书中文译文。,True
n3_0678,0678,N3,6,42,44,フランス,フランス,名,法国,法国,フランスは平野もしくは丘 陵地が多く、工業のほか果樹栽培などの農業が盛んです。,フランスは平野もしくは丘陵地が多く、工業のほか果樹栽培などの農業が盛んです。,法国平原和丘陵地带较多，除工业外，果树栽培等农业也很发达。,法国平原和丘陵地带较多，除工业外，果树栽培等农业也很发达。,original_book,,使用原书例句与原书中文译文。,True
n3_0679,0679,N3,6,42,44,フリー,フリー,名·形动,自由；独立；免费,自由；独立；免费,フリーウェアをダウンロードする。,フリーウェアをダウンロードする。,下载免费软件。,下载免费软件。,original_book,,使用原书例句与原书中文译文。,True
n3_0680,0680,N3,6,42,44,平野,へいや,名,平原，平野,平原，平野,国土の20％は平野だ。,国土の20％は平野だ。,国土面积的20%是平原。,国土面积的20%是平原。,original_book,,使用原书例句与原书中文译文。,True
n3_0681,0681,N3,6,42,44,ペーパー,ペーパー,名,纸；文件；论文；广告；报纸,纸；文件；论文；广告；报纸,大学の授業で提出するため、彼は環境問題に関するペーパーを書いている。,大学の授業で提出するため、彼は環境問題に関するペーパーを書いている。,为了提交大学课程的作业，他正在撰写有关环境问题的论文。,为了提交大学课程的作业，他正在撰写有关环境问题的论文。,original_book,,使用原书例句与原书中文译文。,True
n3_0682,0682,N3,6,42,44,方向,ほうこう,名,方向；方针,方向；方针,その車は海岸の方向に走り去った。,その車は海岸の方向に走り去った。,那辆车朝海岸方向驶去了。,那辆车朝海岸方向驶去了。,original_book,,使用原书例句与原书中文译文。,True
n3_0683,0683,N3,6,42,44,防止,ぼうし,名·他サ,防止,防止,交通事故防止に努力する。,交通事故防止に努力する。,致力于防止交通事故的发生。,致力于防止交通事故的发生。,original_book,,使用原书例句与原书中文译文。,True
n3_0684,0684,N3,6,43,45,干す·乾す,ほす,他五,晒；晾；风干；烘干；喝干；弄干,晒；晾；风干；烘干；喝干；弄干,洗濯物を干す。,洗濯物を干す。,晾干衣物。,晾干衣物。,original_book,,使用原书例句与原书中文译文。,True
n3_0685,0685,N3,6,43,45,マーク,マーク,名·他サ,记号，符号；（打）印记，（做）标记；商标,记号，符号；（打）印记，（做）标记；商标,この品にはメーカーのマークがない。,この品にはメーカーのマークがない。,这个商品没有生产厂家的标识。,这个商品没有生产厂家的标识。,original_book,,使用原书例句与原书中文译文。,True
n3_0686,0686,N3,6,43,45,マーケット,マーケット,名·他サ,市场,市场,マーケットで買い物をする。,マーケットで買い物をする。,在市场买东西。,在市场买东西。,original_book,,使用原书例句与原书中文译文。,True
n3_0687,0687,N3,6,43,45,眩しい,まぶしい,形,晃眼，耀眼,晃眼，耀眼,素肌の美しさが目にまぶしかった。,素肌の美しさが目にまぶしかった。,素颜很美，光彩照人。,素颜很美，光彩照人。,original_book,,使用原书例句与原书中文译文。,True
n3_0688,0688,N3,6,43,45,惨め,みじめ,形动,惨，凄惨；悲惨,惨，凄惨；悲惨,まる3年間というもの惨めな暮らしをした。,まる3年間というもの惨めな暮らしをした。,度过了整整三年的悲惨生活。,度过了整整三年的悲惨生活。,original_book,,使用原书例句与原书中文译文。,True
n3_0689,0689,N3,6,43,45,醜い,みにくい,形,丑陋的,丑陋的,人の陰口を言うのは醜いことだ。,人の陰口を言うのは醜いことだ。,在背后说别人坏话是很丑陋的行为。,在背后说别人坏话是很丑陋的行为。,original_book,,使用原书例句与原书中文译文。,True
n3_0690,0690,N3,6,43,45,無駄,むだ,名·形动,徒劳，无用，无益；浪费，白费,徒劳，无用，无益；浪费，白费,彼を説得しようとしても無駄だよ。,彼を説得しようとしても無駄だよ。,就算试图说服他，也是徒劳。,就算试图说服他，也是徒劳。,original_book,,使用原书例句与原书中文译文。,True
n3_0691,0691,N3,6,43,45,名作,めいさく,名,名作，杰出的作品,名作，杰出的作品,その作品は不朽の名作の一つである。,その作品は不朽の名作の一つである。,那是一部不朽之作。,那是一部不朽之作。,original_book,,使用原书例句与原书中文译文。,True
n3_0692,0692,N3,6,43,45,メロン,メロン,名,甜瓜，白兰瓜，华莱氏瓜,甜瓜，白兰瓜，华莱氏瓜,今はメロンの旬です。,今はメロンの旬です。,现在是吃甜瓜的季节。,现在是吃甜瓜的季节。,original_book,,使用原书例句与原书中文译文。,True
n3_0693,0693,N3,6,43,45,物語,ものがたり,名,故事，传说,故事，传说,私はその物語の最後の部分に感動した。,私はその物語の最後の部分に感動した。,故事的最后部分感动了我。,故事的最后部分感动了我。,original_book,,使用原书例句与原书中文译文。,True
n3_0694,0694,N3,6,43,45,物語る,ものがたる,他五,讲，谈,讲，谈,その光景は爆発の凄まじさを物語っていた。,その光景は爆発の凄まじさを物語っていた。,那番情景呈现了爆炸的惨烈程度。,那番情景呈现了爆炸的惨烈程度。,original_book,,使用原书例句与原书中文译文。,True
n3_0695,0695,N3,6,43,45,模様,もよう,名,花样；花纹；图案；情况，情景；实况；有可能,花样；花纹；图案；情况，情景；实况；有可能,彼女の着ているドレスには美しい花の模様が描かれている。,彼女の着ているドレスには美しい花の模様が描かれている。,她穿的连衣裙上画着美丽的花朵图案。,她穿的连衣裙上画着美丽的花朵图案。,original_book,,使用原书例句与原书中文译文。,True
n3_0696,0696,N3,6,43,45,役割,やくわり,名,任务，职务，作用,任务，职务，作用,光は植物の生育に重要な役割を果たす。,光は植物の生育に重要な役割を果たす。,光对植物生长起着重要的作用。,光对植物生长起着重要的作用。,original_book,,使用原书例句与原书中文译文。,True
n3_0697,0697,N3,6,43,45,やり取り,やりとり,名·他サ,互赠，互相交流，交往，交换；争吵；换杯,互赠，互相交流，交往，交换；争吵；换杯,友達とメールで楽しいやり取りをしている。,友達とメールで楽しいやり取りをしている。,正和朋友用短信进行着愉快的互动。,正和朋友用短信进行着愉快的互动。,original_book,,使用原书例句与原书中文译文。,True
n3_0698,0698,N3,6,43,45,やる気,やるき,名,干劲,干劲,新しいプロジェクトに対するやる気が満ち溢れている。,新しいプロジェクトに対するやる気が満ち溢れている。,对新项目充满干劲。,对新项目充满干劲。,original_book,,使用原书例句与原书中文译文。,True
n3_0699,0699,N3,6,43,45,勇気,ゆうき,名,勇气,勇气,新しいことに挑戦するには勇気が必要だ。,新しいことに挑戦するには勇気が必要だ。,尝试新事物需要勇气。,尝试新事物需要勇气。,original_book,,使用原书例句与原书中文译文。,True
n3_0700,0700,N3,6,43,45,友好,ゆうこう,名,友好,友好,二国間の友好関係が強化されている。,二国間の友好関係が強化されている。,双边友好关系正得到加强。,双边友好关系正得到加强。,original_book,,使用原书例句与原书中文译文。,True
n3_0701,0701,N3,6,44,46,郵送,ゆうそう,名·他サ,寄，邮寄,寄，邮寄,書類は別便で郵送します。,書類は別便で郵送します。,文件另外寄送。,文件另外寄送。,original_book,,使用原书例句与原书中文译文。,True
n3_0702,0702,N3,6,44,46,ライン,ライン,名,线；铁路；航道；方针；路线,线；铁路；航道；方针；路线,この品はかろうじて合格ラインに達した。,この品はかろうじて合格ラインに達した。,这个产品好不容易才达到了合格标准。,这个产品好不容易才达到了合格标准。,original_book,,使用原书例句与原书中文译文。,True
n3_0703,0703,N3,6,44,46,両替,りょうがえ,名·他サ,兑换，换钱,兑换，换钱,100ドル札を両替してくださいませんか。,100ドル札を両替してくださいませんか。,您能给我兑换100美元吗？,您能给我兑换100美元吗？,original_book,,使用原书例句与原书中文译文。,True
n3_0704,0704,N3,6,44,46,両国,りょうこく,名,两国,两国,両国の親善のために尽くすつもりだ。,両国の親善のために尽くすつもりだ。,我将致力于两国友好。,我将致力于两国友好。,original_book,,使用原书例句与原书中文译文。,True
n3_0705,0705,N3,6,44,46,ロマンチック,ロマンチック,形动,浪漫的，有情调的,浪漫的，有情调的,何でもロマンチックに考える傾向がある。,何でもロマンチックに考える傾向がある。,他考虑所有问题时都有浪漫主义倾向。,他考虑所有问题时都有浪漫主义倾向。,original_book,,使用原书例句与原书中文译文。,True
n3_0706,0706,N3,6,44,46,湧く·涌く,わく,自五,涌出，冒出，喷出；涌现，产生,涌出，冒出，喷出；涌现，产生,岩の間から清水が湧いている。,岩の間から清水が湧いている。,从岩石缝中涌出清水。,从岩石缝中涌出清水。,original_book,,使用原书例句与原书中文译文。,True
n3_0707,0707,N3,6,44,46,渡る,わたる,自五,渡，过；传入,渡，过；传入,彼女は橋を渡って学校へと向かった。,彼女は橋を渡って学校へと向かった。,她过了桥，向学校走去。,她过了桥，向学校走去。,original_book,,使用原书例句与原书中文译文。,True
n3_0708,0708,N3,7,45,47,アウト,アウト,名,外，外边；失格；出界,外，外边；失格；出界,今のサーブはラインから出たからアウトだ。,今のサーブはラインから出たからアウトだ。,刚才的发球出线了，所以是界外球。,刚才的发球出线了，所以是界外球。,original_book,,使用原书例句与原书中文译文。,True
n3_0709,0709,N3,7,45,47,青,あお,名,青；蓝；草色；绿色；绿灯（在日语里，信号灯的颜色为「赤、黄、青」）,青；蓝；草色；绿色；绿灯（在日语里，信号灯的颜色为「赤、黄、青」）,青になったら道を渡りましょう。,青になったら道を渡りましょう。,变成绿灯以后再过马路吧。,变成绿灯以后再过马路吧。,original_book,,使用原书例句与原书中文译文。,True
n3_0710,0710,N3,7,45,47,青白い,あおじろい,形,发青的；苍白的,发青的；苍白的,あの青年は青白い顔でこちらを見ていた。,あの青年は青白い顔でこちらを見ていた。,那个年轻人脸色苍白地看着这边。,那个年轻人脸色苍白地看着这边。,original_book,,使用原书例句与原书中文译文。,True
n3_0711,0711,N3,7,45,47,赤,あか,名,红；红色；红色信号灯,红；红色；红色信号灯,信号の赤は「止まれ」という意味です。,信号の赤は「止まれ」という意味です。,红色信号灯是“停下”的意思。,红色信号灯是“停下”的意思。,original_book,,使用原书例句与原书中文译文。,True
n3_0712,0712,N3,7,45,47,編む,あむ,他五,编织；编辑；安排,编织；编辑；安排,残りの毛糸を編んで帽子を作ります。,残りの毛糸を編んで帽子を作ります。,用剩下的毛线织帽子。,用剩下的毛线织帽子。,original_book,,使用原书例句与原书中文译文。,True
n3_0713,0713,N3,7,45,47,幾分,いくぶん,名·副,几分；一些，少许,几分；一些，少许,今日は幾分気分がいいです。,今日は幾分気分がいいです。,今天心情好了一些。,今天心情好了一些。,original_book,,使用原书例句与原书中文译文。,True
n3_0714,0714,N3,7,45,47,衣食住,いしょくじゅう,名,吃、穿、住,吃、穿、住,幸い衣食 住には困りません。,幸い衣食住には困りません。,幸运的是不愁吃、穿、住。,幸运的是不愁吃、穿、住。,original_book,,使用原书例句与原书中文译文。,True
n3_0715,0715,N3,7,45,47,餌,えさ,名,饵食；诱饵,饵食；诱饵,魚に餌をやります。,魚に餌をやります。,给鱼喂食。,给鱼喂食。,original_book,,使用原书例句与原书中文译文。,True
n3_0716,0716,N3,7,45,47,追う,おう,他五,驱逐；追赶；催逼,驱逐；追赶；催逼,猫が鼠を追っています。,猫が鼠を追っています。,猫正追着老鼠。,猫正追着老鼠。,original_book,,使用原书例句与原书中文译文。,True
n3_0717,0717,N3,7,45,47,終える,おえる,他一,做完，完成，结束,做完，完成，结束,無事に使命を終えます。,無事に使命を終えます。,平安地完成任务。,平安地完成任务。,original_book,,使用原书例句与原书中文译文。,True
n3_0718,0718,N3,7,45,47,お握り,おにぎり,名,饭团（子）,饭团（子）,学校の遠足で、お母さんが作ってくれたおにぎりが美味しかった。,学校の遠足で、お母さんが作ってくれたおにぎりが美味しかった。,学校组织郊游时妈妈为我做的饭团很好吃。,学校组织郊游时妈妈为我做的饭团很好吃。,original_book,,使用原书例句与原书中文译文。,True
n3_0719,0719,N3,7,45,47,思い切り,おもいきり,名·副,断念，死心，想开；决心，决意,断念，死心，想开；决心，决意,実に思い切りのよい人でした。,実に思い切りのよい人でした。,真是个果断的人。,真是个果断的人。,original_book,,使用原书例句与原书中文译文。,True
n3_0720,0720,N3,7,45,47,思い切る,おもいきる,自五,断念，死心，想开,断念，死心，想开,髪を短く切ることに思い切って、新しいスタイルにした。,髪を短く切ることに思い切って、新しいスタイルにした。,我下定决心把头发剪短，换新的发型。,我下定决心把头发剪短，换新的发型。,original_book,,使用原书例句与原书中文译文。,True
n3_0721,0721,N3,7,45,47,回復,かいふく,名·他自サ,恢复；康复,恢复；康复,病気はだんだん回復に向かっています。,病気はだんだん回復に向かっています。,病情逐渐好转。,病情逐渐好转。,original_book,,使用原书例句与原书中文译文。,True
n3_0722,0722,N3,7,45,47,返る,かえる,自五,归还，返还；还原，恢复,归还，返还；还原，恢复,貸した本が返ってきました。,貸した本が返ってきました。,借出的书被还了回来。,借出的书被还了回来。,original_book,,使用原书例句与原书中文译文。,True
n3_0723,0723,N3,7,46,48,嗅ぐ,かぐ,他五,闻，嗅,闻，嗅,犬は鼻で嗅いで食べ物を探します。,犬は鼻で嗅いで食べ物を探します。,狗靠鼻子嗅寻找食物。,狗靠鼻子嗅寻找食物。,original_book,,使用原书例句与原书中文译文。,True
n3_0724,0724,N3,7,46,48,確認,かくにん,名·他サ,确认；证实,确认；证实,信号を確認してから交差点を渡ります。,信号を確認してから交差点を渡ります。,确认信号灯以后再过路口。,确认信号灯以后再过路口。,original_book,,使用原书例句与原书中文译文。,True
n3_0725,0725,N3,7,46,48,必ずしも,かならずしも,副,（后接否定或反问词语）（不）一定，（未）必,（后接否定或反问词语）（不）一定，（未）必,光るものは必ずしも金ではありません。,光るものは必ずしも金ではありません。,发光的未必都是金子。,发光的未必都是金子。,original_book,,使用原书例句与原书中文译文。,True
n3_0726,0726,N3,7,46,48,期待,きたい,名·他自サ,期待，期望，希望，指望,期待，期望，希望，指望,人の援助を期待するな。,人の援助を期待するな。,不要期待别人援助。,不要期待别人援助。,original_book,,使用原书例句与原书中文译文。,True
n3_0727,0727,N3,7,46,48,食う,くう,他五,吃,吃,こんな安い給 料ではとても食っていけません。,こんな安い給料ではとても食っていけません。,靠这么少的工资是生活不下去的。,靠这么少的工资是生活不下去的。,original_book,,使用原书例句与原书中文译文。,True
n3_0728,0728,N3,7,46,48,唇,くちびる,名,嘴唇,嘴唇,妹 の 唇 は赤くて薄いです。,妹の唇は赤くて薄いです。,妹妹的嘴唇又红又薄。,妹妹的嘴唇又红又薄。,original_book,,使用原书例句与原书中文译文。,True
n3_0729,0729,N3,7,46,48,警告,けいこく,名·他サ,警告,警告,彼は人の警告に耳を傾けません。,彼は人の警告に耳を傾けません。,他不听别人的警告。,他不听别人的警告。,original_book,,使用原书例句与原书中文译文。,True
n3_0730,0730,N3,7,46,48,欠席,けっせき,名·自サ,缺席；缺课,缺席；缺课,あの学生はときどき学校を欠席します。,あの学生はときどき学校を欠席します。,那个学生有时不来上课。,那个学生有时不来上课。,original_book,,使用原书例句与原书中文译文。,True
n3_0731,0731,N3,7,46,48,高級,こうきゅう,名·形动,高级,高级,あの人はいつも高級な車に乗って出かけます。,あの人はいつも高級な車に乗って出かけます。,那个人经常乘高级轿车外出。,那个人经常乘高级轿车外出。,original_book,,使用原书例句与原书中文译文。,True
n3_0732,0732,N3,7,46,48,幸福,こうふく,名·形动,幸福,幸福,学生時代が人生で一番幸福な時期でした。,学生時代が人生で一番幸福な時期でした。,上学期间是人生中最幸福的时期。,上学期间是人生中最幸福的时期。,original_book,,使用原书例句与原书中文译文。,True
n3_0733,0733,N3,7,46,48,差,さ,名,差别，差异；差额,差别，差异；差额,人の能力には差があります。,人の能力には差があります。,人的能力是有差异的。,人的能力是有差异的。,original_book,,使用原书例句与原书中文译文。,True
n3_0734,0734,N3,7,46,48,際,さい,名,时候；时机,时候；时机,お出掛けの際は、携帯を忘れないでください。,お出掛けの際は、携帯を忘れないでください。,您外出的时候不要忘记带手机。,您外出的时候不要忘记带手机。,original_book,,使用原书例句与原书中文译文。,True
n3_0735,0735,N3,7,46,48,時間割,じかんわり,名,课程表,课程表,時間割りを英語に訳します。,時間割りを英語に訳します。,把课程表翻译成英语。,把课程表翻译成英语。,original_book,,使用原书例句与原书中文译文。,True
n3_0736,0736,N3,7,46,48,実習,じっしゅう,名·他サ,实习；见习,实习；见习,工場へ実習に行きます。,工場へ実習に行きます。,去工厂实习。,去工厂实习。,original_book,,使用原书例句与原书中文译文。,True
n3_0737,0737,N3,7,46,48,指定,してい,名·他サ,指定,指定,金曜日を会合の日に指定します。,金曜日を会合の日に指定します。,指定星期五为聚会日。,指定星期五为聚会日。,original_book,,使用原书例句与原书中文译文。,True
n3_0738,0738,N3,7,46,48,邪魔,じゃま,名·形动·他サ,妨碍；干扰；访问，拜访,妨碍；干扰；访问，拜访,今晩お邪魔してよろしいでしょうか。,今晩お邪魔してよろしいでしょうか。,今晚可以拜访您吗？,今晚可以拜访您吗？,original_book,,使用原书例句与原书中文译文。,True
n3_0739,0739,N3,7,46,48,集合,しゅうごう,名·自他サ,集合,集合,明 朝 7時学校に集合することになっています。,明朝7時学校に集合することになっています。,已定明早7点在学校集合。,已定明早7点在学校集合。,original_book,,使用原书例句与原书中文译文。,True
n3_0740,0740,N3,7,47,49,重大,じゅうだい,名·形动,重大；重要,重大；重要,事は重大になってきました。,事は重大になってきました。,事情严重起来了。,事情严重起来了。,original_book,,使用原书例句与原书中文译文。,True
n3_0741,0741,N3,7,47,49,授業料,じゅぎょうりょう,名,学费,学费,授業 料とは授業を受けるために納める費用のことです。,授業料とは授業を受けるために納める費用のことです。,学费是指为听课而缴的费用。,学费是指为听课而缴的费用。,original_book,,使用原书例句与原书中文译文。,True
n3_0742,0742,N3,7,47,49,出身,しゅっしん,名,籍贯；出身；毕业院校,籍贯；出身；毕业院校,ご出身はどちらですか。,ご出身はどちらですか。,您是哪里人？,您是哪里人？,original_book,,使用原书例句与原书中文译文。,True
n3_0743,0743,N3,7,47,49,消費,しょうひ,名·他サ,消费；耗费,消费；耗费,生活費として月15万円ずつ消費します。,生活費として月15万円ずつ消費します。,每个月生活费需要15万日元。,每个月生活费需要15万日元。,original_book,,使用原书例句与原书中文译文。,True
n3_0744,0744,N3,7,47,49,書籍,しょせき,名,书籍，图书,书籍，图书,書籍小包として送りたいです。,書籍小包として送りたいです。,想寄图书小包。,想寄图书小包。,original_book,,使用原书例句与原书中文译文。,True
n3_0745,0745,N3,7,47,49,ショック,ショック,名,冲击，震动；刺激，打击，震惊,冲击，震动；刺激，打击，震惊,息子の死は彼にとってひどいショックだった。,息子の死は彼にとってひどいショックだった。,儿子的死对于他来说是个沉痛的打击。,儿子的死对于他来说是个沉痛的打击。,original_book,,使用原书例句与原书中文译文。,True
n3_0746,0746,N3,7,47,49,ショッピング,ショッピング,名·自サ,买东西，采购商品,买东西，采购商品,銀座でショッピングを楽しむ。,銀座でショッピングを楽しむ。,在银座享受购物的乐趣。,在银座享受购物的乐趣。,original_book,,使用原书例句与原书中文译文。,True
n3_0747,0747,N3,7,47,49,睡眠,すいみん,名,睡眠,睡眠,5時間では睡眠がちょっと足りない。,5時間では睡眠がちょっと足りない。,5个小时的睡眠有点儿不够。,5个小时的睡眠有点儿不够。,original_book,,使用原书例句与原书中文译文。,True
n3_0748,0748,N3,7,47,49,図図しい,ずうずうしい,形,厚颜无耻的,厚颜无耻的,いくらずうずうしくてもそんなことは言えないよ。,いくらずうずうしくてもそんなことは言えないよ。,再厚颜无耻也说不出那样的话。,再厚颜无耻也说不出那样的话。,original_book,,使用原书例句与原书中文译文。,True
n3_0749,0749,N3,7,47,49,姿,すがた,名,姿势；外观，打扮,姿势；外观，打扮,生前の姿が今でもありありと目に浮かぶ。,生前の姿が今でもありありと目に浮かぶ。,他生前的样子现在还清晰地浮现在我们眼前。,他生前的样子现在还清晰地浮现在我们眼前。,original_book,,使用原书例句与原书中文译文。,True
n3_0750,0750,N3,7,47,49,責任,せきにん,名,责任；职责,责任；职责,会社が破産した責任は社長にあった。,会社が破産した責任は社長にあった。,公司破产的责任在于总经理。,公司破产的责任在于总经理。,original_book,,使用原书例句与原书中文译文。,True
n3_0751,0751,N3,7,47,49,折角,せっかく,副,费周折，好不容易,费周折，好不容易,せっかく用意したのですから、お使いください。,せっかく用意したのですから、お使いください。,特意准备的，请用吧。,特意准备的，请用吧。,original_book,,使用原书例句与原书中文译文。,True
n3_0752,0752,N3,7,47,49,祖先,そせん,名,祖先,祖先,人類の祖先はアフリカに起源をもった単一民族だと言う説がある。,人類の祖先はアフリカに起源をもった単一民族だと言う説がある。,有一种说法认为，人类的祖先是起源于非洲的单一民族。,有一种说法认为，人类的祖先是起源于非洲的单一民族。,original_book,,使用原书例句与原书中文译文。,True
n3_0753,0753,N3,7,47,49,損,そん,名·形动,损伤，损害；损失,损伤，损害；损失,損を覚悟で売りに出す。,損を覚悟で売りに出す。,做好赔本的准备出售。,做好赔本的准备出售。,original_book,,使用原书例句与原书中文译文。,True
n3_0754,0754,N3,7,47,49,第一印象,だいいちいんしょう,名,第一印象,第一印象,彼と初めて会った時の第一印象は、とても親切そうな人だった。,彼と初めて会った時の第一印象は、とても親切そうな人だった。,我和他第一次见面时，他给我的第一印象是一个看起来很亲切的人。,我和他第一次见面时，他给我的第一印象是一个看起来很亲切的人。,original_book,,使用原书例句与原书中文译文。,True
n3_0755,0755,N3,7,47,49,退学,たいがく,名·自サ,退学,退学,成績が悪かったため、友達が学校を退学することになった。,成績が悪かったため、友達が学校を退学することになった。,朋友因为成绩不好，要退学了。,朋友因为成绩不好，要退学了。,original_book,,使用原书例句与原书中文译文。,True
n3_0756,0756,N3,7,47,49,大して,たいして,副,（后接否定）（并不）太，（并不）怎么,（后接否定）（并不）太，（并不）怎么,この問題は大して難しくありません。,この問題は大して難しくありません。,这个问题并不难。,这个问题并不难。,original_book,,使用原书例句与原书中文译文。,True
n3_0757,0757,N3,7,48,50,足し算,たしざん,名,加法,加法,小学校の時、足し算が得意だった。,小学校の時、足し算が得意だった。,我上小学的时候擅长加法。,我上小学的时候擅长加法。,original_book,,使用原书例句与原书中文译文。,True
n3_0758,0758,N3,7,48,50,抱っこ,だっこ,名·他サ,抱抱,抱抱,疲れた 妹 をだっこして家まで連れて行った。,疲れた妹をだっこして家まで連れて行った。,抱着疲惫的妹妹回家去了。,抱着疲惫的妹妹回家去了。,original_book,,使用原书例句与原书中文译文。,True
n3_0759,0759,N3,7,48,50,試す,ためす,他五,试验，尝试；考验,试验，尝试；考验,この病気には湯治がよいそうです。一度試してごらんなさい。,この病気には湯治がよいそうです。一度試してごらんなさい。,听说泡温泉治这种病的效果好，请泡一次试试。,听说泡温泉治这种病的效果好，请泡一次试试。,original_book,,使用原书例句与原书中文译文。,True
n3_0760,0760,N3,7,48,50,近頃,ちかごろ,名,最近,最近,近頃よく地震がある。,近頃よく地震がある。,最近常发生地震。,最近常发生地震。,original_book,,使用原书例句与原书中文译文。,True
n3_0761,0761,N3,7,48,50,知人,ちじん,名,熟人，相识,熟人，相识,仕事を止めて、知人を頼って渡米する。,仕事を止めて、知人を頼って渡米する。,辞职后托熟人去美国。,辞职后托熟人去美国。,original_book,,使用原书例句与原书中文译文。,True
n3_0762,0762,N3,7,48,50,通過,つうか,名·自サ,通过，经过；过站不停车,通过，经过；过站不停车,船は海峡を通過して西へ進んだ。,船は海峡を通過して西へ進んだ。,船通过海峡向西行进了。,船通过海峡向西行进了。,original_book,,使用原书例句与原书中文译文。,True
n3_0763,0763,N3,7,48,50,通学,つうがく,名·自サ,上学，走读,上学，走读,小学校のごろは、徒歩で通学していた。,小学校のごろは、徒歩で通学していた。,上小学的时候每天步行上下学。,上小学的时候每天步行上下学。,original_book,,使用原书例句与原书中文译文。,True
n3_0764,0764,N3,7,48,50,通信,つうしん,名·自サ,通信,通信,地震のためその地方の通信が一時途絶えた。,地震のためその地方の通信が一時途絶えた。,当地的通信因为地震而一度中断。,当地的通信因为地震而一度中断。,original_book,,使用原书例句与原书中文译文。,True
n3_0765,0765,N3,7,48,50,通知,つうち,名·他サ,通知,通知,あらかじめ会合の日を通知する。,あらかじめ会合の日を通知する。,另行通知会议日期。,另行通知会议日期。,original_book,,使用原书例句与原书中文译文。,True
n3_0766,0766,N3,7,48,50,適用,てきよう,名·他サ,适用,适用,どんな場合にもこの規則が適用できるというわけではない。,どんな場合にもこの規則が適用できるというわけではない。,并不是所有情况都适用这个规则。,并不是所有情况都适用这个规则。,original_book,,使用原书例句与原书中文译文。,True
n3_0767,0767,N3,7,48,50,手首,てくび,名,手腕,手腕,手首に腕時計を嵌める。,手首に腕時計を嵌める。,手腕上戴着手表。,手腕上戴着手表。,original_book,,使用原书例句与原书中文译文。,True
n3_0768,0768,N3,7,48,50,当時,とうじ,名,当时,当时,その小説は出た当時、たいした人気だった。,その小説は出た当時、たいした人気だった。,那本小说上市的时候相当受欢迎。,那本小说上市的时候相当受欢迎。,original_book,,使用原书例句与原书中文译文。,True
n3_0769,0769,N3,7,48,50,納得,なっとく,名·他サ,理解，领会；同意，信服,理解，领会；同意，信服,説明を聞いて納得する。,説明を聞いて納得する。,听了解释后表示理解。,听了解释后表示理解。,original_book,,使用原书例句与原书中文译文。,True
n3_0770,0770,N3,7,48,50,何とも,なんとも,副,真的，实在；无关紧要，没什么，没关系,真的，实在；无关紧要，没什么，没关系,何ともお礼の申しようもありません。,何ともお礼の申しようもありません。,不甚感激。,不甚感激。,original_book,,使用原书例句与原书中文译文。,True
n3_0771,0771,N3,7,48,50,鈍い,にぶい,形,钝的；迟钝的；（光等）不强烈的；（声音）不清晰的,钝的；迟钝的；（光等）不强烈的；（声音）不清晰的,何か鈍い音がした。,何か鈍い音がした。,听到了闷闷的声音。,听到了闷闷的声音。,original_book,,使用原书例句与原书中文译文。,True
n3_0772,0772,N3,7,48,50,抜く,ぬく,他五,抽出，拔掉,抽出，拔掉,歯を抜いてもらう。,歯を抜いてもらう。,请（医生）拔牙。,请（医生）拔牙。,original_book,,使用原书例句与原书中文译文。,True
n3_0773,0773,N3,7,48,50,熱する,ねっする,自他サ,发热，变热；加热，弄热,发热，变热；加热，弄热,スープを再び熱してから、食べてください。,スープを再び熱してから、食べてください。,请把汤重新加热后再喝。,请把汤重新加热后再喝。,original_book,,使用原书例句与原书中文译文。,True
n3_0774,0774,N3,7,48,50,生える,はえる,自一,长；生,长；生,庭に名前のわからない植物が生えてきた。,庭に名前のわからない植物が生えてきた。,院子里长出了一棵不知什么名字的植物。,院子里长出了一棵不知什么名字的植物。,original_book,,使用原书例句与原书中文译文。,True
n3_0775,0775,N3,7,49,51,馬鹿,ばか,名·形动,愚蠢；呆傻；混蛋；傻瓜,愚蠢；呆傻；混蛋；傻瓜,客に無礼な態度をとるような馬鹿なことはしない。,客に無礼な態度をとるような馬鹿なことはしない。,对顾客态度无礼这种蠢事，我可不做。,对顾客态度无礼这种蠢事，我可不做。,original_book,,使用原书例句与原书中文译文。,True
n3_0776,0776,N3,7,49,51,博士,はかせ,名,博士；博学之士，万事通,博士；博学之士，万事通,彼は物知り博士だ。,彼は物知り博士だ。,他是个万事通。,他是个万事通。,original_book,,使用原书例句与原书中文译文。,True
n3_0777,0777,N3,7,49,51,鼻水,はなみず,名,鼻涕,鼻涕,風邪をひいて、ずっと鼻水が止まらない。,風邪をひいて、ずっと鼻水が止まらない。,感冒了，鼻涕止不住地流。,感冒了，鼻涕止不住地流。,original_book,,使用原书例句与原书中文译文。,True
n3_0778,0778,N3,7,49,51,パニック,パニック,名,恐慌,恐慌,地震が起きたとき、みんなパニックになった。,地震が起きたとき、みんなパニックになった。,地震发生时，大家都陷入了恐慌。,地震发生时，大家都陷入了恐慌。,original_book,,使用原书例句与原书中文译文。,True
n3_0779,0779,N3,7,49,51,判子,はんこ,名,图章，印鉴,图章，印鉴,書類に判子を押す。,書類に判子を押す。,在文件上盖印章。,在文件上盖印章。,original_book,,使用原书例句与原书中文译文。,True
n3_0780,0780,N3,7,49,51,半数,はんすう,名,半数,半数,それを信じたものは半数もいなかった。,それを信じたものは半数もいなかった。,相信那件事情的人连半数都不到。,相信那件事情的人连半数都不到。,original_book,,使用原书例句与原书中文译文。,True
n3_0781,0781,N3,7,49,51,費,ひ,词,（造语）费，费用,（造语）费，费用,生活費を切り詰める,生活費を切り詰める,节省生活开支,节省生活开支,original_book,,使用原书例句与原书中文译文。,True
n3_0782,0782,N3,7,49,51,ピアス,ピアス,名·自サ,耳环；穿孔耳环,耳环；穿孔耳环,耳にピアスしてもらった。,耳にピアスしてもらった。,（请人）打了耳孔。,（请人）打了耳孔。,original_book,,使用原书例句与原书中文译文。,True
n3_0783,0783,N3,7,49,51,広げる,ひろげる,他一,打开，翻开；撑开，张开；扩大，扩展,打开，翻开；撑开，张开；扩大，扩展,彼女は両手を広げて私たちを出迎えた。,彼女は両手を広げて私たちを出迎えた。,她展开双臂迎接我们。,她展开双臂迎接我们。,original_book,,使用原书例句与原书中文译文。,True
n3_0784,0784,N3,7,49,51,便,びん,名,信，书信；邮寄；班车；班机,信，书信；邮寄；班车；班机,午後の便で着く。,午後の便で着く。,乘下午的航班到达。,乘下午的航班到达。,original_book,,使用原书例句与原书中文译文。,True
n3_0785,0785,N3,7,49,51,ファイル,ファイル,名·他サ,文件夹，档案；归档,文件夹，档案；归档,協会の記録はすべてファイルされている。,協会の記録はすべてファイルされている。,协会的记录已经全部入档。,协会的记录已经全部入档。,original_book,,使用原书例句与原书中文译文。,True
n3_0786,0786,N3,7,49,51,ファッションショー,ファッションショー,名,时装展览（会）,时装展览（会）,彼女はファッションショーで新作のドレスを披露しました。,彼女はファッションショーで新作のドレスを披露しました。,她在时装展示会上展示了新款连衣裙。,她在时装展示会上展示了新款连衣裙。,original_book,,使用原书例句与原书中文译文。,True
n3_0787,0787,N3,7,49,51,ファン,ファン,名,爱好者,爱好者,コンサート会場にはたくさんのファンが集まっていました。,コンサート会場にはたくさんのファンが集まっていました。,演唱会场聚集了许多粉丝。,演唱会场聚集了许多粉丝。,original_book,,使用原书例句与原书中文译文。,True
n3_0788,0788,N3,7,49,51,ペットボトル,ペットボトル,名,塑料瓶,塑料瓶,ペットボトルを再利用するよう促進する。,ペットボトルを再利用するよう促進する。,提倡循环利用塑料瓶。,提倡循环利用塑料瓶。,original_book,,使用原书例句与原书中文译文。,True
n3_0789,0789,N3,7,49,51,保健,ほけん,名,保健，保护健康,保健，保护健康,この町では住民の保健に力を入れている。,この町では住民の保健に力を入れている。,这个城市很注重居民的养生保健。,这个城市很注重居民的养生保健。,original_book,,使用原书例句与原书中文译文。,True
n3_0790,0790,N3,7,49,51,埃,ほこり,名,尘埃，尘土，灰尘,尘埃，尘土，灰尘,水を撒いて埃を静める。,水を撒いて埃を静める。,洒水降尘。,洒水降尘。,original_book,,使用原书例句与原书中文译文。,True
n3_0791,0791,N3,7,49,51,マイカー,マイカー,名,私人汽车，家用轿车,私人汽车，家用轿车,彼はマイカーで 出勤する。,彼はマイカーで出勤する。,他开私家车上班。,他开私家车上班。,original_book,,使用原书例句与原书中文译文。,True
n3_0792,0792,N3,7,50,52,マイホーム,マイホーム,名,我的家，自己的家庭，小家庭,我的家，自己的家庭，小家庭,マイホームを持つことを夢見ている。,マイホームを持つことを夢見ている。,梦想着拥有自己的家。,梦想着拥有自己的家。,original_book,,使用原书例句与原书中文译文。,True
n3_0793,0793,N3,7,50,52,実,み,名,果实；水果；种子,果实；水果；种子,二人の恋は実を結んで結婚した。,二人の恋は実を結んで結婚した。,两个人的爱情有了结果，他们结婚了。,两个人的爱情有了结果，他们结婚了。,original_book,,使用原书例句与原书中文译文。,True
n3_0794,0794,N3,7,50,52,ミス,ミス,名,小姐；姑娘；未婚女性,小姐；姑娘；未婚女性,ミス·ユニバース日本代表の衣装に批判が続出した。,ミス·ユニバース日本代表の衣装に批判が続出した。,“世界小姐”日本赛区代表的着装不断受到批评。,“环球小姐”日本代表的服装接连受到批评。,corrected,实质误译,「ミス・ユニバース」是“环球小姐”，不是“世界小姐”；日本代表也不是“日本赛区代表”。,True
n3_0795,0795,N3,7,50,52,無視,むし,名·他サ,无视，不顾，忽视,无视，不顾，忽视,事故は信号無視が原因である。,事故は信号無視が原因である。,事故原因是（司机）无视信号灯。,事故原因是（司机）无视信号灯。,original_book,,使用原书例句与原书中文译文。,True
n3_0796,0796,N3,7,50,52,珍しい,めずらしい,形,少有，罕见，少见，稀奇，新奇；珍贵,少有，罕见，少见，稀奇，新奇；珍贵,彼が早起きするなんて珍しいことだ。,彼が早起きするなんて珍しいことだ。,他能早起简直太少见了。,他能早起简直太少见了。,original_book,,使用原书例句与原书中文译文。,True
n3_0797,0797,N3,7,50,52,メダル,メダル,名,奖章，奖牌；纪念章,奖章，奖牌；纪念章,100メートル競走でメダルを獲得した。,100メートル競走でメダルを獲得した。,在百米赛跑中获得了奖牌。,在百米赛跑中获得了奖牌。,original_book,,使用原书例句与原书中文译文。,True
n3_0798,0798,N3,7,50,52,物事,ものごと,名,事物，事情,事物，事情,物事をよく弁えている。,物事をよく弁えている。,明辨事理。,明辨事理。,original_book,,使用原书例句与原书中文译文。,True
n3_0799,0799,N3,7,50,52,約,やく,名·副,约定，商定；大体，大约,约定，商定；大体，大约,損害は約1億円と見積もられている。,損害は約1億円と見積もられている。,预计损失大约1亿日元。,预计损失大约1亿日元。,original_book,,使用原书例句与原书中文译文。,True
n3_0800,0800,N3,7,50,52,薬品,やくひん,名,药，药物；药品,药，药物；药品,救 急用の薬品を買っておく。,救急用の薬品を買っておく。,买好急救药品备用。,买好急救药品备用。,original_book,,使用原书例句与原书中文译文。,True
n3_0801,0801,N3,7,50,52,優勝,ゆうしょう,名·自サ,获得冠军，优胜,获得冠军，优胜,今年は彼らが優勝すると思う。,今年は彼らが優勝すると思う。,我想今年他们会获胜。,我想今年他们会获胜。,original_book,,使用原书例句与原书中文译文。,True
n3_0802,0802,N3,7,50,52,友情,ゆうじょう,名,友情,友情,彼らの間には深い友情がある。,彼らの間には深い友情がある。,他们之间有着深厚的友谊。,他们之间有着深厚的友谊。,original_book,,使用原书例句与原书中文译文。,True
n3_0803,0803,N3,7,50,52,優先席,ゆうせんせき,词,爱心座位,爱心座位,電車の優先席では、高齢者や妊婦に席を譲るべきだ。,電車の優先席では、高齢者や妊婦に席を譲るべきだ。,如果坐在电车的爱心座位上，就应该给老人或孕妇让座。,如果坐在电车的爱心座位上，就应该给老人或孕妇让座。,original_book,,使用原书例句与原书中文译文。,True
n3_0804,0804,N3,7,50,52,夕日,ゆうひ,名,夕阳，夕照,夕阳，夕照,夕日がとてもきれいで、海岸での散歩が楽しかった。,夕日がとてもきれいで、海岸での散歩が楽しかった。,夕阳非常美，在海边散步让人愉悦。,夕阳非常美，在海边散步让人愉悦。,original_book,,使用原书例句与原书中文译文。,True
n3_0805,0805,N3,7,50,52,要素,ようそ,名,要素；因素；因子,要素；因素；因子,健康は美しさの重要な要素の一つである。,健康は美しさの重要な要素の一つである。,健康是美丽的重要因素之一。,健康是美丽的重要因素之一。,original_book,,使用原书例句与原书中文译文。,True
n3_0806,0806,N3,7,50,52,幼稚園,ようちえん,名,幼儿园,幼儿园,あの子は幼稚園に行っている。,あの子は幼稚園に行っている。,那个孩子正在上幼儿园。,那个孩子正在上幼儿园。,original_book,,使用原书例句与原书中文译文。,True
n3_0807,0807,N3,7,50,52,ランニング,ランニング,名·自サ,跑步,跑步,毎朝公園でランニングをする。,毎朝公園でランニングをする。,每天早上在公园跑步。,每天早上在公园跑步。,original_book,,使用原书例句与原书中文译文。,True
n3_0808,0808,N3,7,51,53,リットル,リットル・リッター,名,（容量单位）升,（容量单位）升,「1リットルの 涙」というテレビドラマを見て感動した。,「1リットルの涙」というテレビドラマを見て感動した。,看了《一升的眼泪》这部电视剧很受感动。,看了《一升的眼泪》这部电视剧很受感动。,original_book,,使用原书例句与原书中文译文。,True
n3_0809,0809,N3,7,51,53,レインコート,レインコート,名,雨衣,雨衣,雨の日はレインコートを着て出かける。,雨の日はレインコートを着て出かける。,下雨天穿雨衣出门。,下雨天穿雨衣出门。,original_book,,使用原书例句与原书中文译文。,True
n3_0810,0810,N3,7,51,53,レベル,レベル,名,水平,水平,これとそれはレベルが同じである。,これとそれはレベルが同じである。,这两个水平一样。,这两个水平一样。,original_book,,使用原书例句与原书中文译文。,True
n3_0811,0811,N3,7,51,53,ロッカー,ロッカー,名,橱柜，带锁橱柜，文件柜,橱柜，带锁橱柜，文件柜,オフィスでは文書用のロッカーが良く使われる。,オフィスでは文書用のロッカーが良く使われる。,文件柜在办公室经常被使用。,文件柜在办公室经常被使用。,original_book,,使用原书例句与原书中文译文。,True
n3_0812,0812,N3,7,51,53,悪口,わるくち,名,坏话；说坏话,坏话；说坏话,彼は人の悪口を言わない、とても良い人だ。,彼は人の悪口を言わない、とても良い人だ。,他不说别人的坏话，是个很好的人。,他不说别人的坏话，是个很好的人。,original_book,,使用原书例句与原书中文译文。,True
n3_0813,0813,N3,8,52,54,扱う,あつかう,他五,对待；处理；使用，操纵；经营,对待；处理；使用，操纵；经营,パソコンを自由に扱いたいです。,パソコンを自由に扱いたいです。,我想自如地操作电脑。,我想自如地操作电脑。,original_book,,使用原书例句与原书中文译文。,True
n3_0814,0814,N3,8,52,54,一流,いちりゅう,名,第一流，头等,第一流，头等,今晩は一流のホテルに泊まります。,今晩は一流のホテルに泊まります。,今晚住一流的酒店。,今晚住一流的酒店。,original_book,,使用原书例句与原书中文译文。,True
n3_0815,0815,N3,8,52,54,祝い,いわい,名,祝贺，庆祝,祝贺，庆祝,彼は祝いの言葉を述べました。,彼は祝いの言葉を述べました。,他发言表达了祝福。,他发言表达了祝福。,original_book,,使用原书例句与原书中文译文。,True
n3_0816,0816,N3,8,52,54,祝う,いわう,他五,祝贺；送贺礼；致贺词,祝贺；送贺礼；致贺词,二人の再会を祝って乾杯します。,二人の再会を祝って乾杯します。,为庆祝两个人重逢而干杯。,为庆祝两个人重逢而干杯。,original_book,,使用原书例句与原书中文译文。,True
n3_0817,0817,N3,8,52,54,印象,いんしょう,名,印象,印象,あの人の印象は深く残っています。,あの人の印象は深く残っています。,那个人给我留下了深刻的印象。,那个人给我留下了深刻的印象。,original_book,,使用原书例句与原书中文译文。,True
n3_0818,0818,N3,8,52,54,売れる,うれる,自一,畅销，好卖,畅销，好卖,売れる商品は入り口に並べます。,売れる商品は入り口に並べます。,畅销商品摆放在入口处。,畅销商品摆放在入口处。,original_book,,使用原书例句与原书中文译文。,True
n3_0819,0819,N3,8,52,54,宴会,えんかい,名,宴会；酒会,宴会；酒会,宴会の席で奇術を披露します。,宴会の席で奇術を披露します。,在宴会上表演魔术。,在宴会上表演魔术。,original_book,,使用原书例句与原书中文译文。,True
n3_0820,0820,N3,8,52,54,往復,おうふく,名·自サ,往返；来往,往返；来往,学校への往復は自転車です。,学校への往復は自転車です。,骑自行车上下学。,骑自行车上下学。,original_book,,使用原书例句与原书中文译文。,True
n3_0821,0821,N3,8,52,54,惜しい,おしい,形,可惜的，遗憾的，值得珍惜的,可惜的，遗憾的，值得珍惜的,あと一歩で勝てたのに、惜しかったです。,あと一歩で勝てたのに、惜しかったです。,只差一步就赢了，真是可惜。,只差一步就赢了，真是可惜。,original_book,,使用原书例句与原书中文译文。,True
n3_0822,0822,N3,8,52,54,親子,おやこ,名,父母和子女,父母和子女,公園では親子で遊んでいる人たちがたくさんいた。,公園では親子で遊んでいる人たちがたくさんいた。,公园里有很多父母和孩子一起游玩。,公园里有很多父母和孩子一起游玩。,original_book,,使用原书例句与原书中文译文。,True
n3_0823,0823,N3,8,52,54,おやつ,おやつ,名,点心，茶点，零食,点心，茶点，零食,放課後は友達と一緒におやつを食べる。,放課後は友達と一緒におやつを食べる。,放学后和朋友一起吃零食。,放学后和朋友一起吃零食。,original_book,,使用原书例句与原书中文译文。,True
n3_0824,0824,N3,8,52,54,折り畳み,おりたたみ,名,折叠,折叠,折りたたみの傘を常にカバンに入れておく。,折りたたみの傘を常にカバンに入れておく。,总是把折叠伞放在包里备用。,总是把折叠伞放在包里备用。,original_book,,使用原书例句与原书中文译文。,True
n3_0825,0825,N3,8,52,54,回答,かいとう,名·他自サ,回答，答复,回答，答复,アンケート調査に回答を寄せました。,アンケート調査に回答を寄せました。,回答了调查问卷。,回答了调查问卷。,original_book,,使用原书例句与原书中文译文。,True
n3_0826,0826,N3,8,53,55,代える,かえる,他一,代替，替换,代替，替换,レポートで試験に代えることにしました。,レポートで試験に代えることにしました。,决定提交报告而不参加考试了。,决定提交报告而不参加考试了。,original_book,,使用原书例句与原书中文译文。,True
n3_0827,0827,N3,8,53,55,限り,かぎり,名,限度,限度,人間の力には限りがあります。,人間の力には限りがあります。,人的力量是有限的。,人的力量是有限的。,original_book,,使用原书例句与原书中文译文。,True
n3_0828,0828,N3,8,53,55,賢い,かしこい,形,聪明，贤明；伶俐,聪明，贤明；伶俐,あの子はなかなか賢いですね。,あの子はなかなか賢いですね。,那个孩子非常聪明。,那个孩子非常聪明。,original_book,,使用原书例句与原书中文译文。,True
n3_0829,0829,N3,8,53,55,片道,かたみち,名,单程,单程,上海までの片道運賃はいくらぐらいですか。,上海までの片道運賃はいくらぐらいですか。,到上海的单程车费是多少？,到上海的单程车费是多少？,original_book,,使用原书例句与原书中文译文。,True
n3_0830,0830,N3,8,53,55,活力,かつりょく,名,活力，生命力,活力，生命力,わたしの古里は活力に溢れた町です。,わたしの古里は活力に溢れた町です。,我的家乡是个充满活力的城市。,我的家乡是个充满活力的城市。,original_book,,使用原书例句与原书中文译文。,True
n3_0831,0831,N3,8,53,55,着替え,きがえ,名·自サ,换衣服；换的衣服,换衣服；换的衣服,このほかには着替えを持っていません。,このほかには着替えを持っていません。,除此之外没有可以换的衣服了。,除此之外没有可以换的衣服了。,original_book,,使用原书例句与原书中文译文。,True
n3_0832,0832,N3,8,53,55,着替える,きかえる,他一,换衣服，更衣,换衣服，更衣,ジムで運動した後、着替えるのが面倒だった。,ジムで運動した後、着替えるのが面倒だった。,在健身房运动后换衣服是一件麻烦事。,在健身房运动后换衣服是一件麻烦事。,original_book,,使用原书例句与原书中文译文。,True
n3_0833,0833,N3,8,53,55,聞き取り,ききとり,名,听取，听力,听取，听力,外国語の授業では、聞き取り練習が重要だ。,外国語の授業では、聞き取り練習が重要だ。,在外语课上，听力练习很重要。,在外语课上，听力练习很重要。,original_book,,使用原书例句与原书中文译文。,True
n3_0834,0834,N3,8,53,55,聞き取る,ききとる,他五,听懂，听见；听取,听懂，听见；听取,電話が途切れ途切れで、正確に聞き取るのが難しい。,電話が途切れ途切れで、正確に聞き取るのが難しい。,电话（信号）时断时续，很难听清楚对方说的是什么。,电话（信号）时断时续，很难听清楚对方说的是什么。,original_book,,使用原书例句与原书中文译文。,True
n3_0835,0835,N3,8,53,55,聞き直す,ききなおす,他五,再问，重问,再问，重问,彼の話はあまりにも早口で、聞き直さなければならなかった。,彼の話はあまりにも早口で、聞き直さなければならなかった。,他说话语速太快，（我）不得不重新问了一遍。,他说话语速太快，（我）不得不重新问了一遍。,original_book,,使用原书例句与原书中文译文。,True
n3_0836,0836,N3,8,53,55,機嫌,きげん,名·形动,心情，情绪；快活，高兴,心情，情绪；快活，高兴,今朝は父の機嫌がいいです。,今朝は父の機嫌がいいです。,今天早上爸爸的心情不错。,今天早上爸爸的心情不错。,original_book,,使用原书例句与原书中文译文。,True
n3_0837,0837,N3,8,53,55,気付く,きづく,自五,注意到，理会到；发觉,注意到，理会到；发觉,家へ帰って財布がないのに気づきました。,家へ帰って財布がないのに気づきました。,回到家发现钱包不见了。,回到家发现钱包不见了。,original_book,,使用原书例句与原书中文译文。,True
n3_0838,0838,N3,8,53,55,給料,きゅうりょう,名,工资，薪金，薪水,工资，薪金，薪水,給 料はいいが楽な仕事ではありません。,給料はいいが楽な仕事ではありません。,薪水可观，工作却不轻松。,薪水可观，工作却不轻松。,original_book,,使用原书例句与原书中文译文。,True
n3_0839,0839,N3,8,53,55,口癖,くちぐせ,名,口头语，口头禅,口头语，口头禅,あの学生は先生の口癖をまねるのがうまいです。,あの学生は先生の口癖をまねるのがうまいです。,那个学生模仿老师的口头禅模仿得很像。,那个学生模仿老师的口头禅模仿得很像。,original_book,,使用原书例句与原书中文译文。,True
n3_0840,0840,N3,8,53,55,稽古,けいこ,名·他サ,练习，练功；学习,练习，练功；学习,李先生についてピアノを稽古します。,李先生についてピアノを稽古します。,跟李老师学习弹钢琴。,跟李老师学习弹钢琴。,original_book,,使用原书例句与原书中文译文。,True
n3_0841,0841,N3,8,53,55,結局,けっきょく,名·副,最后，结果，结尾,最后，结果，结尾,いろいろ努力しましたが、結局失敗しました。,いろいろ努力しましたが、結局失敗しました。,做了很多努力，可还是失败了。,做了很多努力，可还是失败了。,original_book,,使用原书例句与原书中文译文。,True
n3_0842,0842,N3,8,53,55,航空,こうくう,名,航空,航空,彼は航空会社に勤めています。,彼は航空会社に勤めています。,他在航空公司工作。,他在航空公司工作。,original_book,,使用原书例句与原书中文译文。,True
n3_0843,0843,N3,8,53,55,公正,こうせい,名·形动,公正，公平,公正，公平,公正な立場に立って裁判してほしいです。,公正な立場に立って裁判してほしいです。,希望（法官）公平地审判。,希望（法官）公平地审判。,original_book,,使用原书例句与原书中文译文。,True
n3_0844,0844,N3,8,53,55,最大,さいだい,名,最大,最大,琵琶湖は日本最大の 湖 です。,琵琶湖は日本最大の湖です。,琵琶湖是日本最大的湖。,琵琶湖是日本最大的湖。,original_book,,使用原书例句与原书中文译文。,True
n3_0845,0845,N3,8,53,55,直に,じかに,副,直接；亲自,直接；亲自,これは彼からじかに聞いた話です。,これは彼からじかに聞いた話です。,这是直接从他那里听来的消息。,这是直接从他那里听来的消息。,original_book,,使用原书例句与原书中文译文。,True
n3_0846,0846,N3,8,54,56,舌,した,名,舌，舌头,舌，舌头,熱いコーヒーで舌を火傷しました。,熱いコーヒーで舌を火傷しました。,喝热咖啡烫伤了舌头。,喝热咖啡烫伤了舌头。,original_book,,使用原书例句与原书中文译文。,True
n3_0847,0847,N3,8,54,56,芝居,しばい,名,戏剧；演戏,戏剧；演戏,その芝居は当たりました。,その芝居は当たりました。,那台戏很受欢迎。,那台戏很受欢迎。,original_book,,使用原书例句与原书中文译文。,True
n3_0848,0848,N3,8,54,56,支払い,しはらい,名,支付；付款,支付；付款,この手形は支払い期限が来ています。,この手形は支払い期限が来ています。,这张票据到支付期限了。,这张票据到支付期限了。,original_book,,使用原书例句与原书中文译文。,True
n3_0849,0849,N3,8,54,56,支払う,しはらう,他五,支付，付款,支付，付款,代金は月末に全部支払います。,代金は月末に全部支払います。,月末支付全款。,月末支付全款。,original_book,,使用原书例句与原书中文译文。,True
n3_0850,0850,N3,8,54,56,仕舞い,しまい,名,终了，结尾；停止,终了，结尾；停止,映画を仕舞まで見ます。,映画を仕舞まで見ます。,把电影看完。,把电影看完。,original_book,,使用原书例句与原书中文译文。,True
n3_0851,0851,N3,8,54,56,自由,じゆう,名·形动,自由；随便,自由；随便,自由に意見を述べます。,自由に意見を述べます。,自由发表意见。,自由发表意见。,original_book,,使用原书例句与原书中文译文。,True
n3_0852,0852,N3,8,54,56,宗教,しゅうきょう,名,宗教,宗教,宗 教に関する知識を体験した。,宗教に関する知識を体験した。,体验了有关宗教的知识。,体验了有关宗教的知识。,original_book,,使用原书例句与原书中文译文。,True
n3_0853,0853,N3,8,54,56,集金,しゅうきん,名·自他サ,收款；催收的钱,收款；催收的钱,彼はガス料金の集金に回っています。,彼はガス料金の集金に回っています。,他正挨家挨户收取煤气费。,他正挨家挨户收取煤气费。,original_book,,使用原书例句与原书中文译文。,True
n3_0854,0854,N3,8,54,56,手術,しゅじゅつ,名·他サ,手术,手术,手術が非常にうまくいきました。,手術が非常にうまくいきました。,手术非常成功。,手术非常成功。,original_book,,使用原书例句与原书中文译文。,True
n3_0855,0855,N3,8,54,56,手段,しゅだん,名,手段；办法,手段；办法,目的のために手段を選ばないのはよくない。,目的のために手段を選ばないのはよくない。,为达目的不择手段是不可取的。,为达目的不择手段是不可取的。,original_book,,使用原书例句与原书中文译文。,True
n3_0856,0856,N3,8,54,56,ジョギング,ジョギング,名,慢跑,慢跑,ジョギングとは、ゆっくりした速さで走ることです。,ジョギングとは、ゆっくりした速さで走ることです。,慢跑就是慢速跑步。,慢跑就是慢速跑步。,original_book,,使用原书例句与原书中文译文。,True
n3_0857,0857,N3,8,54,56,食品,しょくひん,名,食品,食品,食品とは人が食用にする品物の総称です。,食品とは人が食用にする品物の総称です。,食品是供人食用的物品总称。,食品是供人食用的物品总称。,original_book,,使用原书例句与原书中文译文。,True
n3_0858,0858,N3,8,54,56,食物,しょくもつ,名,食物，食品,食物，食品,消化の良い食物を取ります。,消化の良い食物を取ります。,吃易消化的食物。,吃易消化的食物。,original_book,,使用原书例句与原书中文译文。,True
n3_0859,0859,N3,8,54,56,末っ子,すえっこ,名,最小的儿子（女儿），兄弟姐妹中最年幼者,最小的儿子（女儿），兄弟姐妹中最年幼者,彼は末っ子だ。,彼は末っ子だ。,他是最小的孩子。,他是最小的孩子。,original_book,,使用原书例句与原书中文译文。,True
n3_0860,0860,N3,8,54,56,少しも,すこしも,副,（后接否定）一点儿也（不），丝毫也（不）,（后接否定）一点儿也（不），丝毫也（不）,少しも寒くない。,少しも寒くない。,一点儿也不冷。,一点儿也不冷。,original_book,,使用原书例句与原书中文译文。,True
n3_0861,0861,N3,8,54,56,頭痛,ずつう,名,头疼,头疼,薬で頭痛をなおす。,薬で頭痛をなおす。,吃药治疗头痛。,吃药治疗头痛。,original_book,,使用原书例句与原书中文译文。,True
n3_0862,0862,N3,8,54,56,即ち,すなわち,接续,即，也就是说,即，也就是说,それが即ちわたしの指摘した点だ。,それが即ちわたしの指摘した点だ。,那就是我指出的问题。,那就是我指出的问题。,original_book,,使用原书例句与原书中文译文。,True
n3_0863,0863,N3,8,54,56,澄む,すむ,自五,清澈；天空无云；声音清亮,清澈；天空无云；声音清亮,池の底まで澄んで見える。,池の底まで澄んで見える。,池塘里的水清澈见底。,池塘里的水清澈见底。,original_book,,使用原书例句与原书中文译文。,True
n3_0864,0864,N3,8,54,56,精神,せいしん,名,精神，意志,精神，意志,精神に異常をきたす。,精神に異常をきたす。,引起精神异常。,引起精神异常。,original_book,,使用原书例句与原书中文译文。,True
n3_0865,0865,N3,8,54,56,成績,せいせき,名,成绩,成绩,数学の成績が下がった。,数学の成績が下がった。,数学成绩下降了。,数学成绩下降了。,original_book,,使用原书例句与原书中文译文。,True
n3_0866,0866,N3,8,54,56,生存,せいぞん,名·自サ,生存；活下来,生存；活下来,あの飛行機事故で生存している者がいた。,あの飛行機事故で生存している者がいた。,那起飞机事故中有幸存者。,那起飞机事故中有幸存者。,original_book,,使用原书例句与原书中文译文。,True
n3_0867,0867,N3,8,55,57,創作,そうさく,名·他サ,创作,创作,その話は彼女の創作だから、信じることはない。,その話は彼女の創作だから、信じることはない。,那是她编造的故事，信不得。,那是她编造的故事，信不得。,original_book,,使用原书例句与原书中文译文。,True
n3_0868,0868,N3,8,55,57,装置,そうち,名·他サ,设置；装置，设备,设置；装置，设备,自然に発火する装置になっている。,自然に発火する装置になっている。,这是一种可以自动点火的装置。,这是一种可以自动点火的装置。,original_book,,使用原书例句与原书中文译文。,True
n3_0869,0869,N3,8,55,57,そわそわ,そわそわ,副·自サ,坐立不安,坐立不安,明日の試験のことを考えると、そわそわして落ち着かない。,明日の試験のことを考えると、そわそわして落ち着かない。,一想到明天的考试就心神不定。,一想到明天的考试就心神不定。,original_book,,使用原书例句与原书中文译文。,True
n3_0870,0870,N3,8,55,57,体育館,たいいくかん,名,体育馆,体育馆,学校の体育館で、毎年文化祭のイベントが開催される。,学校の体育館で、毎年文化祭のイベントが開催される。,每年都在学校体育馆举办文化节。,每年都在学校体育馆举办文化节。,original_book,,使用原书例句与原书中文译文。,True
n3_0871,0871,N3,8,55,57,体育の日,たいいくのひ,名,日本体育节（每年10月的第二个星期二）,日本体育节（每年10月的第二个星期二）,体育の日は、家族で近くの公園でスポーツを楽しんだ。,体育の日は、家族で近くの公園でスポーツを楽しんだ。,体育节那天，全家人在附近的公园里享受了运动的乐趣。,体育节那天，全家人在附近的公园里享受了运动的乐趣。,original_book,,使用原书例句与原书中文译文。,True
n3_0872,0872,N3,8,55,57,台数,だいすう,名,辆数，台数,辆数，台数,昨年、当社の乗用車の生産台数は50万台を超えました。,昨年、当社の乗用車の生産台数は50万台を超えました。,去年，本公司汽车产量超过了50万辆。,去年，本公司汽车产量超过了50万辆。,original_book,,使用原书例句与原书中文译文。,True
n3_0873,0873,N3,8,55,57,大部分,だいぶぶん,名,大部分；基本上，差不多,大部分；基本上，差不多,出席者の大部分は家庭の主婦だ。,出席者の大部分は家庭の主婦だ。,出席者大多是家庭主妇。,出席者大多是家庭主妇。,original_book,,使用原书例句与原书中文译文。,True
n3_0874,0874,N3,8,55,57,タイプライター,タイプライター,名,打字机（在日本该词已成为旧词）,打字机（在日本该词已成为旧词）,この博物館には古いタイプライターが展示されています。,この博物館には古いタイプライターが展示されています。,这家博物馆展出了旧式打字机。,这家博物馆展出了旧式打字机。,original_book,,使用原书例句与原书中文译文。,True
n3_0875,0875,N3,8,55,57,タイヤ,タイヤ,名,轮胎,轮胎,タイヤに空気を入れる。,タイヤに空気を入れる。,给轮胎打气。,给轮胎打气。,original_book,,使用原书例句与原书中文译文。,True
n3_0876,0876,N3,8,55,57,ダイヤ,ダイヤ・ダイヤグラム,名,铁路运行表，列车时刻表,铁路运行表，列车时刻表,列車はダイヤ通りに運行している。,列車はダイヤ通りに運行している。,列车正按照时刻表运行。,列车正按照时刻表运行。,original_book,,使用原书例句与原书中文译文。,True
n3_0877,0877,N3,8,55,57,ダイヤ,ダイヤ・ダイヤモンド,名,钻石,钻石,花嫁はダイヤモンドの指輪を嵌めている。,花嫁はダイヤモンドの指輪を嵌めている。,新娘带着钻石戒指。,新娘带着钻石戒指。,original_book,,使用原书例句与原书中文译文。,True
n3_0878,0878,N3,8,55,57,チーム,チーム,名,团体，队,团体，队,彼は我々の野球チームに入っている。,彼は我々の野球チームに入っている。,他加入了我们的棒球队。,他加入了我们的棒球队。,original_book,,使用原书例句与原书中文译文。,True
n3_0879,0879,N3,8,55,57,つい,つい,副,一不小心，终于；刚刚,一不小心，终于；刚刚,つい笑い出してしまった。,つい笑い出してしまった。,一不小心笑出来了。,一不小心笑出来了。,original_book,,使用原书例句与原书中文译文。,True
n3_0880,0880,N3,8,55,57,通,つう,名,一封（信）,一封（信）,彼女に一通のラブレターを書きました。,彼女に一通のラブレターを書きました。,我给她写了一封情书。,我给她写了一封情书。,original_book,,使用原书例句与原书中文译文。,True
n3_0881,0881,N3,8,55,57,低下,ていか,名·自サ,降低，下降；减弱,降低，下降；减弱,生徒の学力がめだって低下している。,生徒の学力がめだって低下している。,学生的学习能力明显下降。,学生的学习能力明显下降。,original_book,,使用原书例句与原书中文译文。,True
n3_0882,0882,N3,8,55,57,定期,ていき,名,定期（的车票、存款等）；定期,定期（的车票、存款等）；定期,このイベントは毎年定期に開催されます。,このイベントは毎年定期に開催されます。,这个活动每年定期举办。,这个活动每年定期举办。,original_book,,使用原书例句与原书中文译文。,True
n3_0883,0883,N3,8,55,57,党,とう,名,党，党羽，同伙,党，党羽，同伙,党を結成して戦う。,党を結成して戦う。,结党而战。,结党而战。,original_book,,使用原书例句与原书中文译文。,True
n3_0884,0884,N3,8,55,57,どうか,どうか,副,请；务请，设法,请；务请，设法,どうか気を落とさないでください。,どうか気を落とさないでください。,请不要灰心。,请不要灰心。,original_book,,使用原书例句与原书中文译文。,True
n3_0885,0885,N3,8,56,58,図書,としょ,名,图书,图书,新学期のために本屋へ行って図書を購入する。,新学期のために本屋へ行って図書を購入する。,去书店买书，为新学期作准备。,去书店买书，为新学期作准备。,original_book,,使用原书例句与原书中文译文。,True
n3_0886,0886,N3,8,56,58,都心,としん,名,都市中心,都市中心,彼は都心に住んでいる。,彼は都心に住んでいる。,他住在市中心。,他住在市中心。,original_book,,使用原书例句与原书中文译文。,True
n3_0887,0887,N3,8,56,58,突然,とつぜん,副·形动,忽然,忽然,突然の吉報で驚いた。,突然の吉報で驚いた。,对突如其来的喜讯感到震惊。,对突如其来的喜讯感到震惊。,original_book,,使用原书例句与原书中文译文。,True
n3_0888,0888,N3,8,56,58,仲間,なかま,名,同志；朋友，伙伴，一伙,同志；朋友，伙伴，一伙,趣味を同じにする仲間に加わる。,趣味を同じにする仲間に加わる。,加入到有相同爱好的朋友中。,加入到有相同爱好的朋友中。,original_book,,使用原书例句与原书中文译文。,True
n3_0889,0889,N3,8,56,58,眺め,ながめ,名,眺望，瞭望；景色，风景，景致,眺望，瞭望；景色，风景，景致,丘の 頂 からの眺めはすばらしい。,丘の頂からの眺めはすばらしい。,从山顶眺望，景色非常美。,从山顶眺望，景色非常美。,original_book,,使用原书例句与原书中文译文。,True
n3_0890,0890,N3,8,56,58,眺める,ながめる,他一,眺望，远眺,眺望，远眺,子供たちが庭で遊んでいるのを眺めた。,子供たちが庭で遊んでいるのを眺めた。,远远地看到了在院子里玩耍的孩子们。,远远地看到了在院子里玩耍的孩子们。,original_book,,使用原书例句与原书中文译文。,True
n3_0891,0891,N3,8,56,58,仲良し,なかよし,名,相好，友好；相好的人，好朋友,相好，友好；相好的人，好朋友,彼は子供時代の仲良しだ。,彼は子供時代の仲良しだ。,他是我孩童时代的好朋友。,他是我孩童时代的好朋友。,original_book,,使用原书例句与原书中文译文。,True
n3_0892,0892,N3,8,56,58,根,ね,名,根；根底；根源,根；根底；根源,この植物は百年も前にこの地方に根を下ろした。,この植物は百年も前にこの地方に根を下ろした。,早在100年前，这种植物就在这个地方扎根了。,早在100年前，这种植物就在这个地方扎根了。,original_book,,使用原书例句与原书中文译文。,True
n3_0893,0893,N3,8,56,58,能率,のうりつ,名,效率；劳动生产率,效率；劳动生产率,能率が上がる,能率が上がる,效率提高,效率提高,original_book,,使用原书例句与原书中文译文。,True
n3_0894,0894,N3,8,56,58,パート,パート,名,部分；临时工,部分；临时工,この小説は六つのパートに分かれている。,この小説は六つのパートに分かれている。,这部小说分成了六个部分。,这部小说分成了六个部分。,original_book,,使用原书例句与原书中文译文。,True
n3_0895,0895,N3,8,56,58,発,はつ,名·接尾,开出，发出,开出，发出,羽田10時発の飛行機で出かける。,羽田10時発の飛行機で出かける。,乘坐羽田机场10点起飞的飞机。,乘坐羽田机场10点起飞的飞机。,original_book,,使用原书例句与原书中文译文。,True
n3_0896,0896,N3,8,56,58,初,はつ,名,最初，首次,最初，首次,初舞台を踏む,初舞台を踏む,初次登台,初次登台,original_book,,使用原书例句与原书中文译文。,True
n3_0897,0897,N3,8,56,58,払い戻し,はらいもどし,名,退款,退款,チケットを使わなくなったので、払い戻しを申し込んだ。,チケットを使わなくなったので、払い戻しを申し込んだ。,票用不着了，于是我申请退票。,票用不着了，于是我申请退票。,original_book,,使用原书例句与原书中文译文。,True
n3_0898,0898,N3,8,56,58,払い戻す,はらいもどす,他五,退款；付还,退款；付还,キャンセルした商品の代金を払い戻す手続きをした。,キャンセルした商品の代金を払い戻す手続きをした。,已为取消订单的商品办理了退款手续。,已为取消订单的商品办理了退款手续。,original_book,,使用原书例句与原书中文译文。,True
n3_0899,0899,N3,8,56,58,半額,はんがく,名,半价,半价,セールで半額になっていたので、たくさん買った。,セールで半額になっていたので、たくさん買った。,促销期间半价，于是我买了很多。,促销期间半价，于是我买了很多。,original_book,,使用原书例句与原书中文译文。,True
n3_0900,0900,N3,8,56,58,半袖,はんそで,名,短袖,短袖,夏は半袖のシャツをよく着る。,夏は半袖のシャツをよく着る。,夏天常穿短袖衬衫。,夏天常穿短袖衬衫。,original_book,,使用原书例句与原书中文译文。,True
n3_0901,0901,N3,8,56,58,灯,ひ,名,灯，灯光,灯，灯光,灯を消す,灯を消す,关灯,关灯,original_book,,使用原书例句与原书中文译文。,True
n3_0902,0902,N3,8,57,59,ピアニスト,ピアニスト,名,钢琴家,钢琴家,幼い頃からピアニストになるために母親に厳しく教育された。,幼い頃からピアニストになるために母親に厳しく教育された。,为了让我成为钢琴家，从小母亲就严格教育我。,为了让我成为钢琴家，从小母亲就严格教育我。,original_book,,使用原书例句与原书中文译文。,True
n3_0903,0903,N3,8,57,59,風景,ふうけい,名,风景，景色；景致,风景，景色；景致,田園風景が広がってきた。,田園風景が広がってきた。,眼前是一片田园风光。,眼前是一片田园风光。,original_book,,使用原书例句与原书中文译文。,True
n3_0904,0904,N3,8,57,59,含む,ふくむ,他五,含；带有，含有,含；带有，含有,この本には有益な情報が含まれている。,この本には有益な情報が含まれている。,这本书包含着很有价值的信息。,这本书包含着很有价值的信息。,original_book,,使用原书例句与原书中文译文。,True
n3_0905,0905,N3,8,57,59,触れる,ふれる,自他一,触，碰，接触；涉及，触及，提到，谈到,触，碰，接触；涉及，触及，提到，谈到,目に触れるものはみな面白かった。,目に触れるものはみな面白かった。,眼前所见都非常有意思。,眼前所见都非常有意思。,original_book,,使用原书例句与原书中文译文。,True
n3_0906,0906,N3,8,57,59,平凡,へいぼん,名·形动,平凡，庸碌；通俗,平凡，庸碌；通俗,平凡な生活にこそ価値がある。,平凡な生活にこそ価値がある。,平凡的生活才有价值。,平凡的生活才有价值。,original_book,,使用原书例句与原书中文译文。,True
n3_0907,0907,N3,8,57,59,法,ほう,名,规章，规矩，准则；条理，道理,规章，规矩，准则；条理，道理,法に従う,法に従う,遵从法律,遵从法律,original_book,,使用原书例句与原书中文译文。,True
n3_0908,0908,N3,8,57,59,誇り,ほこり,名,自豪，骄傲；自尊心，荣誉,自豪，骄傲；自尊心，荣誉,誇りをもって活動する。,誇りをもって活動する。,自豪地开展活动。,自豪地开展活动。,original_book,,使用原书例句与原书中文译文。,True
n3_0909,0909,N3,8,57,59,まごまご,まごまご,副·自サ,张皇失措，手忙脚乱；闲逛，游荡,张皇失措，手忙脚乱；闲逛，游荡,隣が火事になり、まごまごするばかりで何ひとつ持ち出せなかった。,隣が火事になり、まごまごするばかりで何ひとつ持ち出せなかった。,隔壁失火了，我一时张皇失措，什么都没带出来。,隔壁失火了，我一时张皇失措，什么都没带出来。,original_book,,使用原书例句与原书中文译文。,True
n3_0910,0910,N3,8,57,59,まさか,まさか,副,难道，决（不），怎能，怎会,难道，决（不），怎能，怎会,まさか子供たちだけで旅行させるんじゃないだろうね。,まさか子供たちだけで旅行させるんじゃないだろうね。,你不会让孩子们自己去旅游吧？,你不会让孩子们自己去旅游吧？,original_book,,使用原书例句与原书中文译文。,True
n3_0911,0911,N3,8,57,59,真っ赤,まっか,名·形动,通红，鲜红,通红，鲜红,二人は顔を真っ赤にして議論している。,二人は顔を真っ赤にして議論している。,两个人争论得面红耳赤。,两个人争论得面红耳赤。,original_book,,使用原书例句与原书中文译文。,True
n3_0912,0912,N3,8,57,59,味噌汁,みそしる,名,酱汤,酱汤,味噌汁の作り方を母に習った。,味噌汁の作り方を母に習った。,跟妈妈学了酱汤的做法。,跟妈妈学了酱汤的做法。,original_book,,使用原书例句与原书中文译文。,True
n3_0913,0913,N3,8,57,59,土産,みやげ,名,土特产，特产；礼品，礼物,土特产，特产；礼品，礼物,この知らせが両親に何よりのみやげになる。,この知らせが両親に何よりのみやげになる。,这个消息对父母来说将是再好不过的礼物。,这个消息对父母来说将是再好不过的礼物。,original_book,,使用原书例句与原书中文译文。,True
n3_0914,0914,N3,8,57,59,向ける,むける,他一,向，朝，对；派遣，差遣,向，朝，对；派遣，差遣,新しい事態に皆の注意を向けた。,新しい事態に皆の注意を向けた。,大家把注意力转向了新的事态。,大家把注意力转向了新的事态。,original_book,,使用原书例句与原书中文译文。,True
n3_0915,0915,N3,8,57,59,目指す,めざす,他五,以……为目标,以……为目标,速さではなく、安全性を目指してプログラムの開発をしています。,速さではなく、安全性を目指してプログラムの開発をしています。,项目开发的目标不是速度，而是安全性。,项目开发的目标不是速度，而是安全性。,original_book,,使用原书例句与原书中文译文。,True
n3_0916,0916,N3,8,57,59,元より,もとより,副,本来，原来；当然，固然，不用说,本来，原来；当然，固然，不用说,日記をつけるのが大変なのは元より承知の上だ。,日記をつけるのが大変なのは元より承知の上だ。,我原本就知道记日记很辛苦。,我原本就知道记日记很辛苦。,original_book,,使用原书例句与原书中文译文。,True
n3_0917,0917,N3,8,58,60,訳す,やくす,他五,译，翻译,译，翻译,この言葉をもっと優しい言葉に訳してください。,この言葉をもっと優しい言葉に訳してください。,请将这个词语用更简单的话翻译出来。,请将这个词语用更简单的话翻译出来。,original_book,,使用原书例句与原书中文译文。,True
n3_0918,0918,N3,8,58,60,郵便番号,ゆうびんばんごう,名,邮政编码,邮政编码,手紙を送るときは、正しい郵便番号を書かないといけない。,手紙を送るときは、正しい郵便番号を書かないといけない。,寄信时必须写对邮政编码。,寄信时必须写对邮政编码。,original_book,,使用原书例句与原书中文译文。,True
n3_0919,0919,N3,8,58,60,ユーロ,ユーロ,名,欧元,欧元,ヨーロッパ旅行のために、ユーロを両替した。,ヨーロッパ旅行のために、ユーロを両替した。,为了去欧洲旅行，我兑换了欧元。,为了去欧洲旅行，我兑换了欧元。,original_book,,使用原书例句与原书中文译文。,True
n3_0920,0920,N3,8,58,60,浴衣,ゆかた,名,夏季穿的单和服；浴衣,夏季穿的单和服；浴衣,夏祭りではみんなで浴衣を着て楽しんだ。,夏祭りではみんなで浴衣を着て楽しんだ。,夏日祭典时，大家都穿上浴衣，玩得很开心。,夏日祭典时，大家都穿上浴衣，玩得很开心。,original_book,,使用原书例句与原书中文译文。,True
n3_0921,0921,N3,8,58,60,酔う,よう,自五,醉，喝醉；晕；陶醉,醉，喝醉；晕；陶醉,船に乗るとすぐに酔ってしまう。,船に乗るとすぐに酔ってしまう。,一坐船就晕。,一坐船就晕。,original_book,,使用原书例句与原书中文译文。,True
n3_0922,0922,N3,8,58,60,要するに,ようするに,副,总之，总而言之；总归,总之，总而言之；总归,要するに彼は学長の器ではなかったのだ。,要するに彼は学長の器ではなかったのだ。,总之，他不是当大学校长的料。,总之，他不是当大学校长的料。,original_book,,使用原书例句与原书中文译文。,True
n3_0923,0923,N3,8,58,60,乱暴,らんぼう,名·形动·自サ,粗暴，粗鲁，粗野；蛮横，蛮不讲理；胡乱，胡来,粗暴，粗鲁，粗野；蛮横，蛮不讲理；胡乱，胡来,そういう話し方は女性に対しては乱暴だよ。,そういう話し方は女性に対しては乱暴だよ。,对女生用那种说话方式很粗鲁。,对女生用那种说话方式很粗鲁。,original_book,,使用原书例句与原书中文译文。,True
n3_0924,0924,N3,8,58,60,利口,りこう,名·形动,聪明，伶俐，机灵,聪明，伶俐，机灵,あの人は利口だから自分が傷付くようなことはしない。,あの人は利口だから自分が傷付くようなことはしない。,那个人很聪明，不会做让自己吃亏的事情。,那个人很聪明，不会做让自己吃亏的事情。,original_book,,使用原书例句与原书中文译文。,True
n3_0925,0925,N3,8,58,60,レッスン,レッスン,名,功课，课程,功课，课程,子供たちが音楽のレッスンをしている。,子供たちが音楽のレッスンをしている。,孩子们在上音乐课。,孩子们在上音乐课。,original_book,,使用原书例句与原书中文译文。,True
n3_0926,0926,N3,8,58,60,レバー,レバー,名,杆，杠杆,杆，杠杆,レバーを前に倒す。,レバーを前に倒す。,向前推杠杆。,向前推杠杆。,original_book,,使用原书例句与原书中文译文。,True
n3_0927,0927,N3,8,58,60,老人ホーム,ろうじんホーム,名,养老院，老人之家,养老院，老人之家,祖父は近くの老人ホームで穏やかに過ごしている。,祖父は近くの老人ホームで穏やかに過ごしている。,爷爷在附近的养老院安稳度日。,爷爷在附近的养老院安稳度日。,original_book,,使用原书例句与原书中文译文。,True
n3_0928,0928,N3,8,58,60,労働,ろうどう,名·自サ,劳动，工作,劳动，工作,我々の会社では7時間労働だ。,我々の会社では7時間労働だ。,我们公司是7小时工作制。,我们公司是7小时工作制。,original_book,,使用原书例句与原书中文译文。,True
n3_0929,0929,N3,8,58,60,わくわく,わくわく,副·自サ,欢欣雀跃，心情激动,欢欣雀跃，心情激动,旅行の計画を立てるとき、いつもわくわくする。,旅行の計画を立てるとき、いつもわくわくする。,制订旅行计划时总是感到兴奋不已。,制订旅行计划时总是感到兴奋不已。,original_book,,使用原书例句与原书中文译文。,True
n3_0930,0930,N3,8,58,60,わざわざ,わざわざ,副,特意；故意,特意；故意,遠くからわざわざ私の誕生日を祝いに来てくれた。,遠くからわざわざ私の誕生日を祝いに来てくれた。,特地大老远地跑来为我庆祝生日。,特地大老远地跑来为我庆祝生日。,original_book,,使用原书例句与原书中文译文。,True
n3_0931,0931,N3,8,58,60,割り勘,わりかん,名,AA制,AA制,友達と食事に行く時は、いつも割り勘にする。,友達と食事に行く時は、いつも割り勘にする。,和朋友去吃饭时，结账总是采用AA制。,和朋友去吃饭时，结账总是采用AA制。,original_book,,使用原书例句与原书中文译文。,True
n3_0932,0932,N3,9,59,61,溢れる,あふれる,自一,溢出；充满,溢出；充满,彼の心は喜びに溢れている。,彼の心は喜びに溢れている。,他的内心充满了喜悦之情。,他的内心充满了喜悦之情。,original_book,,使用原书例句与原书中文译文。,True
n3_0933,0933,N3,9,59,61,偉大,いだい,形动,伟大,伟大,彼は科学者として偉大です。,彼は科学者として偉大です。,他是伟大的科学家。,他是伟大的科学家。,original_book,,使用原书例句与原书中文译文。,True
n3_0934,0934,N3,9,59,61,一定,いってい,名·自サ,固定；一定,固定；一定,一定の条件が整えば成功するでしょう。,一定の条件が整えば成功するでしょう。,只要备齐一定的条件就会成功吧。,只要备齐一定的条件就会成功吧。,original_book,,使用原书例句与原书中文译文。,True
n3_0935,0935,N3,9,59,61,売れ行き,うれゆき,名,销路，销量,销路，销量,あの作家の本は売れ行きがいいです。,あの作家の本は売れ行きがいいです。,那个作家的书卖得很好。,那个作家的书卖得很好。,original_book,,使用原书例句与原书中文译文。,True
n3_0936,0936,N3,9,59,61,犯す,おかす,他五,违反；冒犯,违反；冒犯,同じ間違いを犯すな。,同じ間違いを犯すな。,不要犯同一个错误。,不要犯同一个错误。,original_book,,使用原书例句与原书中文译文。,True
n3_0937,0937,N3,9,59,61,御代わり,おかわり,名·他サ,再来一份，再添一碗（杯）,再来一份，再添一碗（杯）,御飯をもう一杯御代わりします。,御飯をもう一杯御代わりします。,我再来一碗饭。,我再来一碗饭。,original_book,,使用原书例句与原书中文译文。,True
n3_0938,0938,N3,9,59,61,贈る,おくる,他五,赠送；授予,赠送；授予,卒業生に記念品を贈ります。,卒業生に記念品を贈ります。,向毕业生赠送纪念品。,向毕业生赠送纪念品。,original_book,,使用原书例句与原书中文译文。,True
n3_0939,0939,N3,9,59,61,温暖化,おんだんか,名,变暖,变暖,温暖化によって気候が変わってきている。,温暖化によって気候が変わってきている。,气候因变暖而逐渐发生变化。,气候因变暖而逐渐发生变化。,original_book,,使用原书例句与原书中文译文。,True
n3_0940,0940,N3,9,59,61,解散,かいさん,名·自他サ,解散,解散,試合が終わり、チームは解散した。,試合が終わり、チームは解散した。,训练结束，球队解散了。,训练结束，球队解散了。,original_book,,使用原书例句与原书中文译文。,True
n3_0941,0941,N3,9,59,61,解消,かいしょう,名·自他サ,解除，取消，消灭,解除，取消，消灭,運動すると、ストレスが解消される。,運動すると、ストレスが解消される。,运动可以消除压力。,运动可以消除压力。,original_book,,使用原书例句与原书中文译文。,True
n3_0942,0942,N3,9,59,61,価格,かかく,名,价格,价格,豚肉の価格がさらに上がるでしょう。,豚肉の価格がさらに上がるでしょう。,猪肉价格会继续上涨吧。,猪肉价格会继续上涨吧。,original_book,,使用原书例句与原书中文译文。,True
n3_0943,0943,N3,9,59,61,限る,かぎる,他自五,限定，限制，仅限于,限定，限制，仅限于,限られた時間内で完成するのはちょっと難しいです。,限られた時間内で完成するのはちょっと難しいです。,在有限的时间内完成是有点儿难的。,在有限的时间内完成是有点儿难的。,original_book,,使用原书例句与原书中文译文。,True
n3_0944,0944,N3,9,59,61,学者,がくしゃ,名,学者,学者,彼は一流の学者です。,彼は一流の学者です。,他是一流的学者。,他是一流的学者。,original_book,,使用原书例句与原书中文译文。,True
n3_0945,0945,N3,9,59,61,気候,きこう,名,气候,气候,気候の暖かい国へ旅行したいです。,気候の暖かい国へ旅行したいです。,想去气候温暖的国家旅行。,想去气候温暖的国家旅行。,original_book,,使用原书例句与原书中文译文。,True
n3_0946,0946,N3,9,59,61,基礎,きそ,名,根基，基础,根基，基础,あの学生は文法の基礎知識がしっかりしています。,あの学生は文法の基礎知識がしっかりしています。,那个学生的语法基础知识掌握得很牢固。,那个学生的语法基础知识掌握得很牢固。,original_book,,使用原书例句与原书中文译文。,True
n3_0947,0947,N3,9,59,61,切っ掛け,きっかけ,名,起首，契机，开端,起首，契机，开端,小さいことが切っ掛けでけんかになりました。,小さいことが切っ掛けでけんかになりました。,因为一件小事吵了起来。,因为一件小事吵了起来。,original_book,,使用原书例句与原书中文译文。,True
n3_0948,0948,N3,9,60,62,記録,きろく,名·他サ,记载，记录,记载，记录,ノートに出席者の名前を記録しておいてください。,ノートに出席者の名前を記録しておいてください。,请在笔记本上记录出席者的名字。,请在笔记本上记录出席者的名字。,original_book,,使用原书例句与原书中文译文。,True
n3_0949,0949,N3,9,60,62,屑,くず,名,碎块，碎片，碎渣；废物，废料,碎块，碎片，碎渣；废物，废料,テーブルの上にパンの屑がいっぱいあります。,テーブルの上にパンの屑がいっぱいあります。,桌子上满是面包屑。,桌子上满是面包屑。,original_book,,使用原书例句与原书中文译文。,True
n3_0950,0950,N3,9,60,62,決定,けってい,名·他自サ,决定,决定,予算を一億円以内に決定します。,予算を一億円以内に決定します。,决定将预算控制在一亿日元以内。,决定将预算控制在一亿日元以内。,original_book,,使用原书例句与原书中文译文。,True
n3_0951,0951,N3,9,60,62,欠点,けってん,名,缺点，缺陷；短处,缺点，缺陷；短处,地震の多いのが日本の欠点です。,地震の多いのが日本の欠点です。,地震频发是日本的不利之处。,地震频发是日本的不利之处。,original_book,,使用原书例句与原书中文译文。,True
n3_0952,0952,N3,9,60,62,胡椒,こしょう,名,胡椒,胡椒,店員は胡椒を求めるお客さんに笑顔で対応します。,店員は胡椒を求めるお客さんに笑顔で対応します。,店员微笑地接待需要胡椒的顾客。,店员微笑地接待需要胡椒的顾客。,original_book,,使用原书例句与原书中文译文。,True
n3_0953,0953,N3,9,60,62,個人,こじん,名,个人,个人,個人の資格で参加します。,個人の資格で参加します。,以个人身份参加。,以个人身份参加。,original_book,,使用原书例句与原书中文译文。,True
n3_0954,0954,N3,9,60,62,コスト,コスト,名,成本,成本,コストを切り詰める,コストを切り詰める,缩减成本,缩减成本,original_book,,使用原书例句与原书中文译文。,True
n3_0955,0955,N3,9,60,62,さっさと,さっさと,副,赶快地，迅速地，赶紧地,赶快地，迅速地，赶紧地,さっさと博物館を出るつもりです。,さっさと博物館を出るつもりです。,想赶快离开博物馆。,想赶快离开博物馆。,original_book,,使用原书例句与原书中文译文。,True
n3_0956,0956,N3,9,60,62,ざっと,ざっと,副,粗略地，简略地，略微，大略,粗略地，简略地，略微，大略,書類にざっと目を通します。,書類にざっと目を通します。,简略地看文件。,简略地看文件。,original_book,,使用原书例句与原书中文译文。,True
n3_0957,0957,N3,9,60,62,さっぱり,さっぱり,副·自サ,整洁，利落；潇洒，直爽,整洁，利落；潇洒，直爽,彼はさっぱりした性格の持ち主です。,彼はさっぱりした性格の持ち主です。,他性格直爽。,他性格直爽。,original_book,,使用原书例句与原书中文译文。,True
n3_0958,0958,N3,9,60,62,仕上がり,しあがり,名,完成，做完,完成，做完,スーツの仕上がりが期待以上でした。,スーツの仕上がりが期待以上でした。,西装完成后的效果超乎预期。,西装完成后的效果超乎预期。,original_book,,使用原书例句与原书中文译文。,True
n3_0959,0959,N3,9,60,62,仕上がる,しあがる,自五,做完，完成,做完，完成,服はまだ仕上がりません。,服はまだ仕上がりません。,衣服还没有做好。,衣服还没有做好。,original_book,,使用原书例句与原书中文译文。,True
n3_0960,0960,N3,9,60,62,支社,ししゃ,名,分公司，分行,分公司，分行,9月に大阪支社は開設されます。,9月に大阪支社は開設されます。,九月份开设大阪分公司。,九月份开设大阪分公司。,original_book,,使用原书例句与原书中文译文。,True
n3_0961,0961,N3,9,60,62,自習,じしゅう,名·他サ,自习，自学,自习，自学,先生がお休みなのでこの時間は自習を行います。,先生がお休みなのでこの時間は自習を行います。,老师今天请假了，这节课自习。,老师今天请假了，这节课自习。,original_book,,使用原书例句与原书中文译文。,True
n3_0962,0962,N3,9,60,62,出版,しゅっぱん,名·他サ,出版,出版,その本は出版されています。,その本は出版されています。,那本书出版了。,那本书出版了。,original_book,,使用原书例句与原书中文译文。,True
n3_0963,0963,N3,9,60,62,主婦,しゅふ,名,主妇，家庭妇女,主妇，家庭妇女,家の主婦として忙しく働きます。,家の主婦として忙しく働きます。,在家庭主妇的岗位上忙碌地工作。,在家庭主妇的岗位上忙碌地工作。,original_book,,使用原书例句与原书中文译文。,True
n3_0964,0964,N3,9,60,62,需要,じゅよう,名,要求；需要，需求,要求；需要，需求,ビールの需要が多いです。,ビールの需要が多いです。,啤酒的需求很大。,啤酒的需求很大。,original_book,,使用原书例句与原书中文译文。,True
n3_0965,0965,N3,9,60,62,水蒸気,すいじょうき,名,水蒸气,水蒸气,空気に入ることができる水蒸気の量には限りがあります。,空気に入ることができる水蒸気の量には限りがあります。,能进入空气中的水蒸气的量是有限的。,能进入空气中的水蒸气的量是有限的。,original_book,,使用原书例句与原书中文译文。,True
n3_0966,0966,N3,9,60,62,スイッチ,スイッチ,名,开关,开关,電灯のスイッチを入れる。,電灯のスイッチを入れる。,打开灯的开关。,打开灯的开关。,original_book,,使用原书例句与原书中文译文。,True
n3_0967,0967,N3,9,60,62,制度,せいど,名,制度,制度,新しい税金制度が来年から施行されます。,新しい税金制度が来年から施行されます。,新的税收制度将从明年开始实施。,新的税收制度将从明年开始实施。,original_book,,使用原书例句与原书中文译文。,True
n3_0968,0968,N3,9,61,63,整備,せいび,名·他サ,配备；维护,配备；维护,地方の小都市でも道路がきちんと整備されていた。,地方の小都市でも道路がきちんと整備されていた。,即使是地方的小城市，道路也被维护得很好。,即使是地方的小城市，道路也被维护得很好。,original_book,,使用原书例句与原书中文译文。,True
n3_0969,0969,N3,9,61,63,世間,せけん,名,世上，社会,世上，社会,彼は世間が言うほど悪くはない。,彼は世間が言うほど悪くはない。,他不像社会上流传的那样坏。,他不像社会上流传的那样坏。,original_book,,使用原书例句与原书中文译文。,True
n3_0970,0970,N3,9,61,63,添う,そう,自五,跟随，陪伴；结为夫妇；符合，满足,跟随，陪伴；结为夫妇；符合，满足,ご希望に添うように努力しましょう。,ご希望に添うように努力しましょう。,努力如您所愿。,努力如您所愿。,original_book,,使用原书例句与原书中文译文。,True
n3_0971,0971,N3,9,61,63,そのまま,そのまま,副,原原本本，原封不动；就像那样地,原原本本，原封不动；就像那样地,彼女は怒って出て行ったきり、そのままずっと帰ってこない。,彼女は怒って出て行ったきり、そのままずっと帰ってこない。,她生气后离开，再也没有回来。,她生气后离开，再也没有回来。,original_book,,使用原书例句与原书中文译文。,True
n3_0972,0972,N3,9,61,63,ソファー,ソファー,名,沙发,沙发,ソファーに横になる。,ソファーに横になる。,躺在沙发上。,躺在沙发上。,original_book,,使用原书例句与原书中文译文。,True
n3_0973,0973,N3,9,61,63,体調,たいちょう,名,健康状态，身体条件,健康状态，身体条件,体調が悪い日は、無理をせず休むことが大切だ。,体調が悪い日は、無理をせず休むことが大切だ。,身体不适的日子要休息，不要勉强自己，这很重要。,身体不适的日子要休息，不要勉强自己，这很重要。,original_book,,使用原书例句与原书中文译文。,True
n3_0974,0974,N3,9,61,63,大統領,だいとうりょう,名,总统,总统,アメリカの大統領選挙は世界中の注目を集めた。,アメリカの大統領選挙は世界中の注目を集めた。,美国总统选举吸引了全世界的关注。,美国总统选举吸引了全世界的关注。,original_book,,使用原书例句与原书中文译文。,True
n3_0975,0975,N3,9,61,63,逮捕,たいほ,名·他サ,逮捕，拘捕，捉拿,逮捕，拘捕，捉拿,映画で、警察が犯人を逮捕するシーンがあった。,映画で、警察が犯人を逮捕するシーンがあった。,电影中有一幕场景是警察逮捕罪犯。,电影中有一幕场景是警察逮捕罪犯。,original_book,,使用原书例句与原书中文译文。,True
n3_0976,0976,N3,9,61,63,平ら,たいら,形动,平，平坦；平稳，安静，心平气和,平，平坦；平稳，安静，心平气和,彼はいつも心の平らな人だ。,彼はいつも心の平らな人だ。,他总是心平气和。,他总是心平气和。,original_book,,使用原书例句与原书中文译文。,True
n3_0977,0977,N3,9,61,63,違い,ちがい,名,差异，不同；差错，错误,差异，不同；差错，错误,牛肉と豚肉の味の違いが分からない人がいる。,牛肉と豚肉の味の違いが分からない人がいる。,有人分辨不出牛肉和猪肉的味道。,有人分辨不出牛肉和猪肉的味道。,original_book,,使用原书例句与原书中文译文。,True
n3_0978,0978,N3,9,61,63,縮む,ちぢむ,自五,变短，变小；畏缩,变短，变小；畏缩,洗濯したらセーターが縮んでしまいました。,洗濯したらセーターが縮んでしまいました。,毛衣洗完之后缩水了。,毛衣洗完之后缩水了。,original_book,,使用原书例句与原书中文译文。,True
n3_0979,0979,N3,9,61,63,務める,つとめる,他一,担任；扮演,担任；扮演,今回議長の役を務めさせていただきたいです。,今回議長の役を務めさせていただきたいです。,请允许我担任这次会议的主持人。,请允许我担任这次会议的主持人。,original_book,,使用原书例句与原书中文译文。,True
n3_0980,0980,N3,9,61,63,定価,ていか,名,定价，标价,定价，标价,当店の品はすべて定価どおりに売ります。,当店の品はすべて定価どおりに売ります。,本店所有商品均按定价销售。,本店所有商品均按定价销售。,original_book,,使用原书例句与原书中文译文。,True
n3_0981,0981,N3,9,61,63,溶く,とく,他五,溶解，化开,溶解，化开,ホットケーキを作る時、彼女は卵をミルクに溶いて生地を作った。,ホットケーキを作る時、彼女は卵をミルクに溶いて生地を作った。,在制作烤薄饼时，她将鸡蛋加到牛奶中拌匀，做成了面糊。,在制作烤薄饼时，她将鸡蛋加到牛奶中拌匀，做成了面糊。,original_book,,使用原书例句与原书中文译文。,True
n3_0982,0982,N3,9,61,63,ところで,ところで,接续,（转换话题）可是；哦，对了,（转换话题）可是；哦，对了,ところで、諸君にひとつ相談がある。,ところで、諸君にひとつ相談がある。,对了，我想和诸位商量一件事。,对了，我想和诸位商量一件事。,original_book,,使用原书例句与原书中文译文。,True
n3_0983,0983,N3,9,61,63,無し,なし,名,无，没有,无，没有,このことは無しにしよう。,このことは無しにしよう。,此事就当作没有发生过吧。,此事就当作没有发生过吧。,original_book,,使用原书例句与原书中文译文。,True
n3_0984,0984,N3,9,61,63,除く,のぞく,他五,消除，去掉；铲除；删除；除了,消除，去掉；铲除；删除；除了,芝生の雑草を除く。,芝生の雑草を除く。,清除草坪上的杂草。,清除草坪上的杂草。,original_book,,使用原书例句与原书中文译文。,True
n3_0985,0985,N3,9,61,63,梅雨,ばいう,名,梅雨,梅雨,「梅雨」と書いて「つゆ」とも「ばいう」とも読む。,「梅雨」と書いて「つゆ」とも「ばいう」とも読む。,“梅雨”读作「つゆ」或「ばいう」。,“梅雨”读作「つゆ」或「ばいう」。,original_book,,使用原书例句与原书中文译文。,True
n3_0986,0986,N3,9,62,64,配達,はいたつ,名·他サ,送（报纸、牛奶等）；投递（信件等）,送（报纸、牛奶等）；投递（信件等）,市内は無料で配達する。,市内は無料で配達する。,市内免费配送。,市内免费配送。,original_book,,使用原书例句与原书中文译文。,True
n3_0987,0987,N3,9,62,64,パワー,パワー,名,功率；能力；势力,功率；能力；势力,スポーツをすると、パワーがみなぎってくる感じがする。,スポーツをすると、パワーがみなぎってくる感じがする。,运动让人感觉浑身充满力量。,运动让人感觉浑身充满力量。,original_book,,使用原书例句与原书中文译文。,True
n3_0988,0988,N3,9,62,64,パンク,パンク,名·自サ,爆胎,爆胎,お腹がパンクしそうだ。,お腹がパンクしそうだ。,肚子要撑爆了。,肚子要撑爆了。,original_book,,使用原书例句与原书中文译文。,True
n3_0989,0989,N3,9,62,64,反面,はんめん,名,反面，另一面,反面，另一面,彼はおとなしい反面、大胆なところがある。,彼はおとなしい反面、大胆なところがある。,他有稳重的一面，也有大胆的一面。,他有稳重的一面，也有大胆的一面。,original_book,,使用原书例句与原书中文译文。,True
n3_0990,0990,N3,9,62,64,被害者,ひがいしゃ,名,受灾者，被害人,受灾者，被害人,その事故の被害者はすぐに病院に運ばれた。,その事故の被害者はすぐに病院に運ばれた。,事故的受害者立刻被送往医院了。,事故的受害者立刻被送往医院了。,original_book,,使用原书例句与原书中文译文。,True
n3_0991,0991,N3,9,62,64,日替わり,ひがわり,名,每天更替,每天更替,そのレストランは日替わりメニューが楽しみだ。,そのレストランは日替わりメニューが楽しみだ。,那家餐馆每天更换菜单，这让人期待。,那家餐馆每天更换菜单，这让人期待。,original_book,,使用原书例句与原书中文译文。,True
n3_0992,0992,N3,9,62,64,引き出し,ひきだし,名,抽屉,抽屉,引き出しに鍵を掛ける。习题：鍵は机の の中にあります。1.おしいれ 2.ひきだし3.カーテン 4.ベル解析：答案是2。｢おしいれ｣意为“壁橱”。｢カーテン｣,引き出しに鍵を掛ける。,锁上抽屉。意为“窗帘”。｢ベル｣意为“电铃”。根据题意应选择表示“抽屉”之意的「ひきだし」。,锁上抽屉。,data_cleaned,数据提取清理,移除误并入例句的习题、选项和解析文本。,True
n3_0993,0993,N3,9,62,64,引き出す,ひきだす,他五,抽出；拽出，拉出；诱出,抽出；拽出，拉出；诱出,犬を小屋から引き出した。,犬を小屋から引き出した。,将狗从狗窝里拉了出来。,将狗从狗窝里拉了出来。,original_book,,使用原书例句与原书中文译文。,True
n3_0994,0994,N3,9,62,64,美術,びじゅつ,名,美术,美术,美術的見地から言うとそれは駄作だ。,美術的見地から言うとそれは駄作だ。,从美术角度来说，那真是拙劣之作。,从美术角度来说，那真是拙劣之作。,original_book,,使用原书例句与原书中文译文。,True
n3_0995,0995,N3,9,62,64,不規則,ふきそく,名·形动,不规则，无规律,不规则，无规律,あんな不規則なやり方では研究は成功しないだろう。,あんな不規則なやり方では研究は成功しないだろう。,用那样无规律的做法，研究是不会成功的。,用那样无规律的做法，研究是不会成功的。,original_book,,使用原书例句与原书中文译文。,True
n3_0996,0996,N3,9,62,64,夫妻,ふさい,名,夫妻，夫妇,夫妻，夫妇,夫妻同伴で出かける。,夫妻同伴で出かける。,夫妻一同外出。,夫妻一同外出。,original_book,,使用原书例句与原书中文译文。,True
n3_0997,0997,N3,9,62,64,平和,へいわ,名·形动,和平；和睦；平安,和平；和睦；平安,世界各国と平和関係を保っている。,世界各国と平和関係を保っている。,和世界各国保持着和平关系。,和世界各国保持着和平关系。,original_book,,使用原书例句与原书中文译文。,True
n3_0998,0998,N3,9,62,64,訪問,ほうもん,名·他サ,访问，来访；拜访,访问，来访；拜访,大統領は東南アジア諸国訪問の旅に出た。,大統領は東南アジア諸国訪問の旅に出た。,总统开启了出访东南亚各国之旅。,总统开启了出访东南亚各国之旅。,original_book,,使用原书例句与原书中文译文。,True
n3_0999,0999,N3,9,62,64,ホームページ,ホームページ,名,主页,主页,企業のホームページに経営理念が載せてある。,企業のホームページに経営理念が載せてある。,企业主页上写有经营理念。,企业主页上写有经营理念。,original_book,,使用原书例句与原书中文译文。,True
n3_1000,1000,N3,9,62,64,瞼,まぶた,名,眼睑，眼皮,眼睑，眼皮,子供はまぶたが重そうだった。,子供はまぶたが重そうだった。,孩子好像有点儿困。,孩子好像有点儿困。,original_book,,使用原书例句与原书中文译文。,True
n3_1001,1001,N3,9,63,65,三日月,みかづき,名,新月，月牙,新月，月牙,陰暦の月の三日目に出る月、また、その前後の細長い弓形の月を、特に陰暦八月三日の月について、三日月と呼ばれる。,陰暦の月の三日目に出る月、また、その前後の細長い弓形の月を、特に陰暦八月三日の月について、三日月と呼ばれる。,“三日月”是指阴历每月第三天的月亮，也指那天前后细长的弓形月牙，特指阴历八月三日的月亮。,“三日月”是指阴历每月第三天的月亮，也指那天前后细长的弓形月牙，特指阴历八月三日的月亮。,original_book,,使用原书例句与原书中文译文。,True
n3_1002,1002,N3,9,63,65,寧ろ,むしろ,副,与其，不如，宁可,与其，不如，宁可,彼を裏切るぐらいならむしろ死んだほうがいい。,彼を裏切るぐらいならむしろ死んだほうがいい。,要让我背叛他，不如让我去死。,要让我背叛他，不如让我去死。,original_book,,使用原书例句与原书中文译文。,True
n3_1003,1003,N3,9,63,65,目立つ,めだつ,自五,显眼，显著，引人注目,显眼，显著，引人注目,最近、彼の言動があまり目だたない。,最近、彼の言動があまり目だたない。,最近，他的言行不怎么引人注目。,最近，他的言行不怎么引人注目。,original_book,,使用原书例句与原书中文译文。,True
n3_1004,1004,N3,9,63,65,用いる,もちいる,他一,用，使用，采用；采纳；录用，任用,用，使用，采用；采纳；录用，任用,新しい技術を用いて問題を解決しました。,新しい技術を用いて問題を解決しました。,使用新技术解决了问题。,使用新技术解决了问题。,original_book,,使用原书例句与原书中文译文。,True
n3_1005,1005,N3,9,63,65,訳,やく,名,译，翻译,译，翻译,これは訳に問題がある。,これは訳に問題がある。,这个翻译有问题。,这个翻译有问题。,original_book,,使用原书例句与原书中文译文。,True
n3_1006,1006,N3,9,63,65,優秀,ゆうしゅう,形动,优秀,优秀,彼女は歴史で優秀な成績をあげた。,彼女は歴史で優秀な成績をあげた。,她在历史科目上取得了优秀的成绩。,她在历史科目上取得了优秀的成绩。,original_book,,使用原书例句与原书中文译文。,True
n3_1007,1007,N3,9,63,65,幼児,ようじ,名,幼儿,幼儿,公園では幼児が元気に遊んでいた。,公園では幼児が元気に遊んでいた。,公园里，小孩子玩得很起劲。,公园里，小孩子玩得很起劲。,original_book,,使用原书例句与原书中文译文。,True
n3_1008,1008,N3,9,63,65,ヨガ,ヨガ,名,瑜伽,瑜伽,リラックスするためにヨガを始めた。,リラックスするためにヨガを始めた。,为了让自己放松，我开始练习瑜伽了。,为了让自己放松，我开始练习瑜伽了。,original_book,,使用原书例句与原书中文译文。,True
n3_1009,1009,N3,9,63,65,予期,よき,名·他サ,预期；预料，预想,预期；预料，预想,彼女が来てくれるとは予期していなかった。,彼女が来てくれるとは予期していなかった。,没想到她能来。,没想到她能来。,original_book,,使用原书例句与原书中文译文。,True
n3_1010,1010,N3,9,63,65,ラケット,ラケット,名,球拍,球拍,卓球のラケットのゴムを張り替えた。,卓球のラケットのゴムを張り替えた。,重新粘贴了乒乓球拍上的塑胶。,重新粘贴了乒乓球拍上的塑胶。,original_book,,使用原书例句与原书中文译文。,True
n3_1011,1011,N3,9,63,65,レクリエーション,レクリエーション,名,娱乐，消遣,娱乐，消遣,卓球はよいレクリエーションになる。,卓球はよいレクリエーションになる。,乒乓球是很好的娱乐活动。,乒乓球是很好的娱乐活动。,original_book,,使用原书例句与原书中文译文。,True
n3_1012,1012,N3,9,63,65,レバー,レバー,名,肝，肝脏,肝，肝脏,レバーは、栄養的には、 鶏、牛、豚の違いはないようです。,レバーは、栄養的には、鶏、牛、豚の違いはないようです。,鸡肝、牛肝、猪肝在营养成分上好像没有什么区别。,鸡肝、牛肝、猪肝在营养成分上好像没有什么区别。,original_book,,使用原书例句与原书中文译文。,True
n3_1013,1013,N3,9,63,65,ロビー,ロビー,名,门厅，休息室,门厅，休息室,ホテルのロビーで待ち合わせる。,ホテルのロビーで待ち合わせる。,在酒店大厅会合。,在酒店大厅会合。,original_book,,使用原书例句与原书中文译文。,True
n3_1014,1014,N3,9,63,65,詫びる,わびる,他一,道歉，赔不是，谢罪,道歉，赔不是，谢罪,彼に無礼をわびた。,彼に無礼をわびた。,为自己的失礼向他道歉。,为自己的失礼向他道歉。,original_book,,使用原书例句与原书中文译文。,True
n3_1015,1015,N3,9,63,65,割り込み,わりこみ,名,加塞儿；插队,加塞儿；插队,この列の前には割り込み禁止の看板が立てられています。,この列の前には割り込み禁止の看板が立てられています。,这个队列前面立着一块“禁止插队”的牌子。,这个队列前面立着一块“禁止插队”的牌子。,original_book,,使用原书例句与原书中文译文。,True
n3_1016,1016,N3,9,64,66,割り込む,わりこむ,自五,加塞儿；插嘴,加塞儿；插嘴,バス待ちの行列に割り込んできた人がいて、不満が広がった。,バス待ちの行列に割り込んできた人がいて、不満が広がった。,等公交车时有人插队，这引起了越来越多人的不满。,等公交车时有人插队，这引起了越来越多人的不满。,original_book,,使用原书例句与原书中文译文。,True
n3_1017,1017,N3,9,64,66,割り算,わりざん,名,除法,除法,数学の宿題で、割り算の問題を解いた。,数学の宿題で、割り算の問題を解いた。,做数学作业时解答了除法题。,做数学作业时解答了除法题。,original_book,,使用原书例句与原书中文译文。,True
n3_1018,1018,N3,10,65,67,空ける,あける,他一,空出，腾出；留出（时间）,空出，腾出；留出（时间）,今住んでいる家は今日中に空けなければなりません。,今住んでいる家は今日中に空けなければなりません。,今天之内必须把现在住的房子腾出来。,今天之内必须把现在住的房子腾出来。,original_book,,使用原书例句与原书中文译文。,True
n3_1019,1019,N3,10,65,67,表れる,あらわれる,自一,表现，显出,表现，显出,喜びの表 情が表れる。,喜びの表情が表れる。,露出喜悦的表情。,露出喜悦的表情。,original_book,,使用原书例句与原书中文译文。,True
n3_1020,1020,N3,10,65,67,育児,いくじ,名,育儿,育儿,母は毎日育児に忙しいです。习题：田中さんは、子供が生まれて、 のため休暇1.幼稚 2.児童3.教養 4.育児解析：答案是4。日语「育児」与汉语“育儿”的意思相同。,母は毎日育児に忙しいです。,妈妈每天忙于照顾孩子。をとっている。其他选项都不符合题意。,妈妈每天忙于照顾孩子。,data_cleaned,数据提取清理,移除误并入例句的习题、选项和解析文本。,True
n3_1021,1021,N3,10,65,67,維持,いじ,名·他サ,维持,维持,一家の生計は兄の腕で維持されている。,一家の生計は兄の腕で維持されている。,一家人的生计靠哥哥的手艺维持。,一家人的生计靠哥哥的手艺维持。,original_book,,使用原书例句与原书中文译文。,True
n3_1022,1022,N3,10,65,67,言わば,いわば,副,可以说,可以说,言わば一種の宣伝だ。,言わば一種の宣伝だ。,可以说是一种宣传。,可以说是一种宣传。,original_book,,使用原书例句与原书中文译文。,True
n3_1023,1023,N3,10,65,67,運賃,うんちん,名,运费，交通费,运费，交通费,東京から京都までの運賃はいくらですか。,東京から京都までの運賃はいくらですか。,从东京到京都的运费要多少？,从东京到京都的运费要多少？,original_book,,使用原书例句与原书中文译文。,True
n3_1024,1024,N3,10,65,67,甥,おい,名,侄子，侄女,侄子，侄女,わたしとあの子とは、おじと甥の関係にあります。,わたしとあの子とは、おじと甥の関係にあります。,我和那孩子是叔侄关系。,我和那孩子是叔侄关系。,original_book,,使用原书例句与原书中文译文。,True
n3_1025,1025,N3,10,65,67,覆う,おおう,他五,蒙上，盖上；掩饰，掩藏,蒙上，盖上；掩饰，掩藏,雪に覆われた山々が連なっています。,雪に覆われた山々が連なっています。,积雪覆盖的山峰连绵起伏。,积雪覆盖的山峰连绵起伏。,original_book,,使用原书例句与原书中文译文。,True
n3_1026,1026,N3,10,65,67,外出,がいしゅつ,名·自サ,出门，外出,出门，外出,夜間の外出は禁止されています。,夜間の外出は禁止されています。,禁止夜间外出。,禁止夜间外出。,original_book,,使用原书例句与原书中文译文。,True
n3_1027,1027,N3,10,65,67,回数,かいすう,名,回数，次数,回数，次数,ジムでトレーニングする回数を増やすことにした。,ジムでトレーニングする回数を増やすことにした。,我决定增加在健身房训练的次数。,我决定增加在健身房训练的次数。,original_book,,使用原书例句与原书中文译文。,True
n3_1028,1028,N3,10,65,67,快晴,かいせい,名,晴朗，万里无云,晴朗，万里无云,今日は快晴で、遠くの山まで見えた。,今日は快晴で、遠くの山まで見えた。,今天天气晴朗，我甚至看到了远处的山。,今天天气晴朗，我甚至看到了远处的山。,original_book,,使用原书例句与原书中文译文。,True
n3_1029,1029,N3,10,65,67,画家,がか,名,画家,画家,アートの授業で有名な画家の作品を学んだ。,アートの授業で有名な画家の作品を学んだ。,在艺术课上学习了著名画家的作品。,在艺术课上学习了著名画家的作品。,original_book,,使用原书例句与原书中文译文。,True
n3_1030,1030,N3,10,65,67,勝手,かって,名·形动,厨房；方便；情况；任意，随便,厨房；方便；情况；任意，随便,出席は義務です。勝手な欠席は許されません。,出席は義務です。勝手な欠席は許されません。,出席是义务。不许随意缺席。,出席是义务。不许随意缺席。,original_book,,使用原书例句与原书中文译文。,True
n3_1031,1031,N3,10,65,67,黴,かび,名,霉,霉,黴が生えた本を捨ててください。,黴が生えた本を捨ててください。,请将发了霉的书扔掉。,请将发了霉的书扔掉。,original_book,,使用原书例句与原书中文译文。,True
n3_1032,1032,N3,10,65,67,乾燥,かんそう,名·他自サ,干燥,干燥,空気が非常に乾燥しています。,空気が非常に乾燥しています。,空气非常干燥。,空气非常干燥。,original_book,,使用原书例句与原书中文译文。,True
n3_1033,1033,N3,10,65,67,観測,かんそく,名·他サ,观测；观察,观测；观察,一時間60ミリの強い雨が観測されました。,一時間60ミリの強い雨が観測されました。,观测到了每小时60毫米的大雨。,观测到了每小时60毫米的大雨。,original_book,,使用原书例句与原书中文译文。,True
n3_1034,1034,N3,10,66,68,生地,きじ,名,本来面目，本色；素质，质地；衣料,本来面目，本色；素质，质地；衣料,この洋服は生地が細かいですね。,この洋服は生地が細かいですね。,这件西装的面料很细腻呢。,这件西装的面料很细腻呢。,original_book,,使用原书例句与原书中文译文。,True
n3_1035,1035,N3,10,66,68,記念,きねん,名·他サ,纪念,纪念,これはきっといい記念になるでしょう。,これはきっといい記念になるでしょう。,这一定是很好的纪念。,这一定是很好的纪念。,original_book,,使用原书例句与原书中文译文。,True
n3_1036,1036,N3,10,66,68,汲む,くむ,他五,打（水）；倒入（容器中）,打（水）；倒入（容器中）,山の泉を手に汲んで飲みます。,山の泉を手に汲んで飲みます。,用手捧着山泉水喝。,用手捧着山泉水喝。,original_book,,使用原书例句与原书中文译文。,True
n3_1037,1037,N3,10,66,68,悔しい,くやしい,形,令人懊悔,令人懊悔,あそこで決心しなかったことが悔しいです。,あそこで決心しなかったことが悔しいです。,很后悔当时没有下决心。,很后悔当时没有下决心。,original_book,,使用原书例句与原书中文译文。,True
n3_1038,1038,N3,10,66,68,掲示,けいじ,名·他サ,布告,布告,座席満員の掲示が劇場に出ていました。,座席満員の掲示が劇場に出ていました。,剧场摆出了客满的告示牌。,剧场摆出了客满的告示牌。,original_book,,使用原书例句与原书中文译文。,True
n3_1039,1039,N3,10,66,68,謙虚,けんきょ,形动,谦虚，谦和,谦虚，谦和,人の話を謙虚に聞かなければなりません。,人の話を謙虚に聞かなければなりません。,要谦虚聆听他人讲话。,要谦虚聆听他人讲话。,original_book,,使用原书例句与原书中文译文。,True
n3_1040,1040,N3,10,66,68,公害,こうがい,名,公害,公害,公害問題はますます深刻になるでしょう。,公害問題はますます深刻になるでしょう。,公害问题会越来越严重。,公害问题会越来越严重。,original_book,,使用原书例句与原书中文译文。,True
n3_1041,1041,N3,10,66,68,紅葉,こうよう,名·自サ,红叶；变成红叶,红叶；变成红叶,北京の紅葉の名所は「香山」だそうです。,北京の紅葉の名所は「香山」だそうです。,据说北京香山是赏红叶的胜地。,据说北京香山是赏红叶的胜地。,original_book,,使用原书例句与原书中文译文。,True
n3_1042,1042,N3,10,66,68,コンクール,コンクール,名,竞争；竞赛；会演,竞争；竞赛；会演,彼は写真のコンクールに参加しました。,彼は写真のコンクールに参加しました。,他参加了摄影比赛。,他参加了摄影比赛。,original_book,,使用原书例句与原书中文译文。,True
n3_1043,1043,N3,10,66,68,最新,さいしん,名,最新,最新,最新の技術を取り入れます。,最新の技術を取り入れます。,采用最新技术。,采用最新技术。,original_book,,使用原书例句与原书中文译文。,True
n3_1044,1044,N3,10,66,68,叫ぶ,さけぶ,他五,大声叫；呼吁,大声叫；呼吁,嬉しさのあまり叫びます。,嬉しさのあまり叫びます。,高兴得大声叫起来。,高兴得大声叫起来。,original_book,,使用原书例句与原书中文译文。,True
n3_1045,1045,N3,10,66,68,産地,さんち,名,产地,产地,ここは米の産地として名高いです。,ここは米の産地として名高いです。,这里是有名的大米产地。,这里是有名的大米产地。,original_book,,使用原书例句与原书中文译文。,True
n3_1046,1046,N3,10,66,68,サンプル,サンプル,名,样品，范例，典范,样品，范例，典范,無料サンプル、試供品を提供する。,無料サンプル、試供品を提供する。,提供免费样品及试用品。,提供免费样品及试用品。,original_book,,使用原书例句与原书中文译文。,True
n3_1047,1047,N3,10,66,68,仕上げる,しあげる,他一,写出；加工；写成,写出；加工；写成,レポートを仕上げるために、今夜は遅くまで勉強するつもりだ。,レポートを仕上げるために、今夜は遅くまで勉強するつもりだ。,为了完成报告，我今晚打算学习到很晚。,为了完成报告，我今晚打算学习到很晚。,original_book,,使用原书例句与原书中文译文。,True
n3_1048,1048,N3,10,66,68,しいんと,しいんと,副,静悄悄，鸦雀无声,静悄悄，鸦雀无声,先生が教室に入ると、しいんと静まり返った。,先生が教室に入ると、しいんと静まり返った。,老师一走进教室，教室里就鸦雀无声了。,老师一走进教室，教室里就鸦雀无声了。,original_book,,使用原书例句与原书中文译文。,True
n3_1049,1049,N3,10,66,68,実用,じつよう,名·他サ,实用,实用,植物の実用研究が進んでいます。,植物の実用研究が進んでいます。,推进植物的实用研究。,植物的实用研究正在取得进展。,corrected,实质误译,「研究が進んでいます」是不及物的“研究正在推进、取得进展”，不是命令式“推进研究”。,True
n3_1050,1050,N3,10,66,68,次男,じなん,名,次子，二儿子,次子，二儿子,次男は来年大学に入学します。,次男は来年大学に入学します。,次子明年将进入大学。,次子明年将进入大学。,original_book,,使用原书例句与原书中文译文。,True
n3_1051,1051,N3,10,66,68,しばしば,しばしば,副,屡次；每每，常常，再三,屡次；每每，常常，再三,しばしば雨が降ります。,しばしば雨が降ります。,常常下雨。,常常下雨。,original_book,,使用原书例句与原书中文译文。,True
n3_1052,1052,N3,10,67,69,芝生,しばふ,词,草坪；矮草地,草坪；矮草地,芝生に入るべからず。,芝生に入るべからず。,勿入草坪。,勿入草坪。,original_book,,使用原书例句与原书中文译文。,True
n3_1053,1053,N3,10,67,69,主義,しゅぎ,名,主义,主义,それは私の主義に反します。,それは私の主義に反します。,那违背我的原则。,那违背我的原则。,original_book,,使用原书例句与原书中文译文。,True
n3_1054,1054,N3,10,67,69,主張,しゅちょう,名·他サ,主张，论点,主张，论点,原告側の主張を認めます。,原告側の主張を認めます。,认可原告方的主张。,认可原告方的主张。,original_book,,使用原书例句与原书中文译文。,True
n3_1055,1055,N3,10,67,69,蒸気,じょうき,名,蒸汽；水蒸气,蒸汽；水蒸气,鍋の蓋を開けると、熱い蒸気が立ち上りました。,鍋の蓋を開けると、熱い蒸気が立ち上りました。,一打开锅盖，热气蒸腾。,一打开锅盖，热气蒸腾。,original_book,,使用原书例句与原书中文译文。,True
n3_1056,1056,N3,10,67,69,諸国,しょこく,名,各国,各国,欧米諸国を旅行します。,欧米諸国を旅行します。,去欧洲各国旅行。,去欧洲各国旅行。,original_book,,使用原书例句与原书中文译文。,True
n3_1057,1057,N3,10,67,69,信号,しんごう,名,信号；红绿灯,信号；红绿灯,信号は赤が止まれで、青が進めです。,信号は赤が止まれで、青が進めです。,信号灯红色表示停下，绿色表示前进。,信号灯红色表示停下，绿色表示前进。,original_book,,使用原书例句与原书中文译文。,True
n3_1058,1058,N3,10,67,69,深刻,しんこく,形动,深刻，深切；严重的,深刻，深切；严重的,彼は深刻な顔をしています。,彼は深刻な顔をしています。,他的表情很严肃。,他的表情很严肃。,original_book,,使用原书例句与原书中文译文。,True
n3_1059,1059,N3,10,67,69,信頼,しんらい,名·他サ,信赖,信赖,この統計表は信頼できますか。,この統計表は信頼できますか。,这个统计表可信吗？,这个统计表可信吗？,original_book,,使用原书例句与原书中文译文。,True
n3_1060,1060,N3,10,67,69,筋,すじ,名,筋；肌肉；条理，道理,筋；肌肉；条理，道理,いんげん豆の筋を取る。,いんげん豆の筋を取る。,择掉四季豆的筋。,择掉四季豆的筋。,original_book,,使用原书例句与原书中文译文。,True
n3_1061,1061,N3,10,67,69,所為,せい,名,原因，缘故,原因，缘故,年のせいか疲れやすい。,年のせいか疲れやすい。,可能是上了年纪的缘故，容易疲劳。,可能是上了年纪的缘故，容易疲劳。,original_book,,使用原书例句与原书中文译文。,True
n3_1062,1062,N3,10,67,69,生命,せいめい,名,生命，寿命,生命，寿命,医者は患者の生命を預かっている。,医者は患者の生命を預かっている。,患者的命掌握在医生手里。,患者的命掌握在医生手里。,original_book,,使用原书例句与原书中文译文。,True
n3_1063,1063,N3,10,67,69,底,そこ,名,底部，底下；心底,底部，底下；心底,コップの底に砂糖が残っている。,コップの底に砂糖が残っている。,杯子底部残留着白糖。,杯子底部残留着白糖。,original_book,,使用原书例句与原书中文译文。,True
n3_1064,1064,N3,10,67,69,対策,たいさく,名,对策，策略,对策，策略,有効な対策が思いつかない。,有効な対策が思いつかない。,没有想到有效的对策。,没有想到有效的对策。,original_book,,使用原书例句与原书中文译文。,True
n3_1065,1065,N3,10,67,69,態度,たいど,名,态度，举止；看法，想法,态度，举止；看法，想法,先方がどういう態度に出るかまだ分からない。,先方がどういう態度に出るかまだ分からない。,还不知道对方会是什么态度。,还不知道对方会是什么态度。,original_book,,使用原书例句与原书中文译文。,True
n3_1066,1066,N3,10,67,69,太陽,たいよう,名,太阳，日,太阳，日,夏の太陽は非常に強く、日焼けに気をつけなければならない。,夏の太陽は非常に強く、日焼けに気をつけなければならない。,夏天烈日炎炎，必须注意防晒。,夏天烈日炎炎，必须注意防晒。,original_book,,使用原书例句与原书中文译文。,True
n3_1067,1067,N3,10,67,69,体力,たいりょく,名,体力,体力,サッカーをするには、良い体力が必要だ。,サッカーをするには、良い体力が必要だ。,踢足球需要良好的体能。,踢足球需要良好的体能。,original_book,,使用原书例句与原书中文译文。,True
n3_1068,1068,N3,10,67,69,滝,たき,名,瀑布,瀑布,修学旅行で美しい滝を見に行った。,修学旅行で美しい滝を見に行った。,在修学旅行的过程中去看了美丽的瀑布。,在修学旅行的过程中去看了美丽的瀑布。,original_book,,使用原书例句与原书中文译文。,True
n3_1069,1069,N3,10,67,69,多数,たすう,名,许多；许多人，多数人,许多；许多人，多数人,この問題には多数の人が関心を持っている。,この問題には多数の人が関心を持っている。,许多人对这个问题感兴趣。,许多人对这个问题感兴趣。,original_book,,使用原书例句与原书中文译文。,True
n3_1070,1070,N3,10,67,69,たった,たった,副,只有,只有,たった一言の励ましが、彼女に大きな力を与えた。,たった一言の励ましが、彼女に大きな力を与えた。,仅仅一句鼓励的话就给了她很大的力量。,仅仅一句鼓励的话就给了她很大的力量。,original_book,,使用原书例句与原书中文译文。,True
n3_1071,1071,N3,10,67,69,縦書き,たてがき,名,竖写,竖写,日本の伝統的な書道は縦書きで書かれることが多い。,日本の伝統的な書道は縦書きで書かれることが多い。,日本传统书法多采用竖写形式。,日本传统书法多采用竖写形式。,original_book,,使用原书例句与原书中文译文。,True
n3_1072,1072,N3,10,68,70,縦縞,たてじま,名,竖条纹,竖条纹,彼の着ているシャツには縦縞の模様がある。,彼の着ているシャツには縦縞の模様がある。,他穿的衬衫上有竖条纹图案。,他穿的衬衫上有竖条纹图案。,original_book,,使用原书例句与原书中文译文。,True
n3_1073,1073,N3,10,68,70,溜まる,たまる,自五,聚集，汇集；积压，停滞,聚集，汇集；积压，停滞,外国で生活すると、ストレスが溜まりやすい。,外国で生活すると、ストレスが溜まりやすい。,在外国生活容易累积压力。,在外国生活容易累积压力。,original_book,,使用原书例句与原书中文译文。,True
n3_1074,1074,N3,10,68,70,段階,だんかい,名,阶段，顺序,阶段，顺序,調査の結果はまだ発表の段階に達しない。,調査の結果はまだ発表の段階に達しない。,调查结果还不到发布的时候。,调查结果还不到发布的时候。,original_book,,使用原书例句与原书中文译文。,True
n3_1075,1075,N3,10,68,70,単語,たんご,名,单词，词汇,单词，词汇,知っている英語の単語数はどのぐらいですか。,知っている英語の単語数はどのぐらいですか。,你知道的英语单词数量大约有多少？,你知道的英语单词数量大约有多少？,original_book,,使用原书例句与原书中文译文。,True
n3_1076,1076,N3,10,68,70,地下水,ちかすい,名,地下水,地下水,工事をしている途中に、地下水が湧き出てきた。,工事をしている途中に、地下水が湧き出てきた。,施工过程中，地下水喷了出来。,施工过程中，地下水喷了出来。,original_book,,使用原书例句与原书中文译文。,True
n3_1077,1077,N3,10,68,70,中間,ちゅうかん,名,中间,中间,わたしの会社は新宿と渋谷の中間にある。,わたしの会社は新宿と渋谷の中間にある。,我的公司位于新宿和涩谷中间。,我的公司位于新宿和涩谷中间。,original_book,,使用原书例句与原书中文译文。,True
n3_1078,1078,N3,10,68,70,ツアー,ツアー,名,旅行，旅游，游览,旅行，旅游，游览,2週間のヨーロッパツアーに行く。,2週間のヨーロッパツアーに行く。,去欧洲旅游两周。,去欧洲旅游两周。,original_book,,使用原书例句与原书中文译文。,True
n3_1079,1079,N3,10,68,70,付き,つき,名,黏附，粘；（火）着，燃烧,黏附，粘；（火）着，燃烧,この部屋にはバスルーム付きです。,この部屋にはバスルーム付きです。,这个房间带有浴室。,这个房间带有浴室。,original_book,,使用原书例句与原书中文译文。,True
n3_1080,1080,N3,10,68,70,出会い,であい,名,相遇；邂逅；汇合处；幽会,相遇；邂逅；汇合处；幽会,新しいクラスでの出会いが楽しみだ。,新しいクラスでの出会いが楽しみだ。,期待在新的班级里遇到新的朋友。,期待在新的班级里遇到新的朋友。,original_book,,使用原书例句与原书中文译文。,True
n3_1081,1081,N3,10,68,70,出会う,であう,自五,遇见，碰上,遇见，碰上,帰宅途中に事故に出会う。,帰宅途中に事故に出会う。,回家途中碰上交通事故。,回家途中碰上交通事故。,original_book,,使用原书例句与原书中文译文。,True
n3_1082,1082,N3,10,68,70,テニスコート,テニスコート,名,网球场,网球场,テニスコートで試合をした。,テニスコートで試合をした。,在网球场比赛了。,在网球场比赛了。,original_book,,使用原书例句与原书中文译文。,True
n3_1083,1083,N3,10,68,70,東西,とうざい,名,东西；各个方向,东西；各个方向,前に東西に走る道路があるので、それをまっすぐ行ってください。,前に東西に走る道路があるので、それをまっすぐ行ってください。,前面有一条东西走向的路，请沿着那条路直走。,前面有一条东西走向的路，请沿着那条路直走。,original_book,,使用原书例句与原书中文译文。,True
n3_1084,1084,N3,10,68,70,当番,とうばん,名,值班,值班,台所の仕事は子どもたちが当番で手伝います。,台所の仕事は子どもたちが当番で手伝います。,厨房的家务由孩子们轮流帮忙。,厨房的家务由孩子们轮流帮忙。,original_book,,使用原书例句与原书中文译文。,True
n3_1085,1085,N3,10,68,70,ドライバー,ドライバー,名,司机，驾驶员；螺丝刀；驱动程序,司机，驾驶员；螺丝刀；驱动程序,製品に最適な各種ドライバーやソフトウエアなどをダウンロードしていただけます。,製品に最適な各種ドライバーやソフトウエアなどをダウンロードしていただけます。,您可以下载适用产品的各种驱动程序和软件等。,您可以下载适用产品的各种驱动程序和软件等。,original_book,,使用原书例句与原书中文译文。,True
n3_1086,1086,N3,10,68,70,トラック,トラック,名,卡车,卡车,大型トラックは砂利を運ぶ。,大型トラックは砂利を運ぶ。,大型卡车运送碎石。,大型卡车运送碎石。,original_book,,使用原书例句与原书中文译文。,True
n3_1087,1087,N3,10,68,70,トレーニング,トレーニング,名·自サ,练习，训练,练习，训练,来るべき試合に備えてトレーニングに入る。,来るべき試合に備えてトレーニングに入る。,为备战下一场比赛开始训练。,为备战下一场比赛开始训练。,original_book,,使用原书例句与原书中文译文。,True
n3_1088,1088,N3,10,68,70,懐かしい,なつかしい,形,怀念，眷恋,怀念，眷恋,あの人は私にとってとても懐かしい人です。,あの人は私にとってとても懐かしい人です。,他是我非常怀念的一个人。,他是我非常怀念的一个人。,original_book,,使用原书例句与原书中文译文。,True
n3_1089,1089,N3,10,69,71,狙い,ねらい,名,瞄准；目标，目的,瞄准；目标，目的,作者の狙いを読み取る。,作者の狙いを読み取る。,读懂作者的意图。,读懂作者的意图。,original_book,,使用原书例句与原书中文译文。,True
n3_1090,1090,N3,10,69,71,狙う,ねらう,他五,瞄准；寻找机会；寻求,瞄准；寻找机会；寻求,この商品が狙っているのは若い女性だ。,この商品が狙っているのは若い女性だ。,这款商品以年轻女性为目标用户。,这款商品以年轻女性为目标用户。,original_book,,使用原书例句与原书中文译文。,True
n3_1091,1091,N3,10,69,71,望み,のぞみ,名,希望，愿望，期望；要求,希望，愿望，期望；要求,彼女には結婚したいという望みがあった。,彼女には結婚したいという望みがあった。,以前她想结婚。,以前她想结婚。,original_book,,使用原书例句与原书中文译文。,True
n3_1092,1092,N3,10,69,71,望む,のぞむ,他五,眺望；希望，期望；指望,眺望；希望，期望；指望,君が望むなら一緒に行きましょう。,君が望むなら一緒に行きましょう。,你希望一起去的话就一起去吧。,你希望一起去的话就一起去吧。,original_book,,使用原书例句与原书中文译文。,True
n3_1093,1093,N3,10,69,71,後,のち,名,后，之后，以后；今后，将来，未来,后，之后，以后；今后，将来，未来,芝居を見たのち食事をする。,芝居を見たのち食事をする。,看完话剧后吃饭。,看完话剧后吃饭。,original_book,,使用原书例句与原书中文译文。,True
n3_1094,1094,N3,10,69,71,莫大,ばくだい,形动,莫大，巨大,莫大，巨大,洪水による被害は莫大であった。,洪水による被害は莫大であった。,洪水造成了巨大的损失。,洪水造成了巨大的损失。,original_book,,使用原书例句与原书中文译文。,True
n3_1095,1095,N3,10,69,71,パンダ,パンダ,名,熊猫,熊猫,可愛いパンダでも、意地悪なヤツはいるもんです。,可愛いパンダでも、意地悪なヤツはいるもんです。,即使是可爱的熊猫，也有调皮捣蛋的。,即使是可爱的熊猫，也有调皮捣蛋的。,original_book,,使用原书例句与原书中文译文。,True
n3_1096,1096,N3,10,69,71,控える,ひかえる,自他一,等候；侍立；靠近；拉住，勒住；节制，控制；临近,等候；侍立；靠近；拉住，勒住；节制，控制；临近,健康のために甘いものを控えている。,健康のために甘いものを控えている。,为了健康，少吃甜食。,为了健康，少吃甜食。,original_book,,使用原书例句与原书中文译文。,True
n3_1097,1097,N3,10,69,71,ぴかぴか,ぴかぴか,副·形动,闪闪发光,闪闪发光,新しい自転車がぴかぴかで、とても気に入っている。,新しい自転車がぴかぴかで、とても気に入っている。,新自行车闪闪发光，我非常喜欢。,新自行车闪闪发光，我非常喜欢。,original_book,,使用原书例句与原书中文译文。,True
n3_1098,1098,N3,10,69,71,美女,びじょ,名,美女,美女,彼女はクラスで一番の美女として有名だ。,彼女はクラスで一番の美女として有名だ。,她是班上出了名的第一美女。,她是班上出了名的第一美女。,original_book,,使用原书例句与原书中文译文。,True
n3_1099,1099,N3,10,69,71,引っ繰り返る,ひっくりかえる,自五,倒，翻倒,倒，翻倒,形勢が引っ繰り返った。,形勢が引っ繰り返った。,形势反转了。,形势反转了。,original_book,,使用原书例句与原书中文译文。,True
n3_1100,1100,N3,10,69,71,日付,ひづけ,名,年月日，日期,年月日，日期,領 収書に日付を入れる。,領収書に日付を入れる。,在收据上填写日期。,在收据上填写日期。,original_book,,使用原书例句与原书中文译文。,True
n3_1101,1101,N3,10,69,71,びっしり,びっしり,副,排得紧紧的，塞得满满的,排得紧紧的，塞得满满的,日記には予定がびっしりと書かれていた。,日記には予定がびっしりと書かれていた。,日记里密密麻麻地写着行程安排。,日记里密密麻麻地写着行程安排。,original_book,,使用原书例句与原书中文译文。,True
n3_1102,1102,N3,10,69,71,ヒット,ヒット,名·自サ,打中；大受欢迎；（棒球）安全打,打中；大受欢迎；（棒球）安全打,その歌は発売されるとすぐにヒットした。,その歌は発売されるとすぐにヒットした。,这首歌一经推出就火了。,这首歌一经推出就火了。,original_book,,使用原书例句与原书中文译文。,True
n3_1103,1103,N3,10,69,71,風,ふう,名,样子，态度；风度,样子，态度；风度,彼はいくぶん京都の風に染まっている。,彼はいくぶん京都の風に染まっている。,他多少有了一点儿京都风格。,他多少有了一点儿京都风格。,original_book,,使用原书例句与原书中文译文。,True
n3_1104,1104,N3,10,69,71,ブーツ,ブーツ,名,长筒皮靴,长筒皮靴,ブーツを履いた女の子は姉です。,ブーツを履いた女の子は姉です。,穿长筒皮靴的女孩儿是我姐姐。,穿长筒皮靴的女孩儿是我姐姐。,original_book,,使用原书例句与原书中文译文。,True
n3_1105,1105,N3,10,69,71,プラン,プラン,名,计划,计划,作戦のプランを立てる。,作戦のプランを立てる。,制订作战计划。,制订作战计划。,original_book,,使用原书例句与原书中文译文。,True
n3_1106,1106,N3,10,69,71,震える,ふるえる,自一,颤动，发抖，哆嗦，震动,颤动，发抖，哆嗦，震动,恐怖で震える。,恐怖で震える。,因恐惧而颤抖。,因恐惧而颤抖。,original_book,,使用原书例句与原书中文译文。,True
n3_1107,1107,N3,10,70,72,フロントガラス,フロントガラス・フロントグラス,名,挡风玻璃；前窗玻璃,挡风玻璃；前窗玻璃,フロントガラスなどの交換·修理等に関するサービスをご提供します。,フロントガラスなどの交換·修理等に関するサービスをご提供します。,提供更换、修理前挡风玻璃等服务。,提供更换、修理前挡风玻璃等服务。,original_book,,使用原书例句与原书中文译文。,True
n3_1108,1108,N3,10,70,72,ベスト,ベスト,名,最好，最上等；全力,最好，最上等；全力,ベストを尽くしなさい。,ベストを尽くしなさい。,请竭尽全力。,请竭尽全力。,original_book,,使用原书例句与原书中文译文。,True
n3_1109,1109,N3,10,70,72,ベストテン,ベストテン,名,十佳，十强,十佳，十强,この映画は本年度のベストテンに入る。,この映画は本年度のベストテンに入る。,这部电影入选年度十佳。,这部电影入选年度十佳。,original_book,,使用原书例句与原书中文译文。,True
n3_1110,1110,N3,10,70,72,ペンチ,ペンチ,名,钳子,钳子,ペンチで切断する。,ペンチで切断する。,用钳子切断。,用钳子切断。,original_book,,使用原书例句与原书中文译文。,True
n3_1111,1111,N3,10,70,72,方針,ほうしん,名,方针,方针,外国に対して門戸開放の方針を守った。,外国に対して門戸開放の方針を守った。,坚守了对外开放的政策。,坚守了对外开放的政策。,original_book,,使用原书例句与原书中文译文。,True
n3_1112,1112,N3,10,70,72,間,ま,名,空隙；间隔；空闲,空隙；间隔；空闲,話は間が大切だ。,話は間が大切だ。,说话过程中适当停顿是很重要的。,说话过程中适当停顿是很重要的。,original_book,,使用原书例句与原书中文译文。,True
n3_1113,1113,N3,10,70,72,実る,みのる,自五,结果实，成熟；有成果，有成绩,结果实，成熟；有成果，有成绩,私たちの努力は結局実らなかった。,私たちの努力は結局実らなかった。,我们的努力最终没有收获成果。,我们的努力最终没有收获成果。,original_book,,使用原书例句与原书中文译文。,True
n3_1114,1114,N3,10,70,72,夢中,むちゅう,名·形动,梦中，睡梦中；热衷，入迷，沉醉；不顾一切,梦中，睡梦中；热衷，入迷，沉醉；不顾一切,彼女はフランス語の勉強に夢中である。,彼女はフランス語の勉強に夢中である。,她专注于学习法语。,她专注于学习法语。,original_book,,使用原书例句与原书中文译文。,True
n3_1115,1115,N3,10,70,72,命じる,めいじる,他一,命令，吩咐，任命，委派,命令，吩咐，任命，委派,上司は彼にすぐ出発するように命じた。,上司は彼にすぐ出発するように命じた。,上司命令他马上出发。,上司命令他马上出发。,original_book,,使用原书例句与原书中文译文。,True
n3_1116,1116,N3,10,70,72,基·素,もと,名,本源，根源；根基，基础,本源，根源；根基，基础,資料を基とする。,資料を基とする。,以资料为基础。,以资料为基础。,original_book,,使用原书例句与原书中文译文。,True
n3_1117,1117,N3,10,70,72,厄介,やっかい,名·形动,麻烦，难对付；照料，帮助,麻烦，难对付；照料，帮助,人に厄介をかけるようなことはしてはなりません。,人に厄介をかけるようなことはしてはなりません。,不要给别人添麻烦。,不要给别人添麻烦。,original_book,,使用原书例句与原书中文译文。,True
n3_1118,1118,N3,10,70,72,譲る,ゆずる,他五,让给，转让；让步；出让，卖给,让给，转让；让步；出让，卖给,彼らのしつこい要求に負けてとうとう譲ってしまった。,彼らのしつこい要求に負けてとうとう譲ってしまった。,经不住他们的反复要求，最终还是让步了。,经不住他们的反复要求，最终还是让步了。,original_book,,使用原书例句与原书中文译文。,True
n3_1119,1119,N3,10,70,72,ようこそ,ようこそ,副,欢迎，热烈欢迎,欢迎，热烈欢迎,ようこそおいでくださいました。,ようこそおいでくださいました。,热烈欢迎。,热烈欢迎。,original_book,,使用原书例句与原书中文译文。,True
n3_1120,1120,N3,10,70,72,預金,よきん,名·他サ,存款,存款,将来のために、毎月少しずつ預金している。,将来のために、毎月少しずつ預金している。,为了将来，每个月都存一点儿钱。,为了将来，每个月都存一点儿钱。,original_book,,使用原书例句与原书中文译文。,True
n3_1121,1121,N3,10,70,72,翌月,よくげつ,名,下个月,下个月,翌月の計画を立てる時が来た。,翌月の計画を立てる時が来た。,到制订下个月计划的时候了。,到制订下个月计划的时候了。,original_book,,使用原书例句与原书中文译文。,True
n3_1122,1122,N3,10,70,72,翌日,よくじつ,名,次日，第二天，翌日,次日，第二天，翌日,試験の翌日は友達と映画に行く予定だ。,試験の翌日は友達と映画に行く予定だ。,打算考完第二天和朋友一起去看电影。,打算考完第二天和朋友一起去看电影。,original_book,,使用原书例句与原书中文译文。,True
n3_1123,1123,N3,10,71,73,翌週,よくしゅう,名,下周，下星期,下周，下星期,翌週の週末には、家族でキャンプに行く予定だ。,翌週の週末には、家族でキャンプに行く予定だ。,我们打算全家人下一周周末去露营。,我们打算全家人下一周周末去露营。,original_book,,使用原书例句与原书中文译文。,True
n3_1124,1124,N3,10,71,73,ライオン,ライオン,名,狮子,狮子,ライオンはらんらんと睨んでいる。,ライオンはらんらんと睨んでいる。,狮子目光炯炯地凝视着。,狮子目光炯炯地凝视着。,original_book,,使用原书例句与原书中文译文。,True
n3_1125,1125,N3,10,71,73,リズム,リズム,名,韵律，节拍,韵律，节拍,足でリズムをとって歌う。,足でリズムをとって歌う。,用脚打着拍子唱歌。,用脚打着拍子唱歌。,original_book,,使用原书例句与原书中文译文。,True
n3_1126,1126,N3,10,71,73,冷蔵,れいぞう,名·他サ,冷藏，冷冻,冷藏，冷冻,魚を冷蔵する。,魚を冷蔵する。,将鱼冷藏。,将鱼冷藏。,original_book,,使用原书例句与原书中文译文。,True
n3_1127,1127,N3,10,71,73,和,わ,名,和好，和睦，协调，和平,和好，和睦，协调，和平,近隣諸国と和を結んだ。,近隣諸国と和を結んだ。,和相邻各国和睦相处。,和相邻各国和睦相处。,original_book,,使用原书例句与原书中文译文。,True
n3_1128,1128,N3,11,72,74,足跡,あしあと,名,足迹，脚印；路径，历程；成就，功绩,足迹，脚印；路径，历程；成就，功绩,彼の足跡をたどって、山を登った。,彼の足跡をたどって、山を登った。,沿着他的足迹爬上了山。,沿着他的足迹爬上了山。,original_book,,使用原书例句与原书中文译文。,True
n3_1129,1129,N3,11,72,74,足元,あしもと,名,脚下；身边，眼前，身旁,脚下；身边，眼前，身旁,足元に気を付けてください。,足元に気を付けてください。,请留意脚下。,请留意脚下。,original_book,,使用原书例句与原书中文译文。,True
n3_1130,1130,N3,11,72,74,味わう,あじわう,他五,品尝；玩味,品尝；玩味,忙しくて音楽を味わう暇もありません。,忙しくて音楽を味わう暇もありません。,忙得没有时间欣赏音乐。,忙得没有时间欣赏音乐。,original_book,,使用原书例句与原书中文译文。,True
n3_1131,1131,N3,11,72,74,抱く,いだく,他五,抱，搂；怀有，怀抱,抱，搂；怀有，怀抱,赤ちゃんは母の手に抱かれてすやすやと眠っています。,赤ちゃんは母の手に抱かれてすやすやと眠っています。,婴儿在母亲怀里香甜地睡着。,婴儿在母亲怀里香甜地睡着。,original_book,,使用原书例句与原书中文译文。,True
n3_1132,1132,N3,11,72,74,悪戯,いたずら,名·形动·自他サ,淘气，恶作剧；使坏,淘气，恶作剧；使坏,悪戯ばかりすると物置きに入れます。,悪戯ばかりすると物置きに入れます。,你要是一直这样淘气的话，就把你关到小仓库里。,你要是一直这样淘气的话，就把你关到小仓库里。,original_book,,使用原书例句与原书中文译文。,True
n3_1133,1133,N3,11,72,74,インスタント,インスタント,名·形动,紧急的，瞬间的；速食食品,紧急的，瞬间的；速食食品,インスタントなやり方,インスタントなやり方,速成的做法,速成的做法,original_book,,使用原书例句与原书中文译文。,True
n3_1134,1134,N3,11,72,74,インスタント食品,インスタントしょくひん,名,速食品,速食品,忙しいときはインスタント食品が便利だ。,忙しいときはインスタント食品が便利だ。,忙的时候速食品很方便。,忙的时候速食品很方便。,original_book,,使用原书例句与原书中文译文。,True
n3_1135,1135,N3,11,72,74,院生,いんせい,名,研究生，研究生院的学生,研究生，研究生院的学生,彼はいつも将来経済学部の院生になりたいと言っています。,彼はいつも将来経済学部の院生になりたいと言っています。,他总说将来要考经济系的研究生。,他总说将来要考经济系的研究生。,original_book,,使用原书例句与原书中文译文。,True
n3_1136,1136,N3,11,72,74,ウール,ウール,名,羊毛,羊毛,ウールにはいわば天然のエアコンのような性質があるので、秋冬に限らず、一年のうち真夏を除く10ヶ月は心地よく着られる。,ウールにはいわば天然のエアコンのような性質があるので、秋冬に限らず、一年のうち真夏を除く10ヶ月は心地よく着られる。,羊毛被称为天然的空调。不限于秋冬两季，除了盛夏，一年可以舒适地穿十个月。,羊毛被称为天然的空调。不限于秋冬两季，除了盛夏，一年可以舒适地穿十个月。,original_book,,使用原书例句与原书中文译文。,True
n3_1137,1137,N3,11,72,74,饂飩,うどん,名,切面，乌冬面,切面，乌冬面,妹 は饂飩が大好物です。,妹は饂飩が大好物です。,妹妹很喜欢吃面条。,妹妹很喜欢吃面条。,original_book,,使用原书例句与原书中文译文。,True
n3_1138,1138,N3,11,72,74,エッセー,エッセー,名,短论；随笔,短论；随笔,エッセーもコラムも読まなくなりました。,エッセーもコラムも読まなくなりました。,我不再读随笔和专栏文章了。,我不再读随笔和专栏文章了。,original_book,,使用原书例句与原书中文译文。,True
n3_1139,1139,N3,11,73,75,オークション,オークション,名·他サ,拍卖,拍卖,家具が30万円でオークションに出品された。,家具が30万円でオークションに出品された。,家具在拍卖会上展出了，标价30万日元。,家具在拍卖会上展出了，标价30万日元。,original_book,,使用原书例句与原书中文译文。,True
n3_1140,1140,N3,11,73,75,オーケー,オーケー,名·感,了解，同意，没错,了解，同意，没错,監督がオーケーを出すまで７回撮り直すこともあったが、最後までやりきった。,監督がオーケーを出すまで７回撮り直すこともあったが、最後までやりきった。,虽然有时要反复拍七遍才能得到导演的认可，但我坚持拍完了。,虽然有时要反复拍七遍才能得到导演的认可，但我坚持拍完了。,original_book,,使用原书例句与原书中文译文。,True
n3_1141,1141,N3,11,73,75,おめでたい,おめでたい,形,可喜，可贺；过于老实，憨厚,可喜，可贺；过于老实，憨厚,彼女の妊娠が発表され、家族にとって非常におめでたいニュースでした。,彼女の妊娠が発表され、家族にとって非常におめでたいニュースでした。,她怀孕的消息被公开了，这对家人来说是可喜可贺的事。,她怀孕的消息被公开了，这对家人来说是可喜可贺的事。,original_book,,使用原书例句与原书中文译文。,True
n3_1142,1142,N3,11,73,75,外交,がいこう,名,外交,外交,内閣の外交政策に問題があると思います。,内閣の外交政策に問題があると思います。,我认为内阁的外交政策有问题。,我认为内阁的外交政策有问题。,original_book,,使用原书例句与原书中文译文。,True
n3_1143,1143,N3,11,73,75,ガイドブック,ガイドブック,名,旅游指南，导游手册,旅游指南，导游手册,海外旅行に行くときのガイドブックの定番といったら『地球の歩き方』シリーズだろう。,海外旅行に行くときのガイドブックの定番といったら『地球の歩き方』シリーズだろう。,提到出国旅行必备的旅游指南，那要数《走遍全球》系列了。,提到出国旅行必备的旅游指南，那要数《走遍全球》系列了。,original_book,,使用原书例句与原书中文译文。,True
n3_1144,1144,N3,11,73,75,外部,がいぶ,名,（东西的）外部，外边；外界,（东西的）外部，外边；外界,外部の者を入れるな。,外部の者を入れるな。,禁止外部人员入内。,禁止外部人员入内。,original_book,,使用原书例句与原书中文译文。,True
n3_1145,1145,N3,11,73,75,学年,がくねん,名,学年，年级,学年，年级,日本の学年は四月一日に始まり、三月三十一日に終わります。,日本の学年は四月一日に始まり、三月三十一日に終わります。,日本的学年始于四月一日，到来年三月三十一日结束。,日本的学年始于四月一日，到来年三月三十一日结束。,original_book,,使用原书例句与原书中文译文。,True
n3_1146,1146,N3,11,73,75,学歴,がくれき,名,学历,学历,彼は特に学歴もないが教授になった。,彼は特に学歴もないが教授になった。,他尽管没有什么特别的学历，但已经成了教授。,他尽管没有什么特别的学历，但已经成了教授。,original_book,,使用原书例句与原书中文译文。,True
n3_1147,1147,N3,11,73,75,行事,ぎょうじ,名,仪式；活动,仪式；活动,雪の多い地方で、雪でいろいろなものを作って楽しむ行事を雪祭りと言います。,雪の多い地方で、雪でいろいろなものを作って楽しむ行事を雪祭りと言います。,在多雪的地方，用雪制作各种东西供人欣赏的节日称作“冰雪节”。,在多雪的地方，用雪制作各种东西供人欣赏的节日称作“冰雪节”。,original_book,,使用原书例句与原书中文译文。,True
n3_1148,1148,N3,11,73,75,悔やむ,くやむ,他五,懊悔，后悔,懊悔，后悔,恋人との別れをいつまでも悔やみます。,恋人との別れをいつまでも悔やみます。,和恋人分手这事会让我懊悔一辈子的。,和恋人分手这事会让我懊悔一辈子的。,original_book,,使用原书例句与原书中文译文。,True
n3_1149,1149,N3,11,73,75,景気,けいき,名,景气，市面，商情,景气，市面，商情,あの店は最近景気がいいです。,あの店は最近景気がいいです。,那家店最近生意很好。,那家店最近生意很好。,original_book,,使用原书例句与原书中文译文。,True
n3_1150,1150,N3,11,73,75,下品,げひん,名·形动,卑鄙；粗野，粗俗,卑鄙；粗野，粗俗,彼女は食べ方が下品です。,彼女は食べ方が下品です。,她的吃相很粗鲁。,她的吃相很粗鲁。,original_book,,使用原书例句与原书中文译文。,True
n3_1151,1151,N3,11,73,75,公共,こうきょう,名,公共,公共,公共のものを大切にしなければなりません。,公共のものを大切にしなければなりません。,要爱护公共物品。,要爱护公共物品。,original_book,,使用原书例句与原书中文译文。,True
n3_1152,1152,N3,11,73,75,小型,こがた,名·形动,小型,小型,このカメラは小型ですが、きれいに写ります。,このカメラは小型ですが、きれいに写ります。,这部相机虽然小巧，但拍出来的照片很好看。,这部相机虽然小巧，但拍出来的照片很好看。,original_book,,使用原书例句与原书中文译文。,True
n3_1153,1153,N3,11,73,75,小包,こづつみ,名,小包；包裹,小包；包裹,航空便で小包が来ました。,航空便で小包が来ました。,来了空运包裹。,来了空运包裹。,original_book,,使用原书例句与原书中文译文。,True
n3_1154,1154,N3,11,73,75,混乱,こんらん,名·自サ,混乱,混乱,心配ごとで頭が混乱しています。,心配ごとで頭が混乱しています。,因为有事让我担心，我现在头脑很混乱。,因为有事让我担心，我现在头脑很混乱。,original_book,,使用原书例句与原书中文译文。,True
n3_1155,1155,N3,11,73,75,座布団,ざぶとん,名,坐垫,坐垫,客に座布団をすすめます。,客に座布団をすすめます。,给客人递上坐垫。,给客人递上坐垫。,original_book,,使用原书例句与原书中文译文。,True
n3_1156,1156,N3,11,73,75,支配,しはい,名·他サ,指使；支配；控制；管理；统治,指使；支配；控制；管理；统治,一時の感情に支配されてはいけません。,一時の感情に支配されてはいけません。,不能被一时的情绪所左右。,不能被一时的情绪所左右。,original_book,,使用原书例句与原书中文译文。,True
n3_1157,1157,N3,11,74,76,車掌,しゃしょう,名,乘务员；（随车）售票员,乘务员；（随车）售票员,彼は新幹線の車内で車掌を殴りました。,彼は新幹線の車内で車掌を殴りました。,他在新干线车厢里殴打了乘务员。,他在新干线车厢里殴打了乘务员。,original_book,,使用原书例句与原书中文译文。,True
n3_1158,1158,N3,11,74,76,食欲,しょくよく,名,食欲,食欲,今日は食欲があります。,今日は食欲があります。,今天有食欲。,今天有食欲。,original_book,,使用原书例句与原书中文译文。,True
n3_1159,1159,N3,11,74,76,好き嫌い,すききらい,名,好恶，喜欢和厌恶；挑剔，挑肥拣瘦,好恶，喜欢和厌恶；挑剔，挑肥拣瘦,物をもらうのに好き嫌いは言えない。,物をもらうのに好き嫌いは言えない。,对于收到的礼物不能挑剔。,对于收到的礼物不能挑剔。,original_book,,使用原书例句与原书中文译文。,True
n3_1160,1160,N3,11,74,76,生年月日,せいねんがっぴ,名,出生年月日,出生年月日,ここに生年月日を書き入れてください。,ここに生年月日を書き入れてください。,请在这里填写出生年月日。,请在这里填写出生年月日。,original_book,,使用原书例句与原书中文译文。,True
n3_1161,1161,N3,11,74,76,咳,せき,名,咳嗽,咳嗽,場内はしんとして、咳一つ聞こえない。,場内はしんとして、咳一つ聞こえない。,场内很安静，甚至连咳嗽声都没有。,场内很安静，甚至连咳嗽声都没有。,original_book,,使用原书例句与原书中文译文。,True
n3_1162,1162,N3,11,74,76,注ぐ,そそぐ,自他五,流入，汇入；浇，洒；注入,流入，汇入；浇，洒；注入,あふれんばかりの情熱を国家の建設にそそいでいる。,あふれんばかりの情熱を国家の建設にそそいでいる。,正在为国家建设投入饱满的热情。,正在为国家建设投入饱满的热情。,original_book,,使用原书例句与原书中文译文。,True
n3_1163,1163,N3,11,74,76,だぶだぶ,だぶだぶ,副·自サ·形动,又肥又大；满，盈，荡漾,又肥又大；满，盈，荡漾,ダイエットに成功して、以前のジーンズがだぶだぶになった。,ダイエットに成功して、以前のジーンズがだぶだぶになった。,减肥成功之后，以前穿的牛仔裤就变得又肥又大了。,减肥成功之后，以前穿的牛仔裤就变得又肥又大了。,original_book,,使用原书例句与原书中文译文。,True
n3_1164,1164,N3,11,74,76,ため息,ためいき,名,长叹,长叹,試験の結果を見て、がっかりしてため息をついた。,試験の結果を見て、がっかりしてため息をついた。,看到考试结果，失望地叹了一口气。,看到考试结果，失望地叹了一口气。,original_book,,使用原书例句与原书中文译文。,True
n3_1165,1165,N3,11,74,76,タワー,タワー,名,塔，塔楼,塔，塔楼,観光で行った都市には、有名なタワーがあった。,観光で行った都市には、有名なタワーがあった。,因旅游去过的城市里有一座著名的塔。,因旅游去过的城市里有一座著名的塔。,original_book,,使用原书例句与原书中文译文。,True
n3_1166,1166,N3,11,74,76,断水,だんすい,名·自他サ,停水,停水,工事のために一時的に断水になることがある。,工事のために一時的に断水になることがある。,有时因施工而临时停水。,有时因施工而临时停水。,original_book,,使用原书例句与原书中文译文。,True
n3_1167,1167,N3,11,74,76,担当,たんとう,名·他サ,担任，责任,担任，责任,このプロジェクトの担当は私です。,このプロジェクトの担当は私です。,这个项目的负责人是我。,这个项目的负责人是我。,original_book,,使用原书例句与原书中文译文。,True
n3_1168,1168,N3,11,74,76,暖冬,だんとう,名,暖冬,暖冬,今年は暖冬で、雪があまり降らなかった。,今年は暖冬で、雪があまり降らなかった。,今年是暖冬，没怎么下雪。,今年是暖冬，没怎么下雪。,original_book,,使用原书例句与原书中文译文。,True
n3_1169,1169,N3,11,74,76,担当者,たんとうしゃ,名,担当者，负责人,担当者，负责人,問題があった時、その店の担当者に連絡を取った。,問題があった時、その店の担当者に連絡を取った。,发现问题时，我联系了该店的负责人。,发现问题时，我联系了该店的负责人。,original_book,,使用原书例句与原书中文译文。,True
n3_1170,1170,N3,11,74,76,散らす,ちらす,他五,散播，吹散；驱散，赶散,散播，吹散；驱散，赶散,桜の花びらが風に散らされました。,桜の花びらが風に散らされました。,樱花的花瓣被风吹散了。,樱花的花瓣被风吹散了。,original_book,,使用原书例句与原书中文译文。,True
n3_1171,1171,N3,11,74,76,就く,つく,自五,置身于,置身于,彼は去年主任の職に就いている。,彼は去年主任の職に就いている。,他去年当上了主任。,他去年当上了主任。,original_book,,使用原书例句与原书中文译文。,True
n3_1172,1172,N3,11,74,76,次ぐ,つぐ,自五,接着，继……之后；次于，亚于,接着，继……之后；次于，亚于,東京に次ぐ大都市は大阪です。,東京に次ぐ大都市は大阪です。,（在日本）仅次于东京的大都市是大阪。,（在日本）仅次于东京的大都市是大阪。,original_book,,使用原书例句与原书中文译文。,True
n3_1173,1173,N3,11,74,76,取り上げる,とりあげる,他一,拿起；采用，受理；没收,拿起；采用，受理；没收,新聞はその事件を一面で取り上げた。,新聞はその事件を一面で取り上げた。,报纸用整整一个版面报道了那起案件。,报纸用整整一个版面报道了那起案件。,original_book,,使用原书例句与原书中文译文。,True
n3_1174,1174,N3,11,74,76,入社,にゅうしゃ,名·自サ,进公司（工作）入职,进公司（工作）入职,貿易会社に入社した。,貿易会社に入社した。,进入贸易公司工作了。,进入贸易公司工作了。,original_book,,使用原书例句与原书中文译文。,True
n3_1175,1175,N3,11,74,76,ネット,ネット,名,网，网状物；因特网,网，网状物；因特网,彼はネットで最新のニュースを読むのが日課になっている。,彼はネットで最新のニュースを読むのが日課になっている。,他每天都在网上浏览最新新闻。,他每天都在网上浏览最新新闻。,original_book,,使用原书例句与原书中文译文。,True
n3_1176,1176,N3,11,75,77,のんびり,のんびり,副·自サ,悠闲自在，逍遥自在；舒服,悠闲自在，逍遥自在；舒服,のんびり湯に浸かる。,のんびり湯に浸かる。,悠闲地泡澡。,悠闲地泡澡。,original_book,,使用原书例句与原书中文译文。,True
n3_1177,1177,N3,11,75,77,裸,はだか,名,裸体，赤身露体,裸体，赤身露体,冬の山は丸裸だった。,冬の山は丸裸だった。,冬天山上光秃秃的。,冬天山上光秃秃的。,original_book,,使用原书例句与原书中文译文。,True
n3_1178,1178,N3,11,75,77,膝,ひざ,名,膝,膝,雑草が膝まで生えていた。,雑草が膝まで生えていた。,杂草齐膝。,杂草齐膝。,original_book,,使用原书例句与原书中文译文。,True
n3_1179,1179,N3,11,75,77,肘,ひじ,名,肘，胳膊肘,肘，胳膊肘,肘を枕にする。,肘を枕にする。,枕着胳膊。,枕着胳膊。,original_book,,使用原书例句与原书中文译文。,True
n3_1180,1180,N3,11,75,77,美人,びじん,名,美人，美女,美人，美女,彼女は当代一の美人だ。,彼女は当代一の美人だ。,她是当代第一美女。,她是当代第一美女。,original_book,,使用原书例句与原书中文译文。,True
n3_1181,1181,N3,11,75,77,人懐こい,ひとなつこい,形,和蔼可亲，不认生,和蔼可亲，不认生,彼女の犬はとても人懐こくて、誰にでもすぐに懐く。,彼女の犬はとても人懐こくて、誰にでもすぐに懐く。,她的狗很通人性，对谁都能很快亲近。,她的狗很通人性，对谁都能很快亲近。,original_book,,使用原书例句与原书中文译文。,True
n3_1182,1182,N3,11,75,77,人懐っこい,ひとなつっこい,形,不认生，容易亲昵,不认生，容易亲昵,子犬が人懐っこく寄って来る。,子犬が人懐っこく寄って来る。,小狗亲昵地走过来。,小狗亲昵地走过来。,original_book,,使用原书例句与原书中文译文。,True
n3_1183,1183,N3,11,75,77,一人暮らし,ひとりぐらし,名,单身生活，一个人过日子，独居,单身生活，一个人过日子，独居,来年から大学で一人暮らしを始める予定だ。,来年から大学で一人暮らしを始める予定だ。,计划明年开始在大学独自生活。,计划明年开始在大学独自生活。,original_book,,使用原书例句与原书中文译文。,True
n3_1184,1184,N3,11,75,77,日日,ひにち,名,天数，时日，日子；日期,天数，时日，日子；日期,期限までに日にちは十分ある。,期限までに日にちは十分ある。,到截止日期之前还有充足的时间。,到截止日期之前还有充足的时间。,original_book,,使用原书例句与原书中文译文。,True
n3_1185,1185,N3,11,75,77,節,ふし,名,节；关节，骨节；调子，曲调,节；关节，骨节；调子，曲调,この歌はとても節が難しい。,この歌はとても節が難しい。,这首歌的曲调很难。,这首歌的曲调很难。,original_book,,使用原书例句与原书中文译文。,True
n3_1186,1186,N3,11,75,77,武士,ぶし,名,武士,武士,昔の日本では、武士が重要な役割を果たしていました。,昔の日本では、武士が重要な役割を果たしていました。,在日本古代，武士起到过重要的作用。,在日本古代，武士起到过重要的作用。,original_book,,使用原书例句与原书中文译文。,True
n3_1187,1187,N3,11,75,77,踏み切り,ふみきり,名,道口，岔口,道口，岔口,踏み切りを渡る。,踏み切りを渡る。,过岔路口。,过岔路口。,original_book,,使用原书例句与原书中文译文。,True
n3_1188,1188,N3,11,75,77,別々·別別,べつべつ,名·形动,分别，各自,分别，各自,口と腹は別別だ。,口と腹は別別だ。,心口不一。,心口不一。,original_book,,使用原书例句与原书中文译文。,True
n3_1189,1189,N3,11,75,77,募集,ぼしゅう,名·他サ,募集；征募，招募,募集；征募，招募,アルバイト募集に多数の応募者がいた。,アルバイト募集に多数の応募者がいた。,有很多人应征兼职工作。,有很多人应征兼职工作。,original_book,,使用原书例句与原书中文译文。,True
n3_1190,1190,N3,11,75,77,細長い,ほそながい,形,细长,细长,細長く延ばす。,細長く延ばす。,抻得又细又长。,抻得又细又长。,original_book,,使用原书例句与原书中文译文。,True
n3_1191,1191,N3,11,75,77,真っ黒,まっくろ,名·形动,漆黑，乌黑,漆黑，乌黑,日に焼けて真っ黒になる。,日に焼けて真っ黒になる。,被太阳晒黑。,被太阳晒黑。,original_book,,使用原书例句与原书中文译文。,True
n3_1192,1192,N3,11,76,78,全く,まったく,副,完全，全然；实在，真；简直,完全，全然；实在，真；简直,料理については全くの素人だ。,料理については全くの素人だ。,关于烹饪，我一窍不通。,关于烹饪，我一窍不通。,original_book,,使用原书例句与原书中文译文。,True
n3_1193,1193,N3,11,76,78,間も無く,まもなく,副,不久，一会儿,不久，一会儿,彼は自分がどこにいるのか間もなく分かった。,彼は自分がどこにいるのか間もなく分かった。,他不久就知道自己身在何处了。,他不久就知道自己身在何处了。,original_book,,使用原书例句与原书中文译文。,True
n3_1194,1194,N3,11,76,78,見下ろす,みおろす,他五,俯视，往下看；小看，轻视，蔑视,俯视，往下看；小看，轻视，蔑视,屋根の上から猫が私を見下ろしていた。,屋根の上から猫が私を見下ろしていた。,房顶有只猫在俯视着我。,房顶有只猫在俯视着我。,original_book,,使用原书例句与原书中文译文。,True
n3_1195,1195,N3,11,76,78,見っとも無い,みっともない,形,不像样，不体面，不成体统；难看，丑,不像样，不体面，不成体统；难看，丑,いい年をして泣くとはみっともない。,いい年をして泣くとはみっともない。,一把年纪了还哭，真不像样。,一把年纪了还哭，真不像样。,original_book,,使用原书例句与原书中文译文。,True
n3_1196,1196,N3,11,76,78,無地,むじ,名,素色,素色,茶色の無地のカーテンが掛けてあります。,茶色の無地のカーテンが掛けてあります。,挂着没有图案的茶色窗帘。,挂着没有图案的茶色窗帘。,original_book,,使用原书例句与原书中文译文。,True
n3_1197,1197,N3,11,76,78,無料,むりょう,名,不要钱，免费,不要钱，免费,ここではお茶の無料サービスがある。,ここではお茶の無料サービスがある。,这里免费提供茶水。,这里免费提供茶水。,original_book,,使用原书例句与原书中文译文。,True
n3_1198,1198,N3,11,76,78,メディア,メディア,名,手段，媒介,手段，媒介,アメリカでは、経営難に陥るマスメディアが相次い出ている。,アメリカでは、経営難に陥るマスメディアが相次い出ている。,美国的大众媒体接连陷入经营危机。,美国的大众媒体接连陷入经营危机。,original_book,,使用原书例句与原书中文译文。,True
n3_1199,1199,N3,11,76,78,目出度い,めでたい,形,可喜的，可贺的；幸运的,可喜的，可贺的；幸运的,このおめでたい席に出席できて幸せです。,このおめでたい席に出席できて幸せです。,很荣幸能出席这样的盛会。,很荣幸能出席这样的盛会。,original_book,,使用原书例句与原书中文译文。,True
n3_1200,1200,N3,11,76,78,面積,めんせき,名,面积,面积,この公園の面積は10平方キロである。,この公園の面積は10平方キロである。,这个公园的面积是10平方千米。,这个公园的面积是10平方千米。,original_book,,使用原书例句与原书中文译文。,True
n3_1201,1201,N3,11,76,78,燃やす,もやす,他五,烧，燃烧；燃起,烧，燃烧；燃起,研究に情熱を燃やす。,研究に情熱を燃やす。,燃起研究热情。,燃起研究热情。,original_book,,使用原书例句与原书中文译文。,True
n3_1202,1202,N3,11,76,78,盛る,もる,他五,盛；装满；堆高，堆起来,盛；装满；堆高，堆起来,果物を山と盛る。,果物を山と盛る。,水果堆积如山。,水果堆积如山。,original_book,,使用原书例句与原书中文译文。,True
n3_1203,1203,N3,11,76,78,夜間,やかん,名,夜间，夜晚,夜间，夜晚,彼らは夜間に働き、昼間は休む。,彼らは夜間に働き、昼間は休む。,他们夜间工作，白天休息。,他们夜间工作，白天休息。,original_book,,使用原书例句与原书中文译文。,True
n3_1204,1204,N3,11,76,78,豊か,ゆたか,形动,富裕，宽裕；丰盈,富裕，宽裕；丰盈,彼はいつも豊かな心を持つよう心掛けている。,彼はいつも豊かな心を持つよう心掛けている。,他注重内心充实。,他注重内心充实。,original_book,,使用原书例句与原书中文译文。,True
n3_1205,1205,N3,11,76,78,要求,ようきゅう,名·他サ,要求；需要,要求；需要,賃金引き上げの要求は拒否された。,賃金引き上げの要求は拒否された。,提高工资的要求被拒绝了。,提高工资的要求被拒绝了。,original_book,,使用原书例句与原书中文译文。,True
n3_1206,1206,N3,11,77,79,横書き,よこがき,名,横写,横写,最近の日記は横書きで書くことが多い。,最近の日記は横書きで書くことが多い。,最近写日记多是横着写的。,最近写日记多是横着写的。,original_book,,使用原书例句与原书中文译文。,True
n3_1207,1207,N3,11,77,79,横切る,よこぎる,他五,横穿,横穿,彼は道路を横切って、反対側に急いで行った。,彼は道路を横切って、反対側に急いで行った。,他穿过马路，急匆匆地向相反方向走去。,他穿过马路，急匆匆地向相反方向走去。,original_book,,使用原书例句与原书中文译文。,True
n3_1208,1208,N3,11,77,79,横縞,よこじま,名,横格，横纹,横格，横纹,彼のシャツには青と白の横縞がある。,彼のシャツには青と白の横縞がある。,他的衬衫上有蓝白相间的横条纹。,他的衬衫上有蓝白相间的横条纹。,original_book,,使用原书例句与原书中文译文。,True
n3_1209,1209,N3,11,77,79,来日,らいにち,名·自サ,来日本，来日,来日本，来日,アメリカ大統領は来月来日する。,アメリカ大統領は来月来日する。,美国总统下个月访问日本。,美国总统下个月访问日本。,original_book,,使用原书例句与原书中文译文。,True
n3_1210,1210,N3,11,77,79,連続,れんぞく,名·自他サ,接连，连续,接连，连续,妙なことが連続して起こった。,妙なことが連続して起こった。,接连发生了奇怪的事情。,接连发生了奇怪的事情。,original_book,,使用原书例句与原书中文译文。,True
n3_1211,1211,N3,11,77,79,ローマ字,ローマじ,名,罗马字母,罗马字母,プラットホームの駅名には、普通ローマ字が添えてある。,プラットホームの駅名には、普通ローマ字が添えてある。,站台上的站名一般都会标注罗马字母。,站台上的站名一般都会标注罗马字母。,original_book,,使用原书例句与原书中文译文。,True
n3_1212,1212,N3,12,78,80,明ける,あける,自一,（天）明，亮；（新的一年、季节）开始,（天）明，亮；（新的一年、季节）开始,夜が明けると、彼女は新しい一日の準備を始めた。,夜が明けると、彼女は新しい一日の準備を始めた。,天亮之后，她开始为新的一天做准备了。,天亮之后，她开始为新的一天做准备了。,original_book,,使用原书例句与原书中文译文。,True
n3_1213,1213,N3,12,78,80,憧れる,あこがれる,自一,憧憬，向往,憧憬，向往,地方の人はみんな首都に憧れています。,地方の人はみんな首都に憧れています。,地方的人们都向往首都。,地方的人们都向往首都。,original_book,,使用原书例句与原书中文译文。,True
n3_1214,1214,N3,12,78,80,宛名,あてな,名,收件人姓名（住址）,收件人姓名（住址）,封筒に宛名を書きます。,封筒に宛名を書きます。,在信封上写收件人姓名。,在信封上写收件人姓名。,original_book,,使用原书例句与原书中文译文。,True
n3_1215,1215,N3,12,78,80,荒い,あらい,形,粗暴；凶猛；胡乱,粗暴；凶猛；胡乱,あの人は言葉遣いがとても荒いです。,あの人は言葉遣いがとても荒いです。,那个人说话很粗鲁。,那个人说话很粗鲁。,original_book,,使用原书例句与原书中文译文。,True
n3_1216,1216,N3,12,78,80,案外,あんがい,形动·副,意想不到，出乎意料,意想不到，出乎意料,事は案外早くできあがりました。,事は案外早くできあがりました。,没想到很快就完成了。,没想到很快就完成了。,original_book,,使用原书例句与原书中文译文。,True
n3_1217,1217,N3,12,78,80,至る,いたる,自五,至，到；到来，来临；到达,至，到；到来，来临；到达,この列車は福島を経て仙台に至ります。,この列車は福島を経て仙台に至ります。,这辆列车经由福岛开往仙台。,这辆列车经由福岛开往仙台。,original_book,,使用原书例句与原书中文译文。,True
n3_1218,1218,N3,12,78,80,一瞬,いっしゅん,名,一瞬，一刹那,一瞬，一刹那,一瞬、自分の目を疑いました。,一瞬、自分の目を疑いました。,在那一瞬间，我怀疑自己的眼睛。,在那一瞬间，我怀疑自己的眼睛。,original_book,,使用原书例句与原书中文译文。,True
n3_1219,1219,N3,12,78,80,違反,いはん,名·自サ,违反,违反,そうすれば、規則に違反しますよ。,そうすれば、規則に違反しますよ。,如果那样的话就违反规则了。,如果那样的话就违反规则了。,original_book,,使用原书例句与原书中文译文。,True
n3_1220,1220,N3,12,78,80,絵葉書,えはがき,名,美术明信片,美术明信片,絵葉書に簡単な絵を印刷しました。,絵葉書に簡単な絵を印刷しました。,在明信片上印简单的图案。,在明信片上印简单的图案。,original_book,,使用原书例句与原书中文译文。,True
n3_1221,1221,N3,12,78,80,思い込む,おもいこむ,他五,深信；认定；下决心,深信；认定；下决心,あいつは西洋のものはなんでもよいと思い込んでいます。,あいつは西洋のものはなんでもよいと思い込んでいます。,她认为西方的东西什么都好。,她认为西方的东西什么都好。,original_book,,使用原书例句与原书中文译文。,True
n3_1222,1222,N3,12,78,80,思わず,おもわず,副,不由得，不知不觉地,不由得，不知不觉地,思わず大きな声で叫びます。,思わず大きな声で叫びます。,不由得大叫。,不由得大叫。,original_book,,使用原书例句与原书中文译文。,True
n3_1223,1223,N3,12,78,80,及ぼす,およぼす,他五,达到，波及；影响到,达到，波及；影响到,台風は田畑に被害を及ぼしました。,台風は田畑に被害を及ぼしました。,台风对农田造成了损失。,台风对农田造成了损失。,original_book,,使用原书例句与原书中文译文。,True
n3_1224,1224,N3,12,78,80,快速,かいそく,名,快速，高速,快速，高速,快速電車に乗ると、目的地に早く着ける。,快速電車に乗ると、目的地に早く着ける。,乘坐快速电车能早到目的地。,乘坐快速电车能早到目的地。,original_book,,使用原书例句与原书中文译文。,True
n3_1225,1225,N3,12,78,80,会費,かいひ,名,会费,会费,今月のクラブの会費は、一人500円です。,今月のクラブの会費は、一人500円です。,本月的社团会费是每人500日元。,本月的社团会费是每人500日元。,original_book,,使用原书例句与原书中文译文。,True
n3_1226,1226,N3,12,79,81,カウンセリング,カウンセリング,名,心理咨询,心理咨询,悩みがある時は、カウンセリングを受けると良い。,悩みがある時は、カウンセリングを受けると良い。,有烦恼的时候最好接受心理咨询。,有烦恼的时候最好接受心理咨询。,original_book,,使用原书例句与原书中文译文。,True
n3_1227,1227,N3,12,79,81,香り,かおり,名,香味，香气，芳香,香味，香气，芳香,部屋中いい香りがします。,部屋中いい香りがします。,整个房间香气四溢。,整个房间香气四溢。,original_book,,使用原书例句与原书中文译文。,True
n3_1228,1228,N3,12,79,81,輝く,かがやく,自五,闪耀,闪耀,星がきらきら輝いています。,星がきらきら輝いています。,星星闪烁。,星星闪烁。,original_book,,使用原书例句与原书中文译文。,True
n3_1229,1229,N3,12,79,81,係り,かかり,名,担任；担任者；主管人员,担任；担任者；主管人员,係りの者を呼んで来ます。,係りの者を呼んで来ます。,我把负责人找来。,我把负责人找来。,original_book,,使用原书例句与原书中文译文。,True
n3_1230,1230,N3,12,79,81,家具,かぐ,名,家具,家具,部屋の家具は社長が送ってくださったものです。,部屋の家具は社長が送ってくださったものです。,房间里的家具是总经理送上门的。,房间里的家具是总经理送上门的。,original_book,,使用原书例句与原书中文译文。,True
n3_1231,1231,N3,12,79,81,覚悟,かくご,名·他サ,做精神准备；死心；觉悟,做精神准备；死心；觉悟,断られるのを覚悟で頼んでみるつもりだ。,断られるのを覚悟で頼んでみるつもりだ。,我打算做好被拒绝的心理准备去拜托试试。,我打算做好被拒绝的心理准备去拜托试试。,original_book,,使用原书例句与原书中文译文。,True
n3_1232,1232,N3,12,79,81,学費,がくひ,名,学费,学费,日本ではアルバイトをして学費を稼ぐ学生が多いです。,日本ではアルバイトをして学費を稼ぐ学生が多いです。,在日本，很多学生打工挣学费。,在日本，很多学生打工挣学费。,original_book,,使用原书例句与原书中文译文。,True
n3_1233,1233,N3,12,79,81,菓子,かし,名,点心，糕点,点心，糕点,日本ではお客さんにお茶と菓子を出すのが普通です。,日本ではお客さんにお茶と菓子を出すのが普通です。,在日本，给客人端茶和点心是很普遍的做法。,在日本，给客人端茶和点心是很普遍的做法。,original_book,,使用原书例句与原书中文译文。,True
n3_1234,1234,N3,12,79,81,果実,かじつ,名,果实，果子,果实，果子,秋はいろいろな果実が実る季節です。,秋はいろいろな果実が実る季節です。,秋天是各种果实成熟的季节。,秋天是各种果实成熟的季节。,original_book,,使用原书例句与原书中文译文。,True
n3_1235,1235,N3,12,79,81,仮定,かてい,名·他サ,假定，假设,假定，假设,それが本当だと仮定してみましょう。,それが本当だと仮定してみましょう。,我们假设那就是真的吧。,我们假设那就是真的吧。,original_book,,使用原书例句与原书中文译文。,True
n3_1236,1236,N3,12,79,81,悲しみ,かなしみ,名,悲哀，悲伤；忧愁，悲愁，悲痛,悲哀，悲伤；忧愁，悲愁，悲痛,悲しみで胸がいっぱいになります。,悲しみで胸がいっぱいになります。,心里充满了悲伤。,心里充满了悲伤。,original_book,,使用原书例句与原书中文译文。,True
n3_1237,1237,N3,12,79,81,悲しむ,かなしむ,他五,悲伤，悲哀；悲痛,悲伤，悲哀；悲痛,私は大丈夫ですから、そんなに悲しまないでください。,私は大丈夫ですから、そんなに悲しまないでください。,我没事，请不要那么悲伤。,我没事，请不要那么悲伤。,original_book,,使用原书例句与原书中文译文。,True
n3_1238,1238,N3,12,79,81,加熱,かねつ,名·他サ,加热,加热,生ものを加熱して乾燥します。,生ものを加熱して乾燥します。,把生的东西加热后烘干。,把生的东西加热后烘干。,original_book,,使用原书例句与原书中文译文。,True
n3_1239,1239,N3,12,79,81,貴重,きちょう,形动,贵重，宝贵，珍贵,贵重，宝贵，珍贵,砂漠では水は非常に貴重です。,砂漠では水は非常に貴重です。,在沙漠，水非常珍贵。,在沙漠，水非常珍贵。,original_book,,使用原书例句与原书中文译文。,True
n3_1240,1240,N3,12,79,81,期末,きまつ,名,期末,期末,いよいよ期末試験の日が近づいてきました。,いよいよ期末試験の日が近づいてきました。,眼看就要期末考试了。,眼看就要期末考试了。,original_book,,使用原书例句与原书中文译文。,True
n3_1241,1241,N3,12,79,81,偶然,ぐうぜん,名·形动·副,偶然,偶然,彼と 弟 は偶然同じ名前です。,彼と弟は偶然同じ名前です。,很巧的是他和我弟弟同名。,很巧的是他和我弟弟同名。,original_book,,使用原书例句与原书中文译文。,True
n3_1242,1242,N3,12,79,81,敬語,けいご,名,敬语，敬辞,敬语，敬辞,会社では上司や先輩に敬語を使わなければなりません。,会社では上司や先輩に敬語を使わなければなりません。,在公司，对上司和前辈一定要用敬语。,在公司，对上司和前辈一定要用敬语。,original_book,,使用原书例句与原书中文译文。,True
n3_1243,1243,N3,12,79,81,合計,ごうけい,名·他サ,合计，总计,合计，总计,5冊で合計5千円になります。,5冊で合計5千円になります。,5本一共5000日元。,5本一共5000日元。,original_book,,使用原书例句与原书中文译文。,True
n3_1244,1244,N3,12,79,81,克服,こくふく,名·他サ,克服,克服,悪い習慣を克服する。,悪い習慣を克服する。,克服不好的习惯。,克服不好的习惯。,original_book,,使用原书例句与原书中文译文。,True
n3_1245,1245,N3,12,79,81,粉,こな,名,粉，粉末,粉，粉末,彼女は顔に白い粉を塗りました。,彼女は顔に白い粉を塗りました。,她在脸上抹了白粉。,她在脸上抹了白粉。,original_book,,使用原书例句与原书中文译文。,True
n3_1246,1246,N3,12,80,82,札,さつ,名,纸币，钞票,纸币，钞票,札がたくさんあります。,札がたくさんあります。,有很多钞票。,有很多钞票。,original_book,,使用原书例句与原书中文译文。,True
n3_1247,1247,N3,12,80,82,更に,さらに,副,更加；并且，还,更加；并且，还,更に一年の月日が過ぎました。,更に一年の月日が過ぎました。,又过了一年。,又过了一年。,original_book,,使用原书例句与原书中文译文。,True
n3_1248,1248,N3,12,80,82,沈む,しずむ,自五,沉没；降落；消沉；沉沦,沉没；降落；消沉；沉沦,船は台風のために沈みました。,船は台風のために沈みました。,船遭遇台风而沉没。,船遭遇台风而沉没。,original_book,,使用原书例句与原书中文译文。,True
n3_1249,1249,N3,12,80,82,しつこい,しつこい,形,没完没了，纠缠不休；腻人；浓重,没完没了，纠缠不休；腻人；浓重,彼は兄に切手をくれとしつこくせがんだ。,彼は兄に切手をくれとしつこくせがんだ。,他缠着哥哥要邮票。,他缠着哥哥要邮票。,original_book,,使用原书例句与原书中文译文。,True
n3_1250,1250,N3,12,80,82,じっと,じっと,副·自サ,保持稳定，安详；凝神，聚精会神,保持稳定，安详；凝神，聚精会神,相手の顔をじっと見つめます。,相手の顔をじっと見つめます。,一直注视着对方的脸。,一直注视着对方的脸。,original_book,,使用原书例句与原书中文译文。,True
n3_1251,1251,N3,12,80,82,尻尾,しっぽ,名,尾巴；末尾，末端,尾巴；末尾，末端,犬は主人を見ると盛んに尻尾を振りました。,犬は主人を見ると盛んに尻尾を振りました。,狗一看到主人就拼命地摇尾巴。,狗一看到主人就拼命地摇尾巴。,original_book,,使用原书例句与原书中文译文。,True
n3_1252,1252,N3,12,80,82,失望,しつぼう,名·自サ,失望,失望,わたしは君に失望しました。,わたしは君に失望しました。,我对你很失望。,我对你很失望。,original_book,,使用原书例句与原书中文译文。,True
n3_1253,1253,N3,12,80,82,しみじみ,しみじみ,副,痛切，深切,痛切，深切,外国語の必要さをしみじみ感じます。,外国語の必要さをしみじみ感じます。,深切感受到外语的重要性。,深切感受到外语的重要性。,original_book,,使用原书例句与原书中文译文。,True
n3_1254,1254,N3,12,80,82,弱点,じゃくてん,名,弱点；痛处；短处,弱点；痛处；短处,人に弱点をつかまれないようにします。,人に弱点をつかまれないようにします。,尽量不被别人抓住弱点。,尽量不被别人抓住弱点。,original_book,,使用原书例句与原书中文译文。,True
n3_1255,1255,N3,12,80,82,社説,しゃせつ,名,社论,社论,今日の朝日新聞の社説は予算案に関するものです。,今日の朝日新聞の社説は予算案に関するものです。,今天《朝日新闻》的社论是关于预算案的。,今天《朝日新闻》的社论是关于预算案的。,original_book,,使用原书例句与原书中文译文。,True
n3_1256,1256,N3,12,80,82,渋滞,じゅうたい,名·自サ,进展不顺利，停滞不前；堵车,进展不顺利，停滞不前；堵车,この通りは年中 渋滞しています。,この通りは年中渋滞しています。,这条路常年堵车。,这条路常年堵车。,original_book,,使用原书例句与原书中文译文。,True
n3_1257,1257,N3,12,80,82,絨毯,じゅうたん,名,地毯,地毯,赤い絨毯を踏みました。,赤い絨毯を踏みました。,踏上了红色的地毯。,踏上了红色的地毯。,original_book,,使用原书例句与原书中文译文。,True
n3_1258,1258,N3,12,80,82,塾,じゅく,名,私塾；塾,私塾；塾,娘は学校の帰りに塾に通っている。,娘は学校の帰りに塾に通っている。,我女儿放学后去上课外辅导班。,我女儿放学后去上课外辅导班。,original_book,,使用原书例句与原书中文译文。,True
n3_1259,1259,N3,12,80,82,優れる,すぐれる,自一,出色，优秀，卓越；（身体、精神、天气）好,出色，优秀，卓越；（身体、精神、天气）好,彼はいろいろな点でわたしより優れている。,彼はいろいろな点でわたしより優れている。,他在很多方面都比我优秀。,他在很多方面都比我优秀。,original_book,,使用原书例句与原书中文译文。,True
n3_1260,1260,N3,12,80,82,性格,せいかく,名,性格,性格,二人の性格は合わない。,二人の性格は合わない。,两个人性格不合。,两个人性格不合。,original_book,,使用原书例句与原书中文译文。,True
n3_1261,1261,N3,12,80,82,接近,せっきん,名·自サ,接近,接近,文化祭を通して教師と生徒の仲が接近した。,文化祭を通して教師と生徒の仲が接近した。,通过文化节，师生关系更加密切了。,通过文化节，师生关系更加密切了。,original_book,,使用原书例句与原书中文译文。,True
n3_1262,1262,N3,12,80,82,セメント,セメント,名,水泥,水泥,壁にセメントを塗る。,壁にセメントを塗る。,往墙上涂水泥。,往墙上涂水泥。,original_book,,使用原书例句与原书中文译文。,True
n3_1263,1263,N3,12,80,82,先々月,せんせんげつ,名,上上个月,上上个月,先々月、沖縄で暴風が続き、けが人も出たそうだ。,先々月、沖縄で暴風が続き、けが人も出たそうだ。,上上个月，冲绳暴风天气持续，据说有人受伤了。,上上个月，冲绳暴风天气持续，据说有人受伤了。,original_book,,使用原书例句与原书中文译文。,True
n3_1264,1264,N3,12,80,82,相当,そうとう,名·自サ·形动·副,相当；相当于,相当；相当于,この問題を取り上げるには相当な勇気がいる。,この問題を取り上げるには相当な勇気がいる。,提出这个问题需要相当大的勇气。,提出这个问题需要相当大的勇气。,original_book,,使用原书例句与原书中文译文。,True
n3_1265,1265,N3,12,81,83,確かめる,たしかめる,他一,确认，核实,确认，核实,実際に自分の目で確かめなければならない。,実際に自分の目で確かめなければならない。,必须亲眼见证。,必须亲眼确认。,corrected,实质误译,「確かめる」是确认、核实，不是“见证”。,True
n3_1266,1266,N3,12,81,83,偶々,たまたま,副,偶然，碰巧,偶然，碰巧,偶々駅で旧友に会った。,偶々駅で旧友に会った。,偶然在车站碰见了老朋友。,偶然在车站碰见了老朋友。,original_book,,使用原书例句与原书中文译文。,True
n3_1267,1267,N3,12,81,83,小さめ,ちいさめ,名·形动,稍小,稍小,普段より小さめのサイズの服を選んでみた。,普段より小さめのサイズの服を選んでみた。,试着选择了比平时小一号的衣服。,试着选择了比平时小一号的衣服。,original_book,,使用原书例句与原书中文译文。,True
n3_1268,1268,N3,12,81,83,チェックアウト,チェックアウト,名·他サ,结账离开旅馆,结账离开旅馆,ホテルのチェックアウト時間は午前11時だった。,ホテルのチェックアウト時間は午前11時だった。,酒店的退房时间是上午11点。,酒店的退房时间是上午11点。,original_book,,使用原书例句与原书中文译文。,True
n3_1269,1269,N3,12,81,83,チェックイン,チェックイン,名·自サ,（办理住宿）登记（手续）；在机场办理搭乘手续,（办理住宿）登记（手续）；在机场办理搭乘手续,ホテルに到着したら、まずチェックインをする。,ホテルに到着したら、まずチェックインをする。,到达酒店后先办理入住手续。,到达酒店后先办理入住手续。,original_book,,使用原书例句与原书中文译文。,True
n3_1270,1270,N3,12,81,83,近道,ちかみち,名,近道；捷径,近道；捷径,急いでいたので、学校への近道を使った。,急いでいたので、学校への近道を使った。,因为赶时间，所以抄近道去了学校。,因为赶时间，所以抄近道去了学校。,original_book,,使用原书例句与原书中文译文。,True
n3_1271,1271,N3,12,81,83,縮める,ちぢめる,他一,缩小，缩短；裁短，弄小；蜷曲，缩回,缩小，缩短；裁短，弄小；蜷曲，缩回,文の長さを3分の1に縮める。,文の長さを3分の1に縮める。,将句子长度缩短为三分之一。,将句子长度缩短为三分之一。,original_book,,使用原书例句与原书中文译文。,True
n3_1272,1272,N3,12,81,83,潰す,つぶす,他五,弄碎，捣碎，压碎；消磨时间；败家，使破产；毁坏,弄碎，捣碎，压碎；消磨时间；败家，使破产；毁坏,ニキビを自分で潰すのは肌によくない。,ニキビを自分で潰すのは肌によくない。,自己挤青春痘对皮肤不好。,自己挤青春痘对皮肤不好。,original_book,,使用原书例句与原书中文译文。,True
n3_1273,1273,N3,12,81,83,的確,てきかく,形动,正确，确实，准确,正确，确实，准确,物事を的確に判断する。,物事を的確に判断する。,准确地判断事物。,准确地判断事物。,original_book,,使用原书例句与原书中文译文。,True
n3_1274,1274,N3,12,81,83,テンポ,テンポ,名,速度，节拍,速度，节拍,彼のすることはいつも他人よりワンテンポ遅れる。,彼のすることはいつも他人よりワンテンポ遅れる。,他做事向来比别人慢一拍。,他做事向来比别人慢一拍。,original_book,,使用原书例句与原书中文译文。,True
n3_1275,1275,N3,12,81,83,電流,でんりゅう,名,电流,电流,電流が通じているから、危ないよ。,電流が通じているから、危ないよ。,有电，危险。,有电，危险。,original_book,,使用原书例句与原书中文译文。,True
n3_1276,1276,N3,12,81,83,道徳,どうとく,名,道德,道德,これは道徳上の問題だから、真剣に考えなければならない。,これは道徳上の問題だから、真剣に考えなければならない。,这是道德上的问题，必须认真考虑。,这是道德上的问题，必须认真考虑。,original_book,,使用原书例句与原书中文译文。,True
n3_1277,1277,N3,12,81,83,とって,とって,词,（连）对于……（来说）,（连）对于……（来说）,われわれにとっていちばん大切なのは仕事なんだ。,われわれにとっていちばん大切なのは仕事なんだ。,对我们来说最重要的是工作。,对我们来说最重要的是工作。,original_book,,使用原书例句与原书中文译文。,True
n3_1278,1278,N3,12,81,83,兎に角,とにかく,副,总之；姑且（不谈）,总之；姑且（不谈）,旅行したいが、お金はとにかくとして、ひまがない。,旅行したいが、お金はとにかくとして、ひまがない。,我想去旅行，但先不说钱的问题，根本就没有时间。,我想去旅行，但先不说钱的问题，根本就没有时间。,original_book,,使用原书例句与原书中文译文。,True
n3_1279,1279,N3,12,81,83,バックミラー,バックミラー,名,后视镜,后视镜,自動車のバックミラーに装着するモニターが発売された。,自動車のバックミラーに装着するモニターが発売された。,安装于汽车后视镜的监视器发售了。,安装于汽车后视镜的监视器发售了。,original_book,,使用原书例句与原书中文译文。,True
n3_1280,1280,N3,12,81,83,発見,はっけん,名·他サ,发现,发现,コロンブスがアメリカ大陸を発見した。,コロンブスがアメリカ大陸を発見した。,哥伦布发现了美洲大陆。,哥伦布发现了美洲大陆。,original_book,,使用原书例句与原书中文译文。,True
n3_1281,1281,N3,12,81,83,離す,はなす,他五,放，放开，放掉，撒开；使……分开，放开,放，放开，放掉，撒开；使……分开，放开,テーブルを壁から離して置く。,テーブルを壁から離して置く。,将桌子放在和墙隔开一些距离的地方。,将桌子放在和墙隔开一些距离的地方。,original_book,,使用原书例句与原书中文译文。,True
n3_1282,1282,N3,12,82,84,ビデオカメラ,ビデオカメラ,名,录像机，摄像机，摄影机,录像机，摄像机，摄影机,ビデオカメラで録画する。,ビデオカメラで録画する。,用摄像机拍摄。,用摄像机拍摄。,original_book,,使用原书例句与原书中文译文。,True
n3_1283,1283,N3,12,82,84,一口,ひとくち,名,一口；（吃或喝）一点儿,一口；（吃或喝）一点儿,まだ一口も食べていません。,まだ一口も食べていません。,一口都还没吃。,一口都还没吃。,original_book,,使用原书例句与原书中文译文。,True
n3_1284,1284,N3,12,82,84,一休み,ひとやすみ,名·自サ,休息片刻，歇一会儿,休息片刻，歇一会儿,この辺でそろそろ一休みしよう。,この辺でそろそろ一休みしよう。,在这附近稍作休息吧。,在这附近稍作休息吧。,original_book,,使用原书例句与原书中文译文。,True
n3_1285,1285,N3,12,82,84,一人っ子,ひとりっこ,名,独生子女，独生子，独生女,独生子女，独生子，独生女,私は一人っ子なので、いつも親と一緒に過ごす。,私は一人っ子なので、いつも親と一緒に過ごす。,我是独生子，所以总是和父母一起生活。,我是独生子，所以总是和父母一起生活。,original_book,,使用原书例句与原书中文译文。,True
n3_1286,1286,N3,12,82,84,一人息子,ひとりむすこ,名,独子,独子,彼は家族の一人息子で、両親からとても大切にされている。,彼は家族の一人息子で、両親からとても大切にされている。,他是家里的独子，父母非常重视他。,他是家里的独子，父母非常重视他。,original_book,,使用原书例句与原书中文译文。,True
n3_1287,1287,N3,12,82,84,一人娘,ひとりむすめ,名,独生女,独生女,隣の家の一人娘は、ピアノがとても上手だ。,隣の家の一人娘は、ピアノがとても上手だ。,邻居家的独生女弹钢琴弹得特别好。,邻居家的独生女弹钢琴弹得特别好。,original_book,,使用原书例句与原书中文译文。,True
n3_1288,1288,N3,12,82,84,避難,ひなん,名·自サ,避难，逃难,避难，逃难,地震の際は、速やかに安全な場所へ避難する必要がある。,地震の際は、速やかに安全な場所へ避難する必要がある。,地震发生时，要迅速撤离到安全的地方。,地震发生时，要迅速撤离到安全的地方。,original_book,,使用原书例句与原书中文译文。,True
n3_1289,1289,N3,12,82,84,分,ぶ,名·接尾,程度；形势；十分之一，一成；百分之一,程度；形势；十分之一，一成；百分之一,対戦成績では分が悪い。,対戦成績では分が悪い。,对战成绩不理想。,对战成绩不理想。,original_book,,使用原书例句与原书中文译文。,True
n3_1290,1290,N3,12,82,84,ぶつける,ぶつける,他五,扔，投，掷；碰上，撞上,扔，投，掷；碰上，撞上,車 を電 柱 にぶつけてしまった。,車を電柱にぶつけてしまった。,开车撞到电线杆上了。,开车撞到电线杆上了。,original_book,,使用原书例句与原书中文译文。,True
n3_1291,1291,N3,12,82,84,フリーター,フリーター,名,自由职业者,自由职业者,フリーターとして働きながら、自分の夢を追いかけています。,フリーターとして働きながら、自分の夢を追いかけています。,他一边做自由职业者，一边追逐自己的梦想。,他一边做自由职业者，一边追逐自己的梦想。,original_book,,使用原书例句与原书中文译文。,True
n3_1292,1292,N3,12,82,84,プリント,プリント,名·他サ,印刷，油印品,印刷，油印品,ビラをプリントした。,ビラをプリントした。,印了传单。,印了传单。,original_book,,使用原书例句与原书中文译文。,True
n3_1293,1293,N3,12,82,84,プロジェクター,プロジェクター,名,投影机，放映机,投影机，放映机,業務用のプロジェクターを買い入れた。,業務用のプロジェクターを買い入れた。,购买了业务用投影仪。,购买了业务用投影仪。,original_book,,使用原书例句与原书中文译文。,True
n3_1294,1294,N3,12,82,84,臍,へそ,名,肚脐,肚脐,へその緒を切った。,へその緒を切った。,剪断了脐带。,剪断了脐带。,original_book,,使用原书例句与原书中文译文。,True
n3_1295,1295,N3,12,82,84,ボーイ,ボーイ,名,男孩儿；侍者,男孩儿；侍者,ボーイさん、お水をください。,ボーイさん、お水をください。,服务员，请来杯水。,服务员，请来杯水。,original_book,,使用原书例句与原书中文译文。,True
n3_1296,1296,N3,12,82,84,襤褸,ぼろ,名,破布；褴褛；破衣服，破烂衣服,破布；褴褛；破衣服，破烂衣服,知識が浅くてすぐぼろが出た。,知識が浅くてすぐぼろが出た。,学识浅薄，轻易就露出破绽了。,学识浅薄，轻易就露出破绽了。,original_book,,使用原书例句与原书中文译文。,True
n3_1297,1297,N3,12,82,84,マウス,マウス,名,鼠；鼷鼠；鼠标,鼠；鼷鼠；鼠标,マウスでクリックすると、画面が表示される。,マウスでクリックすると、画面が表示される。,用鼠标一点，就出现画面。,用鼠标一点，就出现画面。,original_book,,使用原书例句与原书中文译文。,True
n3_1298,1298,N3,12,83,85,マナー,マナー,名,礼仪,礼仪,あの歌手はステージマナーがよい。,あの歌手はステージマナーがよい。,那位歌手的舞台礼仪很好。,那位歌手的舞台礼仪很好。,original_book,,使用原书例句与原书中文译文。,True
n3_1299,1299,N3,12,83,85,身,み,名,自己，自身；身份,自己，自身；身份,作家として身を立てることにした。,作家として身を立てることにした。,决定当一名作家。,决定当一名作家。,original_book,,使用原书例句与原书中文译文。,True
n3_1300,1300,N3,12,83,85,見本,みほん,名,样品，货样；样子；榜样,样品，货样；样子；榜样,これは不注意による失敗のいい見本だ。,これは不注意による失敗のいい見本だ。,这是疏忽导致犯错的典型例子。,这是疏忽导致犯错的典型例子。,original_book,,使用原书例句与原书中文译文。,True
n3_1301,1301,N3,12,83,85,名刺,めいし,名,名片,名片,名刺をいただいた。,名刺をいただいた。,收到了名片。,收到了名片。,original_book,,使用原书例句与原书中文译文。,True
n3_1302,1302,N3,12,83,85,メーター,メーター,名,（长度单位）米；（自动计量的）仪表,（长度单位）米；（自动计量的）仪表,ガスのメーターを調べる。,ガスのメーターを調べる。,检查燃气仪表。,检查燃气仪表。,original_book,,使用原书例句与原书中文译文。,True
n3_1303,1303,N3,12,83,85,恵まれる,めぐまれる,自一,赋予，富有,赋予，富有,彼は立派な体格に恵まれている。,彼は立派な体格に恵まれている。,他身强体壮。,他身强体壮。,original_book,,使用原书例句与原书中文译文。,True
n3_1304,1304,N3,12,83,85,持ち帰る,もちかえる,他五,拿回，带回,拿回，带回,パンフレットをお持ち帰りください。,パンフレットをお持ち帰りください。,请将小册子带走。,请将小册子带走。,original_book,,使用原书例句与原书中文译文。,True
n3_1305,1305,N3,12,83,85,汚す,よごす,他五,弄脏；搀和，拌和,弄脏；搀和，拌和,サッカーで泥だらけになって、ユニフォームを汚してしまった。,サッカーで泥だらけになって、ユニフォームを汚してしまった。,踢足球踢得满身是泥，把制服弄脏了。,踢足球踢得满身是泥，把制服弄脏了。,original_book,,使用原书例句与原书中文译文。,True
n3_1306,1306,N3,12,83,85,予想,よそう,名·自他サ,预想，预料,预想，预料,天気予報では、明日は雨が降ると予想されている。,天気予報では、明日は雨が降ると予想されている。,天气预报显示明天有雨。,天气预报显示明天有雨。,original_book,,使用原书例句与原书中文译文。,True
n3_1307,1307,N3,12,83,85,ライター,ライター,名,打火机,打火机,ライターでたばこに火をつける。,ライターでたばこに火をつける。,用打火机点烟。,用打火机点烟。,original_book,,使用原书例句与原书中文译文。,True
n3_1308,1308,N3,12,83,85,リボン,リボン,名,缎带，发带,缎带，发带,頭にばらの花形に結んだリボンをつける。,頭にばらの花形に結んだリボンをつける。,头戴一个打着玫瑰花结的发带。,头戴一个打着玫瑰花结的发带。,original_book,,使用原书例句与原书中文译文。,True
n3_1309,1309,N3,13,84,86,アクセント,アクセント,名,重音，（发音）声调,重音，（发音）声调,東京と大阪ではアクセントが違う。,東京と大阪ではアクセントが違う。,东京话和大阪话的声调不同。,东京话和大阪话的声调不同。,original_book,,使用原书例句与原书中文译文。,True
n3_1310,1310,N3,13,84,86,預ける,あずける,他一,寄存，寄放；委托，托付,寄存，寄放；委托，托付,お金を銀行に預けます。,お金を銀行に預けます。,把钱存进银行。,把钱存进银行。,original_book,,使用原书例句与原书中文译文。,True
n3_1311,1311,N3,13,84,86,あたし,あたし,代,我（主要是女性使用）,我（主要是女性使用）,あたしでもそうですよ。,あたしでもそうですよ。,我也是这样的。,我也是这样的。,original_book,,使用原书例句与原书中文译文。,True
n3_1312,1312,N3,13,84,86,暖まる,あたたまる,自五,暖和；（手头）充裕,暖和；（手头）充裕,風呂に入って体が暖まりました。,風呂に入って体が暖まりました。,泡进浴缸，身体暖和了。,泡进浴缸，身体暖和了。,original_book,,使用原书例句与原书中文译文。,True
n3_1313,1313,N3,13,84,86,暖める,あたためる,他一,温，热，烫,温，热，烫,ストーブをつけて部屋を暖めます。,ストーブをつけて部屋を暖めます。,打开暖炉让房间暖和起来。,打开暖炉让房间暖和起来。,original_book,,使用原书例句与原书中文译文。,True
n3_1314,1314,N3,13,84,86,意外,いがい,名·形动,意外，想不到，出乎意料,意外，想不到，出乎意料,君にここで出会うとはまったく意外です。,君にここで出会うとはまったく意外です。,在这里见到你真是太意外了。,在这里见到你真是太意外了。,original_book,,使用原书例句与原书中文译文。,True
n3_1315,1315,N3,13,84,86,息,いき,名,呼吸；气息,呼吸；气息,冬の朝は息が白く見えます。,冬の朝は息が白く見えます。,冬日的早晨，可以看见鼻子呼出白气。,冬日的早晨，可以看见鼻子呼出白气。,original_book,,使用原书例句与原书中文译文。,True
n3_1316,1316,N3,13,84,86,埋まる,うまる,自五,埋上，埋着；填补，弥补,埋上，埋着；填补，弥补,くずれた建物の下に埋まった人は助からないかもしれません。,くずれた建物の下に埋まった人は助からないかもしれません。,被埋在倒塌建筑物下面的人可能没救了。,被埋在倒塌建筑物下面的人可能没救了。,original_book,,使用原书例句与原书中文译文。,True
n3_1317,1317,N3,13,84,86,エチケット,エチケット,名,礼仪，礼节，规矩,礼仪，礼节，规矩,あいさつがエチケットとして、細かく規定されている。,あいさつがエチケットとして、細かく規定されている。,寒暄是一种礼节，有着很细的规定。,寒暄是一种礼节，有着很细的规定。,original_book,,使用原书例句与原书中文译文。,True
n3_1318,1318,N3,13,84,86,欧米,おうべい,名,欧美,欧美,欧米へ旅行します。,欧米へ旅行します。,去欧美旅行。,去欧美旅行。,original_book,,使用原书例句与原书中文译文。,True
n3_1319,1319,N3,13,84,86,オープン,オープン,名·形动·自他サ,敞开，公开；公开的，开放的,敞开，公开；公开的，开放的,そのレストランは9月にオープンする。,そのレストランは9月にオープンする。,那家餐馆将于九月开业。,那家餐馆将于九月开业。,original_book,,使用原书例句与原书中文译文。,True
n3_1320,1320,N3,13,84,86,蚊,か,名,蚊（子）,蚊（子）,蚊に刺されて痒いです。,蚊に刺されて痒いです。,被蚊子叮了，很痒。,被蚊子叮了，很痒。,original_book,,使用原书例句与原书中文译文。,True
n3_1321,1321,N3,13,85,87,カー,カー,名,汽车,汽车,職 場から遠いため、マイカーを購 入 する人々が急速に増えている。,職場から遠いため、マイカーを購入する人々が急速に増えている。,因住处远离办公地点而买私家车的人急剧增多。,因住处远离办公地点而买私家车的人急剧增多。,original_book,,使用原书例句与原书中文译文。,True
n3_1322,1322,N3,13,85,87,カーナビ,カーナビ,名,汽车导航（系统）,汽车导航（系统）,カーナビを使って目的地にたどり着きました。,カーナビを使って目的地にたどり着きました。,使用车载导航到达了目的地。,使用车载导航到达了目的地。,original_book,,使用原书例句与原书中文译文。,True
n3_1323,1323,N3,13,85,87,カーブ,カーブ,名·自サ,曲线，弯道,曲线，弯道,道は左へとカーブしている。,道は左へとカーブしている。,向左进入弯道。,向左进入弯道。,original_book,,使用原书例句与原书中文译文。,True
n3_1324,1324,N3,13,85,87,カーペット,カーペット,名,地毯,地毯,トルコ製のカーペットは世界的にも有名です。,トルコ製のカーペットは世界的にも有名です。,土耳其产的地毯在世界上也很有名。,土耳其产的地毯在世界上也很有名。,original_book,,使用原书例句与原书中文译文。,True
n3_1325,1325,N3,13,85,87,加害者,かがいしゃ,名,加害者,加害者,事故の加害者は、責任を取るべきだ。,事故の加害者は、責任を取るべきだ。,事故的肇事者应该承担责任。,事故的肇事者应该承担责任。,original_book,,使用原书例句与原书中文译文。,True
n3_1326,1326,N3,13,85,87,学園祭,がくえんさい,名,校园节，学校文化节,校园节，学校文化节,今年の学園祭では、私たちのクラスはカフェを開く予定だ。,今年の学園祭では、私たちのクラスはカフェを開く予定だ。,在今年的学校文化节上，我们班计划开咖啡角。,在今年的学校文化节上，我们班计划开咖啡角。,original_book,,使用原书例句与原书中文译文。,True
n3_1327,1327,N3,13,85,87,かけ算,かけざん,名,乘法,乘法,小学校では、かけ算の九九を覚えることが大切だ。,小学校では、かけ算の九九を覚えることが大切だ。,上小学时，记住九九乘法表很重要。,上小学时，记住九九乘法表很重要。,original_book,,使用原书例句与原书中文译文。,True
n3_1328,1328,N3,13,85,87,議員,ぎいん,名,（国会、地方议会的）议员,（国会、地方议会的）议员,彼は地域を代表して議会で議員として活動している。,彼は地域を代表して議会で議員として活動している。,他代表地区在议会中担任议员职务。,他代表地区在议会中担任议员职务。,original_book,,使用原书例句与原书中文译文。,True
n3_1329,1329,N3,13,85,87,機関,きかん,名,机关；发动机,机关；发动机,機関の運営に問題が生じた。,機関の運営に問題が生じた。,机构运作出现了问题。,机构运作出现了问题。,original_book,,使用原书例句与原书中文译文。,True
n3_1330,1330,N3,13,85,87,期間,きかん,名,期间,期间,この回数券はもう有効期間が過ぎました。,この回数券はもう有効期間が過ぎました。,这张计次票已经过期了。,这张计次票已经过期了。,original_book,,使用原书例句与原书中文译文。,True
n3_1331,1331,N3,13,85,87,機器,きき,名,机械和器具,机械和器具,掃除機は床やカーペットをきれいにする機器です。,掃除機は床やカーペットをきれいにする機器です。,吸尘器是清洁地板和地毯的机器。,吸尘器是清洁地板和地毯的机器。,original_book,,使用原书例句与原书中文译文。,True
n3_1332,1332,N3,13,85,87,基金,ききん,名,基金,基金,体の不自由な人のために基金を設けました。,体の不自由な人のために基金を設けました。,为残障人士设立了基金。,为残障人士设立了基金。,original_book,,使用原书例句与原书中文译文。,True
n3_1333,1333,N3,13,85,87,禁止,きんし,名·他サ,禁止,禁止,この薬品の販売はもう禁止されています。,この薬品の販売はもう禁止されています。,这个药品已经被禁售了。,这个药品已经被禁售了。,original_book,,使用原书例句与原书中文译文。,True
n3_1334,1334,N3,13,85,87,金属,きんぞく,名,金属，五金,金属，五金,鉄は昔では貴重な金属でした。,鉄は昔では貴重な金属でした。,在古代，铁是很贵重的金属。,在古代，铁是很贵重的金属。,original_book,,使用原书例句与原书中文译文。,True
n3_1335,1335,N3,13,85,87,近代,きんだい,名,近代；现代,近代；现代,この美術館では、近代絵画が多く展示されている。,この美術館では、近代絵画が多く展示されている。,这家美术馆展出了近代的许多绘画作品。,这家美术馆展出了近代的许多绘画作品。,original_book,,使用原书例句与原书中文译文。,True
n3_1336,1336,N3,13,85,87,クリーニング,クリーニング,名,洗衣服；洗衣店,洗衣服；洗衣店,汚いワイシャツをクリーニングに出します。,汚いワイシャツをクリーニングに出します。,把脏衣服送到洗衣店清洗。,把脏衣服送到洗衣店清洗。,original_book,,使用原书例句与原书中文译文。,True
n3_1337,1337,N3,13,85,87,くれぐれも,くれぐれも,副,反复，周到，仔细,反复，周到，仔细,くれぐれもお体にお気をつけください。,くれぐれもお体にお気をつけください。,请您一定要注意身体。,请您一定要注意身体。,original_book,,使用原书例句与原书中文译文。,True
n3_1338,1338,N3,13,85,87,結論,けつろん,名·自サ,结论,结论,慌てて結論を出す必要はありません。,慌てて結論を出す必要はありません。,没有必要慌忙地提出结论。,没有必要慌忙地提出结论。,original_book,,使用原书例句与原书中文译文。,True
n3_1339,1339,N3,13,85,87,後者,こうしゃ,名,后者,后者,性格の面では前者が明るくて、後者が暗いです。,性格の面では前者が明るくて、後者が暗いです。,从性格方面来看，前者开朗，后者阴郁。,从性格方面来看，前者开朗，后者阴郁。,original_book,,使用原书例句与原书中文译文。,True
n3_1340,1340,N3,13,85,87,構造,こうぞう,名,构造，结构,构造，结构,この機械は構造がごく簡単です。,この機械は構造がごく簡単です。,这个机器的结构非常简单。,这个机器的结构非常简单。,original_book,,使用原书例句与原书中文译文。,True
n3_1341,1341,N3,13,86,88,左右,さゆう,名·他サ,左右；支配，操纵,左右；支配，操纵,彼の意見は会議の結果を左右しました。,彼の意見は会議の結果を左右しました。,他的意见左右了会议的结果。,他的意见左右了会议的结果。,original_book,,使用原书例句与原书中文译文。,True
n3_1342,1342,N3,13,86,88,自信,じしん,名,自信，信心,自信，信心,フランス語には自信がありません。,フランス語には自信がありません。,我对自己的法语水平没有信心。,我对自己的法语水平没有信心。,original_book,,使用原书例句与原书中文译文。,True
n3_1343,1343,N3,13,86,88,事態,じたい,名,情势，局势,情势，局势,事態はまだそれほど悪くなっていません。,事態はまだそれほど悪くなっていません。,事态还没有发展到那么糟糕的地步。,事态还没有发展到那么糟糕的地步。,original_book,,使用原书例句与原书中文译文。,True
n3_1344,1344,N3,13,86,88,支店,してん,名,支店，分店,支店，分店,新宿で支店を開設します。,新宿で支店を開設します。,在新宿开分店。,在新宿开分店。,original_book,,使用原书例句与原书中文译文。,True
n3_1345,1345,N3,13,86,88,状況,じょうきょう,名,情况，状况,情况，状况,状 況によって判断します。,状況によって判断します。,视情况判断。,视情况判断。,original_book,,使用原书例句与原书中文译文。,True
n3_1346,1346,N3,13,86,88,相撲,すもう,名,相扑,相扑,相撲を取る,相撲を取る,摔跤,摔跤,original_book,,使用原书例句与原书中文译文。,True
n3_1347,1347,N3,13,86,88,石油,せきゆ,名,石油,石油,石油はもともと地 球の中から出てきたものだ。,石油はもともと地球の中から出てきたものだ。,石油原本出自地球内部。,石油原本出自地球内部。,original_book,,使用原书例句与原书中文译文。,True
n3_1348,1348,N3,13,86,88,専攻,せんこう,名·他サ,专门研究；专业,专门研究；专业,ご専攻はなんですか。,ご専攻はなんですか。,您的专业是什么？,您的专业是什么？,original_book,,使用原书例句与原书中文译文。,True
n3_1349,1349,N3,13,86,88,袖,そで,名,袖子，衣袖,袖子，衣袖,これは一度も袖を通さない着物です。,これは一度も袖を通さない着物です。,这件和服一次都没有穿过。,这件和服一次都没有穿过。,original_book,,使用原书例句与原书中文译文。,True
n3_1350,1350,N3,13,86,88,対象,たいしょう,名,对象,对象,この本は小学生を対象としたものだ。,この本は小学生を対象としたものだ。,这本书以小学生为读者对象。,这本书以小学生为读者对象。,original_book,,使用原书例句与原书中文译文。,True
n3_1351,1351,N3,13,86,88,耕す,たがやす,他一,耕（地）,耕（地）,農家の彼は毎朝早く起きて畑を耕す。,農家の彼は毎朝早く起きて畑を耕す。,作为农民，他每天早起种地。,作为农民，他每天早起种地。,original_book,,使用原书例句与原书中文译文。,True
n3_1352,1352,N3,13,86,88,黙る,だまる,自五,沉默，缄默，不吱声,沉默，缄默，不吱声,先生の姿が教室に現れると、みんな急に黙ってしまった。,先生の姿が教室に現れると、みんな急に黙ってしまった。,老师一出现在教室，大家马上就安静了。,老师一出现在教室，大家马上就安静了。,original_book,,使用原书例句与原书中文译文。,True
n3_1353,1353,N3,13,86,88,地区,ちく,名,地区,地区,私たちの学校はこの地区の中でも古い方だ。,私たちの学校はこの地区の中でも古い方だ。,我们学校是这个地区的学校中较为古老的一所。,我们学校是这个地区的学校中较为古老的一所。,original_book,,使用原书例句与原书中文译文。,True
n3_1354,1354,N3,13,86,88,父の日,ちちのひ,名,父亲节,父亲节,父の日には、父に手作りの料理を作ってプレゼントした。,父の日には、父に手作りの料理を作ってプレゼントした。,父亲节那天，我亲手做菜，当作礼物送给了父亲。,父亲节那天，我亲手做菜，当作礼物送给了父亲。,original_book,,使用原书例句与原书中文译文。,True
n3_1355,1355,N3,13,86,88,中級,ちゅうきゅう,名,中级；中等,中级；中等,英語のクラスは中 級レベルから始めることにした。,英語のクラスは中級レベルから始めることにした。,决定从中级水平开始设英语班。,决定从中级水平开始设英语班。,original_book,,使用原书例句与原书中文译文。,True
n3_1356,1356,N3,13,86,88,中古車,ちゅうこしゃ,名,二手车,二手车,学生時代、初めて買ったのは中古車だった。,学生時代、初めて買ったのは中古車だった。,上学期间买的第一辆车是二手车。,上学期间买的第一辆车是二手车。,original_book,,使用原书例句与原书中文译文。,True
n3_1357,1357,N3,13,86,88,調整,ちょうせい,名·他サ,调整,调整,プレゼンテーションのスライドの内容を調整している。,プレゼンテーションのスライドの内容を調整している。,正在调整演示文稿的内容。,正在调整演示文稿的内容。,original_book,,使用原书例句与原书中文译文。,True
n3_1358,1358,N3,13,86,88,直前,ちょくぜん,名·副,即将，眼看就要……的时候；正前方,即将，眼看就要……的时候；正前方,試験の直前に復習し始めた。,試験の直前に復習し始めた。,临近考试开始复习了。,临近考试开始复习了。,original_book,,使用原书例句与原书中文译文。,True
n3_1359,1359,N3,13,86,88,繋がり,つながり,名,关系，关联；羁绊,关系，关联；羁绊,仲間との繋がりを大事にする。,仲間との繋がりを大事にする。,重视维系与朋友的关系。,重视维系与朋友的关系。,original_book,,使用原书例句与原书中文译文。,True
n3_1360,1360,N3,13,87,89,繋がる,つながる,自五,连接；相关，牵涉；有血缘关系；接通电话,连接；相关，牵涉；有血缘关系；接通电话,彼と私は血が繋がっている。,彼と私は血が繋がっている。,他和我有血缘关系。,他和我有血缘关系。,original_book,,使用原书例句与原书中文译文。,True
n3_1361,1361,N3,13,87,89,床屋,とこや,名,理发店,理发店,床屋へ髪を剃りに行く。,床屋へ髪を剃りに行く。,去理发店剪头发。,去理发店剪头发。,original_book,,使用原书例句与原书中文译文。,True
n3_1362,1362,N3,13,87,89,泥,どろ,名,泥,泥,泥をこねて泥まんじゅうをこねる。,泥をこねて泥まんじゅうをこねる。,和泥揉成小泥球。,和泥揉成小泥球。,original_book,,使用原书例句与原书中文译文。,True
n3_1363,1363,N3,13,87,89,何しろ,なにしろ,副,无论怎样，不管怎样；反正，总之；毕竟，到底,无论怎样，不管怎样；反正，总之；毕竟，到底,何しろこの大雪では出かけられない。,何しろこの大雪では出かけられない。,不管怎样，下着这么大的雪是出不了门的。,不管怎样，下着这么大的雪是出不了门的。,original_book,,使用原书例句与原书中文译文。,True
n3_1364,1364,N3,13,87,89,虹,にじ,名,虹，彩虹,虹，彩虹,虹が空にかかっている。,虹が空にかかっている。,天空架起一道彩虹。,天空架起一道彩虹。,original_book,,使用原书例句与原书中文译文。,True
n3_1365,1365,N3,13,87,89,日程,にってい,名,日程,日程,この項目を日程に載せてください。,この項目を日程に載せてください。,请将这个项目加到日程中。,请将这个项目加到日程中。,original_book,,使用原书例句与原书中文译文。,True
n3_1366,1366,N3,13,87,89,熱中,ねっちゅう,名·自サ,专心致志，入迷,专心致志，入迷,彼は勉強に熱中している。,彼は勉強に熱中している。,他专注地学习。,他专注地学习。,original_book,,使用原书例句与原书中文译文。,True
n3_1367,1367,N3,13,87,89,残す,のこす,他五,留下；剩下，保留；存留,留下；剩下，保留；存留,妻子を故郷に残して東京に出た。,妻子を故郷に残して東京に出た。,把妻子和儿女留在家乡，自己去了东京。,把妻子和儿女留在家乡，自己去了东京。,original_book,,使用原书例句与原书中文译文。,True
n3_1368,1368,N3,13,87,89,吐く,はく,他五,吐出；说出，吐露；冒出，喷出,吐出；说出，吐露；冒出，喷出,煙突から煙を吐く。,煙突から煙を吐く。,从烟囱往外冒烟。,从烟囱往外冒烟。,original_book,,使用原书例句与原书中文译文。,True
n3_1369,1369,N3,13,87,89,発表,はっぴょう,名·他サ,发表，发布；宣布,发表，发布；宣布,学校は応募条件を発表した。,学校は応募条件を発表した。,学校公布了招募条件。,学校公布了招募条件。,original_book,,使用原书例句与原书中文译文。,True
n3_1370,1370,N3,13,87,89,反抗,はんこう,名·自サ,反抗,反抗,一部の学生は反抗しようと試みた。,一部の学生は反抗しようと試みた。,一部分学生试图反抗。,一部分学生试图反抗。,original_book,,使用原书例句与原书中文译文。,True
n3_1371,1371,N3,13,87,89,引っ張る,ひっぱる,他五,拽，扯，拉上；强拉走；拉拢,拽，扯，拉上；强拉走；拉拢,人の手を引っ張る。,人の手を引っ張る。,拉别人的手。,拉别人的手。,original_book,,使用原书例句与原书中文译文。,True
n3_1372,1372,N3,13,87,89,ひな人形,ひなにんぎょう,名,女儿节人偶,女儿节人偶,ひな祭りの時、我が家では毎年ひな人形を飾る。,ひな祭りの時、我が家では毎年ひな人形を飾る。,过女儿节的时候，我家每年都要摆女儿娃娃。,过女儿节的时候，我家每年都要摆女儿娃娃。,original_book,,使用原书例句与原书中文译文。,True
n3_1373,1373,N3,13,87,89,ひな祭り,ひなまつり,名,女儿节，3月3日,女儿节，3月3日,ひな祭りには、家族でちらし寿司を食べるのが恒例だ。,ひな祭りには、家族でちらし寿司を食べるのが恒例だ。,女儿节那天吃散寿司是我家的惯例。,女儿节那天吃散寿司是我家的惯例。,original_book,,使用原书例句与原书中文译文。,True
n3_1374,1374,N3,13,87,89,捻る,ひねる,他五,扭转；揍；拧；构思,扭转；揍；拧；构思,サッカーの試合中に足を捻ってしまい、痛みが走った。,サッカーの試合中に足を捻ってしまい、痛みが走った。,在足球比赛中，我的脚扭了，引起了一阵疼痛。,在足球比赛中，我的脚扭了，引起了一阵疼痛。,original_book,,使用原书例句与原书中文译文。,True
n3_1375,1375,N3,13,87,89,広める,ひろめる,他一,扩大，增大；普及，推广；披露，宣扬,扩大，增大；普及，推广；披露，宣扬,私たちは環境保護の重要性を広める活動をしています。,私たちは環境保護の重要性を広める活動をしています。,我们正在开展宣传环境保护重要性的活动。,我们正在开展宣传环境保护重要性的活动。,original_book,,使用原书例句与原书中文译文。,True
n3_1376,1376,N3,13,88,90,不足,ふそく,名·形动·自サ,不够，不足，短缺；缺乏,不够，不足，短缺；缺乏,彼はそれをする力が不足している。,彼はそれをする力が不足している。,他做那件事情的能力不够。,他做那件事情的能力不够。,original_book,,使用原书例句与原书中文译文。,True
n3_1377,1377,N3,13,88,90,不注意,ふちゅうい,名·形动,不注意，不小心，疏忽；粗心大意,不注意，不小心，疏忽；粗心大意,不注意な操作で事故を起こす。,不注意な操作で事故を起こす。,因操作疏忽引发事故。,因操作疏忽引发事故。,original_book,,使用原书例句与原书中文译文。,True
n3_1378,1378,N3,13,88,90,平行,へいこう,名·自サ,平行，并行,平行，并行,AとBの線は平行している。,AとBの線は平行している。,A、B两条线平行。,A、B两条线平行。,original_book,,使用原书例句与原书中文译文。,True
n3_1379,1379,N3,13,88,90,変化,へんか,名·自サ,变化，变更,变化，变更,時代の変化に応じる。,時代の変化に応じる。,适应时代变化。,适应时代变化。,original_book,,使用原书例句与原书中文译文。,True
n3_1380,1380,N3,13,88,90,豊富,ほうふ,名·形动,丰富,丰富,この地方は石油が豊富だ。,この地方は石油が豊富だ。,这个地区石油资源丰富。,这个地区石油资源丰富。,original_book,,使用原书例句与原书中文译文。,True
n3_1381,1381,N3,13,88,90,吠える·吼える·咆える,ほえる,自一,吠，叫；咆哮,吠，叫；咆哮,猟犬の吠える声が遠くで聞こえる。,猟犬の吠える声が遠くで聞こえる。,远处传来猎犬的叫声。,远处传来猎犬的叫声。,original_book,,使用原书例句与原书中文译文。,True
n3_1382,1382,N3,13,88,90,朗らか,ほがらか,形动,明朗；开朗；爽快；愉快，快活,明朗；开朗；爽快；愉快，快活,朗らかに笑った。,朗らかに笑った。,开朗地笑了。,开朗地笑了。,original_book,,使用原书例句与原书中文译文。,True
n3_1383,1383,N3,13,88,90,炎,ほのお,名,火焰，火苗,火焰，火苗,家々は次々と炎を噴き出して燃えた。,家々は次々と炎を噴き出して燃えた。,一栋栋民房接连燃烧起来了。,一栋栋民房接连燃烧起来了。,original_book,,使用原书例句与原书中文译文。,True
n3_1384,1384,N3,13,88,90,増し,まし,形动·名,增加；胜过，强于,增加；胜过，强于,今日の成績は前回よりましだった。,今日の成績は前回よりましだった。,今天的成绩比上一次的好。,今天的成绩比上一次的好。,original_book,,使用原书例句与原书中文译文。,True
n3_1385,1385,N3,13,88,90,増す·益す,ます,自他五,增加；增长，增进,增加；增长，增进,コンクリート造りにすると費用が50パーセント増す。,コンクリート造りにすると費用が50パーセント増す。,如果用混凝土建造，则费用增加50%。,如果用混凝土建造，则费用增加50%。,original_book,,使用原书例句与原书中文译文。,True
n3_1386,1386,N3,13,88,90,真っ青,まっさお,名·形动,蔚蓝，深蓝；苍白；铁青,蔚蓝，深蓝；苍白；铁青,彼女は恐ろしくて真っ青になった。,彼女は恐ろしくて真っ青になった。,她非常害怕，脸都白了。,她非常害怕，脸都白了。,original_book,,使用原书例句与原书中文译文。,True
n3_1387,1387,N3,13,88,90,見方,みかた,名,看法，见解，想法,看法，见解，想法,その件については別の見方をすべきです。,その件については別の見方をすべきです。,关于那件事应该持不同的看法。,关于那件事应该持不同的看法。,original_book,,使用原书例句与原书中文译文。,True
n3_1388,1388,N3,13,88,90,見詰める,みつめる,他一,凝视，注视，盯着看,凝视，注视，盯着看,彼女はその写真をじっと見詰めていた。,彼女はその写真をじっと見詰めていた。,她一直凝视着那张照片。,她一直凝视着那张照片。,original_book,,使用原书例句与原书中文译文。,True
n3_1389,1389,N3,13,88,90,無限,むげん,名·形动,无限，无边，无止境,无限，无边，无止境,需要は無限に増加するだろう。,需要は無限に増加するだろう。,需求会一直增加下去吧。,需求会一直增加下去吧。,original_book,,使用原书例句与原书中文译文。,True
n3_1390,1390,N3,13,88,90,目覚まし,めざまし,名,叫醒，唤醒；闹钟,叫醒，唤醒；闹钟,5時半に目覚ましをかけておく。,5時半に目覚ましをかけておく。,定好5点半的闹钟。,定好5点半的闹钟。,original_book,,使用原书例句与原书中文译文。,True
n3_1391,1391,N3,13,89,91,滅多,めった,形动,胡乱，鲁莽；不多，稀少,胡乱，鲁莽；不多，稀少,あの人にはめったなことは言えない。,あの人にはめったなことは言えない。,不能跟那个人胡乱讲话。,不能跟那个人胡乱讲话。,original_book,,使用原书例句与原书中文译文。,True
n3_1392,1392,N3,13,89,91,基づく,もとづく,自五,根据，基于，按照；由于，起因于,根据，基于，按照；由于，起因于,あなたの議論は何に基づいているのか。,あなたの議論は何に基づいているのか。,你的言论有何依据？,你的言论有何依据？,original_book,,使用原书例句与原书中文译文。,True
n3_1393,1393,N3,13,89,91,宿,やど,名,房屋；住旅馆,房屋；住旅馆,一夜の宿を求めて歩き回った。,一夜の宿を求めて歩き回った。,为找个地方过夜到处转。,为找个地方过夜到处转。,original_book,,使用原书例句与原书中文译文。,True
n3_1394,1394,N3,13,89,91,茹でる,ゆでる,他一,煮，烫，焯,煮，烫，焯,野菜を茹でる,野菜を茹でる,焯蔬菜,焯蔬菜,original_book,,使用原书例句与原书中文译文。,True
n3_1395,1395,N3,13,89,91,用心,ようじん,名·自他サ,注意，小心，提防，留神，留意，留心,注意，小心，提防，留神，留意，留心,火災だけは起こさないようにと用心に用心を重ねていた。,火災だけは起こさないようにと用心に用心を重ねていた。,务必小心预防发生火灾。,务必小心预防发生火灾。,original_book,,使用原书例句与原书中文译文。,True
n3_1396,1396,N3,13,89,91,予算,よさん,名,预算,预算,限られた予算で家の切り盛りをしなければならなかった。,限られた予算で家の切り盛りをしなければならなかった。,必须用有限的预算打理家事。,必须用有限的预算打理家事。,original_book,,使用原书例句与原书中文译文。,True
n3_1397,1397,N3,13,89,91,よだれ,よだれ,名,口水,口水,美味しい料理の写真を見て、よだれが出そうだ。,美味しい料理の写真を見て、よだれが出そうだ。,看到美味佳肴的照片，我都要流口水了。,看到美味佳肴的照片，我都要流口水了。,original_book,,使用原书例句与原书中文译文。,True
n3_1398,1398,N3,13,89,91,夜更かし,よふかし,名·自サ,熬夜,熬夜,昨夜は映画を見ていて、つい夜更かししてしまった。,昨夜は映画を見ていて、つい夜更かししてしまった。,昨晚看电影，结果看了个通宵。,昨晚看电影，结果看了个通宵。,original_book,,使用原书例句与原书中文译文。,True
n3_1399,1399,N3,13,89,91,余裕,よゆう,名,剩余，充裕；从容,剩余，充裕；从容,日取りを決める時はちょっと余裕をみておいた方がよいだろう。,日取りを決める時はちょっと余裕をみておいた方がよいだろう。,在敲定日程时最好安排得充裕一些。,在敲定日程时最好安排得充裕一些。,original_book,,使用原书例句与原书中文译文。,True
n3_1400,1400,N3,13,89,91,ライトアップ,ライトアップ,名·他サ,灯光；照明,灯光；照明,クリスマスシーズンには、街中が美しくライトアップされる。,クリスマスシーズンには、街中が美しくライトアップされる。,圣诞节期间，大街上灯火璀璨。,圣诞节期间，大街上灯火璀璨。,original_book,,使用原书例句与原书中文译文。,True
n3_1401,1401,N3,13,89,91,煉瓦,れんが,名,砖,砖,煉瓦を焼く,煉瓦を焼く,烧砖,烧砖,original_book,,使用原书例句与原书中文译文。,True
n3_1402,1402,N3,13,89,91,老人,ろうじん,名,老人，老年人,老人，老年人,70歳以上の老人に特別の割引がある。,70歳以上の老人に特別の割引がある。,70岁以上的老人可享受特别优惠。,70岁以上的老人可享受特别优惠。,original_book,,使用原书例句与原书中文译文。,True
n3_1403,1403,N3,13,89,91,脇·腋,わき,名,腋下；侧面,腋下；侧面,いや、これは話が脇へ逸れました。,いや、これは話が脇へ逸れました。,呀，跑题了。,呀，跑题了。,original_book,,使用原书例句与原书中文译文。,True
n3_1404,1404,N3,14,90,92,温める,あたためる,他一,重温（旧情）；使温暖,重温（旧情）；使温暖,久しぶりの同窓会で学生時代の友人たちと旧交を温めました。,久しぶりの同窓会で学生時代の友人たちと旧交を温めました。,在久违的同学会上和上学时的朋友们重温了当年的友谊。,在久违的同学会上和上学时的朋友们重温了当年的友谊。,original_book,,使用原书例句与原书中文译文。,True
n3_1405,1405,N3,14,90,92,暴れる,あばれる,自一,乱闹；大闹,乱闹；大闹,赤ん坊が泣いて暴れます。,赤ん坊が泣いて暴れます。,婴儿在哭闹。,婴儿在哭闹。,original_book,,使用原书例句与原书中文译文。,True
n3_1406,1406,N3,14,90,92,改めて,あらためて,副,重新；再,重新；再,改めて最初からやり直します。,改めて最初からやり直します。,重新开始。,重新开始。,original_book,,使用原书例句与原书中文译文。,True
n3_1407,1407,N3,14,90,92,意志,いし,名,意志，意向，心意，志向,意志，意向，心意，志向,彼は強い意志を持って困難に立ち向かいました。,彼は強い意志を持って困難に立ち向かいました。,他意志坚定地直面困难。,他意志坚定地直面困难。,original_book,,使用原书例句与原书中文译文。,True
n3_1408,1408,N3,14,90,92,命,いのち,名,生命，寿命,生命，寿命,救助隊は洪水で孤立した村人の命を救うために奮闘した。,救助隊は洪水で孤立した村人の命を救うために奮闘した。,救援队为了拯救那些被洪水围困的村民的生命而奋战。,救援队为了拯救那些被洪水围困的村民的生命而奋战。,original_book,,使用原书例句与原书中文译文。,True
n3_1409,1409,N3,14,90,92,依頼,いらい,名·他サ,委托，依靠,委托，依靠,友達に依頼して手紙を送りました。,友達に依頼して手紙を送りました。,托朋友送了信。,托朋友送了信。,original_book,,使用原书例句与原书中文译文。,True
n3_1410,1410,N3,14,90,92,疑う,うたがう,他五,怀疑，疑惑；猜疑,怀疑，疑惑；猜疑,わたしはその事実を疑いません。,わたしはその事実を疑いません。,我不怀疑那个事实。,我不怀疑那个事实。,original_book,,使用原书例句与原书中文译文。,True
n3_1411,1411,N3,14,90,92,噂,うわさ,名·他サ,闲谈，传闻,闲谈，传闻,彼の噂をするな。,彼の噂をするな。,不要说他的闲话。,不要说他的闲话。,original_book,,使用原书例句与原书中文译文。,True
n3_1412,1412,N3,14,90,92,演劇,えんげき,名,演剧；戏剧,演剧；戏剧,学生の演劇活動が盛んです。,学生の演劇活動が盛んです。,学生的戏剧活动很丰富。,学生的戏剧活动很丰富。,original_book,,使用原书例句与原书中文译文。,True
n3_1413,1413,N3,14,90,92,幼い,おさない,形,幼小的；幼稚的,幼小的；幼稚的,わたしの子はみんなまだ幼いです。,わたしの子はみんなまだ幼いです。,我的孩子们都还小。,我的孩子们都还小。,original_book,,使用原书例句与原书中文译文。,True
n3_1414,1414,N3,14,90,92,収める,おさめる,他一,接受；收存；取得,接受；收存；取得,製品を倉庫に収めます。,製品を倉庫に収めます。,将产品存放到仓库里。,将产品存放到仓库里。,original_book,,使用原书例句与原书中文译文。,True
n3_1415,1415,N3,14,90,92,御洒落,おしゃれ,名·形动·自サ,好打扮，爱漂亮,好打扮，爱漂亮,彼女は御洒落をして現れました。,彼女は御洒落をして現れました。,她打扮得漂漂亮亮地出现了。,她打扮得漂漂亮亮地出现了。,original_book,,使用原书例句与原书中文译文。,True
n3_1416,1416,N3,14,90,92,下ろす·降ろす,おろす,他五,放下，取下，降下,放下，取下，降下,彼女は重い荷物を肩から降ろして、ほっと一息ついた。,彼女は重い荷物を肩から降ろして、ほっと一息ついた。,她将沉重的行李从肩膀上卸下，松了一口气。,她将沉重的行李从肩膀上卸下，松了一口气。,original_book,,使用原书例句与原书中文译文。,True
n3_1417,1417,N3,14,91,93,書き留め,かきとめ,名,挂号（信）,挂号（信）,小包を書き留めで出しました。,小包を書き留めで出しました。,用挂号小包寄出。,用挂号小包寄出。,original_book,,使用原书例句与原书中文译文。,True
n3_1418,1418,N3,14,91,93,隠す,かくす,他五,掩盖，掩饰，遮盖,掩盖，掩饰，遮盖,彼女はいつも帽子を深くかぶり顔を隠して歩きます。,彼女はいつも帽子を深くかぶり顔を隠して歩きます。,她总是压低帽檐儿遮着脸走路。,她总是压低帽檐儿遮着脸走路。,original_book,,使用原书例句与原书中文译文。,True
n3_1419,1419,N3,14,91,93,確率,かくりつ,名,概率；可能性，盖然性,概率；可能性，盖然性,数学の授業で確率の計算を学んだ。,数学の授業で確率の計算を学んだ。,在数学课上学习了概率计算。,在数学课上学习了概率计算。,original_book,,使用原书例句与原书中文译文。,True
n3_1420,1420,N3,14,91,93,欠ける,かける,自一,缺（少），欠，不足,缺（少），欠，不足,一人でも欠けたらゲームができません。,一人でも欠けたらゲームができません。,哪怕少一个人都玩不了游戏。,哪怕少一个人都玩不了游戏。,original_book,,使用原书例句与原书中文译文。,True
n3_1421,1421,N3,14,91,93,籠,かご,名,筐；篮,筐；篮,お土産にりんごを一籠買いました。,お土産にりんごを一籠買いました。,买了一篮苹果作为伴手礼。,买了一篮苹果作为伴手礼。,original_book,,使用原书例句与原书中文译文。,True
n3_1422,1422,N3,14,91,93,重なる,かさなる,自五,重叠；重复,重叠；重复,失敗が重なって自信をなくしました。,失敗が重なって自信をなくしました。,多次失败之后失去了信心。,多次失败之后失去了信心。,original_book,,使用原书例句与原书中文译文。,True
n3_1423,1423,N3,14,91,93,貸し出し,かしだし,名,出借,出借,この本の貸し出しをお願いできますか。,この本の貸し出しをお願いできますか。,这本书可以外借吗？,这本书可以外借吗？,original_book,,使用原书例句与原书中文译文。,True
n3_1424,1424,N3,14,91,93,貸し出す,かしだす,他五,出借；贷款,出借；贷款,図書館からこの本を一週間貸し出すことができます。,図書館からこの本を一週間貸し出すことができます。,这本书可以从图书馆借一个星期。,这本书可以从图书馆借一个星期。,original_book,,使用原书例句与原书中文译文。,True
n3_1425,1425,N3,14,91,93,過失,かしつ,名,过失，过错,过失，过错,この交通事故は運転手の過失によって引き起こされたのです。,この交通事故は運転手の過失によって引き起こされたのです。,这起交通事故是由司机的过失引起的。,这起交通事故是由司机的过失引起的。,original_book,,使用原书例句与原书中文译文。,True
n3_1426,1426,N3,14,91,93,課題,かだい,名,（提出的）题目；课题，任务,（提出的）题目；课题，任务,週末には、数学と科学の課題を終わらせなければならない。,週末には、数学と科学の課題を終わらせなければならない。,周末必须完成数学和科学的作业。,周末必须完成数学和科学的作业。,original_book,,使用原书例句与原书中文译文。,True
n3_1427,1427,N3,14,91,93,傾く,かたむく,自五,倾斜，偏，歪,倾斜，偏，歪,屋根は東側に大きく傾いています。,屋根は東側に大きく傾いています。,屋顶向东侧倾斜得很厉害。,屋顶向东侧倾斜得很厉害。,original_book,,使用原书例句与原书中文译文。,True
n3_1428,1428,N3,14,91,93,仮名遣い,かなづかい,名,假名用法,假名用法,この単語の仮名遣いが間違っていますよ。,この単語の仮名遣いが間違っていますよ。,这个单词的假名拼写错了哦。,这个单词的假名拼写错了哦。,original_book,,使用原书例句与原书中文译文。,True
n3_1429,1429,N3,14,91,93,可能,かのう,名·形动,可能,可能,月旅行も可能になりました。,月旅行も可能になりました。,登月旅行已成为可能。,登月旅行已成为可能。,original_book,,使用原书例句与原书中文译文。,True
n3_1430,1430,N3,14,91,93,画面,がめん,名,画面，镜头,画面，镜头,隣の席の男性は黙って携帯の画面を見つめています。,隣の席の男性は黙って携帯の画面を見つめています。,旁边座位上的男子一直沉默地注视着手机屏幕。,旁边座位上的男子一直沉默地注视着手机屏幕。,original_book,,使用原书例句与原书中文译文。,True
n3_1431,1431,N3,14,91,93,刈る,かる,他五,割，割掉；修剪,割，割掉；修剪,秋は稲を刈る時期です。,秋は稲を刈る時期です。,秋天是收获水稻的季节。,秋天是收获水稻的季节。,original_book,,使用原书例句与原书中文译文。,True
n3_1432,1432,N3,14,91,93,感想,かんそう,名,感想,感想,旅行の感想を聞かせてください。,旅行の感想を聞かせてください。,请说一说你的旅行感想。,请说一说你的旅行感想。,original_book,,使用原书例句与原书中文译文。,True
n3_1433,1433,N3,14,91,93,議論,ぎろん,名·他サ,议论，讨论,议论，讨论,この問題については議論がいろいろあります。,この問題については議論がいろいろあります。,关于这个问题议论纷纷。,关于这个问题议论纷纷。,original_book,,使用原书例句与原书中文译文。,True
n3_1434,1434,N3,14,91,93,緊張,きんちょう,名·自サ,紧张,紧张,彼女はよく試験の前に緊張します。,彼女はよく試験の前に緊張します。,她经常在考试前紧张。,她经常在考试前紧张。,original_book,,使用原书例句与原书中文译文。,True
n3_1435,1435,N3,14,91,93,組,くみ,名,套，组；班级,套，组；班级,これとそれで組になっています。,これとそれで組になっています。,这个和那个是一套。,这个和那个是一套。,original_book,,使用原书例句与原书中文译文。,True
n3_1436,1436,N3,14,91,93,芸能,げいのう,名,艺能，表演艺术，文艺；文娱,艺能，表演艺术，文艺；文娱,現代社会で伝統的な芸能を維持するのはとても難しいです。,現代社会で伝統的な芸能を維持するのはとても難しいです。,在现代社会维持传统艺术是非常困难的。,在现代社会维持传统艺术是非常困难的。,original_book,,使用原书例句与原书中文译文。,True
n3_1437,1437,N3,14,92,94,決心,けっしん,名·他サ,决心，决意,决心，决意,親の反対で進学の決心が崩れました。,親の反対で進学の決心が崩れました。,因为父母反对，打消了继续学习深造的决心。,因为父母反对，打消了继续学习深造的决心。,original_book,,使用原书例句与原书中文译文。,True
n3_1438,1438,N3,14,92,94,月末,げつまつ,名,月末，月终，月底,月末，月终，月底,月末までにレポートを提出してください。,月末までにレポートを提出してください。,月底前请提交报告。,月底前请提交报告。,original_book,,使用原书例句与原书中文译文。,True
n3_1439,1439,N3,14,92,94,険しい,けわしい,形,险峻，陡峭；险恶，艰险,险峻，陡峭；险恶，艰险,険しい道を登ってやっと頂 上に着きました。,険しい道を登ってやっと頂上に着きました。,沿着险峻的山路终于登上了山顶。,沿着险峻的山路终于登上了山顶。,original_book,,使用原书例句与原书中文译文。,True
n3_1440,1440,N3,14,92,94,交際,こうさい,名·自サ,交际，交往,交际，交往,あの人とは交際したくありません。,あの人とは交際したくありません。,我不想和那个人来往。,我不想和那个人来往。,original_book,,使用原书例句与原书中文译文。,True
n3_1441,1441,N3,14,92,94,凍る,こおる,自五,结冰,结冰,港は凍って航行ができません。,港は凍って航行ができません。,海港结冰，无法航行。,海港结冰，无法航行。,original_book,,使用原书例句与原书中文译文。,True
n3_1442,1442,N3,14,92,94,猿,さる,名,猴子，猿猴,猴子，猿猴,猿が芸をします。,猿が芸をします。,猴子表演杂耍。,猴子表演杂耍。,original_book,,使用原书例句与原书中文译文。,True
n3_1443,1443,N3,14,92,94,失敗,しっぱい,名·自サ,失败,失败,彼を起用したのは失敗でした。,彼を起用したのは失敗でした。,任用他是一个错误的决定。,任用他是一个错误的决定。,original_book,,使用原书例句与原书中文译文。,True
n3_1444,1444,N3,14,92,94,霜,しも,名,霜,霜,ひどい霜が下りました。,ひどい霜が下りました。,下了很厚的霜。,下了很厚的霜。,original_book,,使用原书例句与原书中文译文。,True
n3_1445,1445,N3,14,92,94,宿泊,しゅくはく,名·自サ,住宿，投宿,住宿，投宿,友人のところに宿泊します。,友人のところに宿泊します。,住在朋友家。,住在朋友家。,original_book,,使用原书例句与原书中文译文。,True
n3_1446,1446,N3,14,92,94,順調,じゅんちょう,名·形动,顺利；良好（指天气或病情）,顺利；良好（指天气或病情）,順 調な一生を過ごしました。,順調な一生を過ごしました。,度过了顺遂的一生。,度过了顺遂的一生。,original_book,,使用原书例句与原书中文译文。,True
n3_1447,1447,N3,14,92,94,透き·隙,すき,名,缝隙，空隙；疏忽，空子,缝隙，空隙；疏忽，空子,仕事の隙を見つける。,仕事の隙を見つける。,利用工作的间隙。,利用工作的间隙。,original_book,,使用原书例句与原书中文译文。,True
n3_1448,1448,N3,14,92,94,設計,せっけい,名·自サ,设计；规划，计划,设计；规划，计划,彼の仕事は建物の設計をすることだ。,彼の仕事は建物の設計をすることだ。,他的工作是建筑设计。,他的工作是建筑设计。,original_book,,使用原书例句与原书中文译文。,True
n3_1449,1449,N3,14,92,94,先日,せんじつ,名,上次，前几天,上次，前几天,先日お送りした品物は届きましたか。,先日お送りした品物は届きましたか。,前几天我寄给您的东西，您收到了吗？,前几天我寄给您的东西，您收到了吗？,original_book,,使用原书例句与原书中文译文。,True
n3_1450,1450,N3,14,92,94,育てる,そだてる,他一,使……成长；促进发育，培养,使……成长；促进发育，培养,その少年はまったく伯母の手ひとつで育てられた。,その少年はまったく伯母の手ひとつで育てられた。,那个少年是他婶婶一手带大的。,那个少年是他婶婶一手带大的。,original_book,,使用原书例句与原书中文译文。,True
n3_1451,1451,N3,14,92,94,だが,だが,接续,可是，但是，不过,可是，但是，不过,失敗した。だが、有意義な経験だった。,失敗した。だが、有意義な経験だった。,虽然失败了，但这段经历很有意义。,虽然失败了，但这段经历很有意义。,original_book,,使用原书例句与原书中文译文。,True
n3_1452,1452,N3,14,93,95,地方,ちほう,名,地方，地区,地方，地区,地方の人が東京に出てくる。,地方の人が東京に出てくる。,地方的人来东京。,地方的人来东京。,original_book,,使用原书例句与原书中文译文。,True
n3_1453,1453,N3,14,93,95,地名,ちめい,名,地名,地名,日本では地名が同じところがある。,日本では地名が同じところがある。,日本有的地方地名相同。,日本有的地方地名相同。,original_book,,使用原书例句与原书中文译文。,True
n3_1454,1454,N3,14,93,95,チャイム,チャイム,名,门铃,门铃,終 業のチャイムが鳴った。,終業のチャイムが鳴った。,下课铃声响了。,下课铃声响了。,original_book,,使用原书例句与原书中文译文。,True
n3_1455,1455,N3,14,93,95,チャット,チャット,名·自サ,闲谈；聊天；聊天室,闲谈；聊天；聊天室,ここはチャット初心者大歓迎のチャットルームです。,ここはチャット初心者大歓迎のチャットルームです。,欢迎刚开始聊天的人加入这个聊天室。,欢迎刚开始聊天的人加入这个聊天室。,original_book,,使用原书例句与原书中文译文。,True
n3_1456,1456,N3,14,93,95,長男,ちょうなん,名,长子，大儿子；老大,长子，大儿子；老大,友達は家族の中で長男なので、責任が重いと言っている。,友達は家族の中で長男なので、責任が重いと言っている。,朋友是家里的长子，他说自己担负着重任。,朋友是家里的长子，他说自己担负着重任。,original_book,,使用原书例句与原书中文译文。,True
n3_1457,1457,N3,14,93,95,調味料,ちょうみりょう,名,作料，调料,作料，调料,料理をするとき、様々な調味料を使って味を整える。,料理をするとき、様々な調味料を使って味を整える。,做菜的时候，用各种调料来调味。,做菜的时候，用各种调料来调味。,original_book,,使用原书例句与原书中文译文。,True
n3_1458,1458,N3,14,93,95,散らかる,ちらかる,自五,零乱，乱七八糟,零乱，乱七八糟,勉 強中に机の上がすぐに散らかってしまう。,勉強中に机の上がすぐに散らかってしまう。,学习时，不一会儿桌面上的东西就乱了。,学习时，不一会儿桌面上的东西就乱了。,original_book,,使用原书例句与原书中文译文。,True
n3_1459,1459,N3,14,93,95,塵取り,ちりとり,名,簸箕,簸箕,掃除のとき、ちりとりとほうきが必需品だ。,掃除のとき、ちりとりとほうきが必需品だ。,打扫卫生的时候，簸箕和扫帚是必需品。,打扫卫生的时候，簸箕和扫帚是必需品。,original_book,,使用原书例句与原书中文译文。,True
n3_1460,1460,N3,14,93,95,土,つち,名,土壤，土地,土壤，土地,稲の穂が垂れて土につきそうだ。,稲の穂が垂れて土につきそうだ。,稻穗向下垂着，几乎要挨到地面上了。,稻穗向下垂着，几乎要挨到地面上了。,original_book,,使用原书例句与原书中文译文。,True
n3_1461,1461,N3,14,93,95,続き,つづき,名,继续，下文,继续，下文,この話には続きがある。,この話には続きがある。,这事还有下文。,这事还有下文。,original_book,,使用原书例句与原书中文译文。,True
n3_1462,1462,N3,14,93,95,定休日,ていきゅうび,名,（定期）休息日,（定期）休息日,明日は定休日だから、どこかへ遠足に行こう。,明日は定休日だから、どこかへ遠足に行こう。,明天是休息日，找个地方郊游吧。,明天是休息日，找个地方郊游吧。,original_book,,使用原书例句与原书中文译文。,True
n3_1463,1463,N3,14,93,95,ディズニーランド,ディズニーランド,名,迪士尼乐园,迪士尼乐园,ようこそ、夢と魔法の王国へ！7つのテーマランドからなる東京ディズニーランドでは、あなたを夢の世界へお連れします。,ようこそ、夢と魔法の王国へ！7つのテーマランドからなる東京ディズニーランドでは、あなたを夢の世界へお連れします。,欢迎来到梦想和魔法的王国！东京迪士尼乐园由七个主题公园组成，将带您走进梦想的世界。,欢迎来到梦想和魔法的王国！东京迪士尼乐园由七个主题公园组成，将带您走进梦想的世界。,original_book,,使用原书例句与原书中文译文。,True
n3_1464,1464,N3,14,93,95,ドイツ,ドイツ,名,德国,德国,あの人は去年ドイツから帰国した。,あの人は去年ドイツから帰国した。,那个人去年从德国回国了。,那个人去年从德国回国了。,original_book,,使用原书例句与原书中文译文。,True
n3_1465,1465,N3,14,93,95,動作,どうさ,名·自サ,动作,动作,工作機が複雑に動作する。,工作機が複雑に動作する。,机床在复杂地运作着。,机床在复杂地运作着。,original_book,,使用原书例句与原书中文译文。,True
n3_1466,1466,N3,14,93,95,ドライブ,ドライブ,名·自サ,开车兜风,开车兜风,車 で山中湖までドライブした。,車で山中湖までドライブした。,开车到山中湖兜风了。,开车到山中湖兜风了。,original_book,,使用原书例句与原书中文译文。,True
n3_1467,1467,N3,14,93,95,ドライヤー,ドライヤー,名,干燥机，烘干机；吹风机,干燥机，烘干机；吹风机,ドライヤーで髪を乾かす。,ドライヤーで髪を乾かす。,用吹风机吹干头发。,用吹风机吹干头发。,original_book,,使用原书例句与原书中文译文。,True
n3_1468,1468,N3,14,93,95,ニュージーランド,ニュージーランド,名,新西兰,新西兰,ニュージーランドの風景は本当に美しいです。,ニュージーランドの風景は本当に美しいです。,新西兰的风景真的很美。,新西兰的风景真的很美。,original_book,,使用原书例句与原书中文译文。,True
n3_1469,1469,N3,14,93,95,ネットワーク,ネットワーク,名,网络,网络,この番組は中央放送局から36のネットワークでお送りいたします。,この番組は中央放送局から36のネットワークでお送りいたします。,本节目由中央电视台经36个电视网转播。,本节目由中央电视台经36个电视网转播。,original_book,,使用原书例句与原书中文译文。,True
n3_1470,1470,N3,14,94,96,バー,バー,名,酒吧；（跳高的）横杆,酒吧；（跳高的）横杆,軽々とバーを飛び越えた。,軽々とバーを飛び越えた。,轻松地越过了横杆。,轻松地越过了横杆。,original_book,,使用原书例句与原书中文译文。,True
n3_1471,1471,N3,14,94,96,飛行,ひこう,名·自サ,飞行，航空,飞行，航空,飛行機の試験飛行を行う。,飛行機の試験飛行を行う。,进行飞机试飞。,进行飞机试飞。,original_book,,使用原书例句与原书中文译文。,True
n3_1472,1472,N3,14,94,96,ピザ,ピザ,名,比萨饼,比萨饼,ピザを注文するなら「宅配ピザ」のネット注文が便利でお得です。,ピザを注文するなら「宅配ピザ」のネット注文が便利でお得です。,要点比萨的话，网上下单，送货上门，既方便又划算。,要点比萨的话，网上下单，送货上门，既方便又划算。,original_book,,使用原书例句与原书中文译文。,True
n3_1473,1473,N3,14,94,96,日の入り,ひのいり,名,日落,日落,夏の日の入りは遅く、夕暮れが長く続く。,夏の日の入りは遅く、夕暮れが長く続く。,夏天日落得晚，黄昏长。,夏天日落得晚，黄昏长。,original_book,,使用原书例句与原书中文译文。,True
n3_1474,1474,N3,14,94,96,日の出,ひので,名,日出,日出,早起きして山の頂 上から日の出を見た。,早起きして山の頂上から日の出を見た。,早早地起床，从山顶上看了日出。,早早地起床，从山顶上看了日出。,original_book,,使用原书例句与原书中文译文。,True
n3_1475,1475,N3,14,94,96,日焼け,ひやけ,名·自サ,晒黑,晒黑,海で長時間遊んで、ひどい日焼けをしてしまった。,海で長時間遊んで、ひどい日焼けをしてしまった。,在海里玩了很长时间，被太阳晒得很严重。,在海里玩了很长时间，被太阳晒得很严重。,original_book,,使用原书例句与原书中文译文。,True
n3_1476,1476,N3,14,94,96,貧乏,びんぼう,名·形动,贫穷,贫穷,学生時代はお金がなく、貧乏生活を送っていた。,学生時代はお金がなく、貧乏生活を送っていた。,上学期间没有钱，过着穷日子。,上学期间没有钱，过着穷日子。,original_book,,使用原书例句与原书中文译文。,True
n3_1477,1477,N3,14,94,96,部,ぶ,名·接尾,部分；部类；部门；本，部，册，份,部分；部类；部门；本，部，册，份,それは何の部に入りますか。,それは何の部に入りますか。,那个放入哪个部类呢？,那个放入哪个部类呢？,original_book,,使用原书例句与原书中文译文。,True
n3_1478,1478,N3,14,94,96,普及,ふきゅう,名·自他サ,普及,普及,携帯電話は小学生にまで普及している。,携帯電話は小学生にまで普及している。,手机甚至已经在小学生中间普及了。,手机甚至已经在小学生中间普及了。,original_book,,使用原书例句与原书中文译文。,True
n3_1479,1479,N3,14,94,96,無事,ぶじ,名·形动,平安，无变故，太平无事；健康,平安，无变故，太平无事；健康,無事にお帰りでしたか。,無事にお帰りでしたか。,您平安回家了吗？,您平安回家了吗？,original_book,,使用原书例句与原书中文译文。,True
n3_1480,1480,N3,14,94,96,ブルー,ブルー,名·形动,青，蓝色，天蓝色；忧虑，郁闷,青，蓝色，天蓝色；忧虑，郁闷,ブルーな気分になった。,ブルーな気分になった。,心情变得忧郁了。,心情变得忧郁了。,original_book,,使用原书例句与原书中文译文。,True
n3_1481,1481,N3,14,94,96,故郷·古里·故里,ふるさと,名,故乡，老家,故乡，老家,富士山は日本人の心の故郷である。,富士山は日本人の心の故郷である。,富士山是日本人的心灵故乡。,富士山是日本人的心灵故乡。,original_book,,使用原书例句与原书中文译文。,True
n3_1482,1482,N3,14,94,96,平日,へいじつ,名,平常，平素，平日,平常，平素，平日,平日は5時まで営業している。,平日は5時まで営業している。,周一至周五营业到下午五点。,周一至周五营业到下午五点。,original_book,,使用原书例句与原书中文译文。,True
n3_1483,1483,N3,14,94,96,保存,ほぞん,名·他サ,保存,保存,その史跡は保存状態がよい。,その史跡は保存状態がよい。,那个历史遗迹保存完好。,那个历史遗迹保存完好。,original_book,,使用原书例句与原书中文译文。,True
n3_1484,1484,N3,14,94,96,認める,みとめる,他一,看见，看到；认识，重视；承认；断定，认为,看见，看到；认识，重视；承认；断定，认为,彼は自分の誤りを認めた。,彼は自分の誤りを認めた。,他承认了自己的过失。,他承认了自己的过失。,original_book,,使用原书例句与原书中文译文。,True
n3_1485,1485,N3,14,94,96,名詞,めいし,名,名词,名词,これは動詞が名詞化したものである。,これは動詞が名詞化したものである。,这个是动词的名词化用法。,这个是动词的名词化用法。,original_book,,使用原书例句与原书中文译文。,True
n3_1486,1486,N3,14,94,96,モノレール,モノレール,名,单轨铁路，单轨电车,单轨铁路，单轨电车,空港にはモノレールで行けます。,空港にはモノレールで行けます。,可以乘坐单轨电车去机场。,可以乘坐单轨电车去机场。,original_book,,使用原书例句与原书中文译文。,True
n3_1487,1487,N3,14,94,96,火傷,やけど,名·自サ,烧伤，火伤,烧伤，火伤,彼の額にはやけどの跡が生々しかった。,彼の額にはやけどの跡が生々しかった。,以前，他额头上的烫伤疤痕十分明显。,以前，他额头上的烫伤疤痕十分明显。,original_book,,使用原书例句与原书中文译文。,True
n3_1488,1488,N3,14,95,97,行方,ゆくえ,名,去向，目的地；下落，行踪,去向，目的地；下落，行踪,警察はついに彼の行方を摑んだ。,警察はついに彼の行方を摑んだ。,警察终于掌握了他的行踪。,警察终于掌握了他的行踪。,original_book,,使用原书例句与原书中文译文。,True
n3_1489,1489,N3,14,95,97,用心深い,ようじんぶかい,形,十分小心，十分谨慎,十分小心，十分谨慎,失礼がないように用心深く発言する。,失礼がないように用心深く発言する。,发言非常谨慎，以免失礼。,发言非常谨慎，以免失礼。,original_book,,使用原书例句与原书中文译文。,True
n3_1490,1490,N3,14,95,97,ラッキー,ラッキー,形动,幸运，走运，侥幸,幸运，走运，侥幸,クイズで正解した時、本当にラッキーだった。,クイズで正解した時、本当にラッキーだった。,在智力竞赛中答对了，真的很幸运。,在智力竞赛中答对了，真的很幸运。,original_book,,使用原书例句与原书中文译文。,True
n3_1491,1491,N3,14,95,97,ランプ,ランプ,名,油灯；电灯,油灯；电灯,ランプの明りで手紙を書く。,ランプの明りで手紙を書く。,在灯光下写信。,在灯光下写信。,original_book,,使用原书例句与原书中文译文。,True
n3_1492,1492,N3,14,95,97,リーダー,リーダー,名,领导人，领袖，指挥者，指导者；指引线,领导人，领袖，指挥者，指导者；指引线,クラスのリーダーに選ばれたので、責任がある。,クラスのリーダーに選ばれたので、責任がある。,因为被选为班长了，所以我肩负责任。,因为被选为班长了，所以我肩负责任。,original_book,,使用原书例句与原书中文译文。,True
n3_1493,1493,N3,14,95,97,理系,りけい,名,理科,理科,彼は理系の学部に進学して、科学者を目指している。,彼は理系の学部に進学して、科学者を目指している。,他考入大学理科院系，以成为科学家为目标。,他考入大学理科院系，以成为科学家为目标。,original_book,,使用原书例句与原书中文译文。,True
n3_1494,1494,N3,14,95,97,理想的,りそうてき,形动,理想的，合乎理想的,理想的，合乎理想的,彼女は働きやすい環境を求めて、理想的な職場を探している。,彼女は働きやすい環境を求めて、理想的な職場を探している。,她在找理想的工作，寻求一个便于工作的环境。,她在找理想的工作，寻求一个便于工作的环境。,original_book,,使用原书例句与原书中文译文。,True
n3_1495,1495,N3,14,95,97,リビングルーム,リビングルーム,名,起居室,起居室,リビングルームは家族が一家団欒を楽しみ、寛ぐ部屋と考えられている。,リビングルームは家族が一家団欒を楽しみ、寛ぐ部屋と考えられている。,起居室是指一家人共享欢乐的空间。,起居室被认为是家人享受团聚之乐、放松休息的房间。,corrected,实质误译,原译漏掉「寛ぐ」的放松、休息含义。,True
n3_1496,1496,N3,15,96,98,辺り,あたり,名,附近，周围,附近，周围,辺りの人々全部と握手した。,辺りの人々全部と握手した。,和周围的每一个人都握手了。,和周围的每一个人都握手了。,original_book,,使用原书例句与原书中文译文。,True
n3_1497,1497,N3,15,96,98,あちこち,あちこち,代·名,这儿那儿，到处,这儿那儿，到处,この植物なら国内のあちこちにあります。,この植物なら国内のあちこちにあります。,国内随处可见这种植物。,国内随处可见这种植物。,original_book,,使用原书例句与原书中文译文。,True
n3_1498,1498,N3,15,96,98,跡,あと,名,痕迹；迹象；行踪,痕迹；迹象；行踪,その顔には苦痛の跡が表れていました。,その顔には苦痛の跡が表れていました。,她的脸上写满了痛苦。,她的脸上写满了痛苦。,original_book,,使用原书例句与原书中文译文。,True
n3_1499,1499,N3,15,96,98,意義,いぎ,名,意思，意义，价值,意思，意义，价值,彼の今までの努力はすべてその意義を失いました。,彼の今までの努力はすべてその意義を失いました。,他迄今为止付出的所有努力都失去了意义。,他迄今为止付出的所有努力都失去了意义。,original_book,,使用原书例句与原书中文译文。,True
n3_1500,1500,N3,15,96,98,勢い,いきおい,名·副,气势，劲头，威势,气势，劲头，威势,新幹線はすごい勢いで走ります。,新幹線はすごい勢いで走ります。,新干线一路疾驰。,新干线一路疾驰。,original_book,,使用原书例句与原书中文译文。,True
n3_1501,1501,N3,15,96,98,いきなり,いきなり,副,突然，冷不防,突然，冷不防,いきなり怒り出したので驚きました。,いきなり怒り出したので驚きました。,（他）突然发怒，吓了我一跳。,（他）突然发怒，吓了我一跳。,original_book,,使用原书例句与原书中文译文。,True
n3_1502,1502,N3,15,96,98,生む,うむ,他五,产生，产出,产生，产出,預金が利子を生みます。,預金が利子を生みます。,存款产生利息。,存款产生利息。,original_book,,使用原书例句与原书中文译文。,True
n3_1503,1503,N3,15,96,98,梅,うめ,名,梅，梅树,梅，梅树,庭に梅の木が植えられています。,庭に梅の木が植えられています。,院子里种着梅树。,院子里种着梅树。,original_book,,使用原书例句与原书中文译文。,True
n3_1504,1504,N3,15,96,98,襟,えり,名,衣服的领子,衣服的领子,襟を立てる。,襟を立てる。,把领子竖起来。,把领子竖起来。,original_book,,使用原书例句与原书中文译文。,True
n3_1505,1505,N3,15,96,98,汚染,おせん,名·自他サ,污染,污染,この地域の空気は汚染されています。,この地域の空気は汚染されています。,这个地区的空气被污染了。,这个地区的空气被污染了。,original_book,,使用原书例句与原书中文译文。,True
n3_1506,1506,N3,15,96,98,課,か,名,课；科,课；科,新しい文章に入る前に、まず前の課を復習しましょう。,新しい文章に入る前に、まず前の課を復習しましょう。,进入新课之前复习上一课内容吧。,进入新课之前复习上一课内容吧。,original_book,,使用原书例句与原书中文译文。,True
n3_1507,1507,N3,15,96,98,ガール,ガール,名,女孩子，少女,女孩子，少女,学校の新しいクラスで、彼女はすぐに他のガールたちと友達になった。,学校の新しいクラスで、彼女はすぐに他のガールたちと友達になった。,在学校的新班级里，她很快就和其他女孩儿成了朋友。,在学校的新班级里，她很快就和其他女孩儿成了朋友。,original_book,,使用原书例句与原书中文译文。,True
n3_1508,1508,N3,15,96,98,ガールフレンド,ガールフレンド,名,女朋友,女朋友,ガールフレンドはデートに誘わずに放っておくと電話に出てくれなくなるので注意が必要だ。,ガールフレンドはデートに誘わずに放っておくと電話に出てくれなくなるので注意が必要だ。,如果你有一段时间不和女友约会，她会不接你电话的，请注意。,如果你有一段时间不和女友约会，她会不接你电话的，请注意。,original_book,,使用原书例句与原书中文译文。,True
n3_1509,1509,N3,15,96,98,加速,かそく,名·他自サ,加速,加速,この自動車の加速性能がいいです。,この自動車の加速性能がいいです。,这辆车的加速性能很好。,这辆车的加速性能很好。,original_book,,使用原书例句与原书中文译文。,True
n3_1510,1510,N3,15,96,98,肩書き,かたがき,名,头衔，官衔；称呼；地位,头衔，官衔；称呼；地位,彼は医師という肩書きを持っているが、同時に作家でもある。,彼は医師という肩書きを持っているが、同時に作家でもある。,他有一个医生的头衔，同时也是一名作家。,他有一个医生的头衔，同时也是一名作家。,original_book,,使用原书例句与原书中文译文。,True
n3_1511,1511,N3,15,97,99,肩こり,かたこり,名,肩酸，肩膀发僵,肩酸，肩膀发僵,長時間のデスクワークで肩こりがひどくなってしまった。,長時間のデスクワークで肩こりがひどくなってしまった。,长时间伏案工作导致肩膀发僵了。,长时间伏案工作导致肩膀发僵了。,original_book,,使用原书例句与原书中文译文。,True
n3_1512,1512,N3,15,97,99,活動的,かつどうてき,名·形动,活跃的,活跃的,彼女は非常に活動的で、週末はいつもボランティア活動に参加している。,彼女は非常に活動的で、週末はいつもボランティア活動に参加している。,她非常活跃，周末总是参加志愿服务。,她非常活跃，周末总是参加志愿服务。,original_book,,使用原书例句与原书中文译文。,True
n3_1513,1513,N3,15,97,99,気軽,きがる,名·形动,轻松愉快，舒畅，爽快；自由，随意，随便,轻松愉快，舒畅，爽快；自由，随意，随便,何か問題があれば、気軽に私に相談してください。,何か問題があれば、気軽に私に相談してください。,有什么问题随时找我商量。,有什么问题随时找我商量。,original_book,,使用原书例句与原书中文译文。,True
n3_1514,1514,N3,15,97,99,聞き返す,ききかえす,他五,反复问；反问,反复问；反问,先生の説明がよく聞き取れなかったので、聞き返した。,先生の説明がよく聞き取れなかったので、聞き返した。,我听不太懂老师的讲解，就又问了一遍。,我听不太懂老师的讲解，就又问了一遍。,original_book,,使用原书例句与原书中文译文。,True
n3_1515,1515,N3,15,97,99,きつい,きつい,形,强烈，厉害；严厉，苛刻；累人，费力；紧，瘦小,强烈，厉害；严厉，苛刻；累人，费力；紧，瘦小,靴がきつくて痛いです。,靴がきつくて痛いです。,鞋紧，穿得脚疼。,鞋紧，穿得脚疼。,original_book,,使用原书例句与原书中文译文。,True
n3_1516,1516,N3,15,97,99,喫茶,きっさ,名,喝茶；咖啡馆的略称,喝茶；咖啡馆的略称,息子は近くの喫茶店でアルバイトをしています。,息子は近くの喫茶店でアルバイトをしています。,我儿子在附近的咖啡店打工。,我儿子在附近的咖啡店打工。,original_book,,使用原书例句与原书中文译文。,True
n3_1517,1517,N3,15,97,99,くだらない,くだらない,形,无价值，无意义，无聊,无价值，无意义，无聊,くだらないことにお金を使うな。,くだらないことにお金を使うな。,不要把钱花在没有意义的事情上。,不要把钱花在没有意义的事情上。,original_book,,使用原书例句与原书中文译文。,True
n3_1518,1518,N3,15,97,99,クッキー,クッキー,名,饼干，曲奇,饼干，曲奇,クッキー等の菓子製造販売をしている。,クッキー等の菓子製造販売をしている。,从事饼干等点心的生产及销售业务。,从事饼干等点心的生产及销售业务。,original_book,,使用原书例句与原书中文译文。,True
n3_1519,1519,N3,15,97,99,現金,げんきん,名,现金，现款,现金，现款,品物を売って現金に換えました。,品物を売って現金に換えました。,卖掉物品换取了现金。,卖掉物品换取了现金。,original_book,,使用原书例句与原书中文译文。,True
n3_1520,1520,N3,15,97,99,コーチ,コーチ,名·他サ,教练，技术指导,教练，技术指导,あのサッカーチームのコーチはフランス人です。,あのサッカーチームのコーチはフランス人です。,那支足球队的教练是法国人。,那支足球队的教练是法国人。,original_book,,使用原书例句与原书中文译文。,True
n3_1521,1521,N3,15,97,99,コーチャー,コーチャー,名,教练,教练,選手はコーチャーの指示に従わなければなりません。,選手はコーチャーの指示に従わなければなりません。,选手必须遵从教练的指示。,选手必须遵从教练的指示。,original_book,,使用原书例句与原书中文译文。,True
n3_1522,1522,N3,15,97,99,国民,こくみん,名,国民,国民,国民は戦争で苦しい生活をしています。,国民は戦争で苦しい生活をしています。,国民正因为战争而过着艰苦的生活。,国民正因为战争而过着艰苦的生活。,original_book,,使用原书例句与原书中文译文。,True
n3_1523,1523,N3,15,97,99,心得る,こころえる,他一,明白，理解,明白，理解,それは心得ておくべきです。,それは心得ておくべきです。,应事先了解那一点。,应事先了解那一点。,original_book,,使用原书例句与原书中文译文。,True
n3_1524,1524,N3,15,97,99,最小,さいしょう,名,最小,最小,最小の努力で最大の効果をあげます。,最小の努力で最大の効果をあげます。,用最小的努力取得最大的成效。,用最小的努力取得最大的成效。,original_book,,使用原书例句与原书中文译文。,True
n3_1525,1525,N3,15,97,99,最低,さいてい,名·形动,最低；最次,最低；最次,最高と最低の差が極めてわずかです。,最高と最低の差が極めてわずかです。,最高值和最低值相差极小。,最高值和最低值相差极小。,original_book,,使用原书例句与原书中文译文。,True
n3_1526,1526,N3,15,97,99,シーズン,シーズン,名,季节；好时机,季节；好时机,秋は行楽のシーズンです。,秋は行楽のシーズンです。,秋天是出游的好季节。,秋天是出游的好季节。,original_book,,使用原书例句与原书中文译文。,True
n3_1527,1527,N3,15,97,99,シーツ,シーツ,名,床单，褥单,床单，褥单,比較しながら欲しい防水シーツを探します。,比較しながら欲しい防水シーツを探します。,货比三家，寻找防水的床单。,货比三家，寻找防水的床单。,original_book,,使用原书例句与原书中文译文。,True
n3_1528,1528,N3,15,98,100,シートベルト,シートベルト,名,座椅安全带,座椅安全带,車に乗ったら、シートベルトを締めてください。,車に乗ったら、シートベルトを締めてください。,上车后请系好安全带。,上车后请系好安全带。,original_book,,使用原书例句与原书中文译文。,True
n3_1529,1529,N3,15,98,100,周辺,しゅうへん,名,周边，四周,周边，四周,農村は都市の周辺にあります。,農村は都市の周辺にあります。,农村在城市的周围。,农村在城市的周围。,original_book,,使用原书例句与原书中文译文。,True
n3_1530,1530,N3,15,98,100,住民,じゅうみん,名,居民,居民,その地方の住民はほとんどが移民です。,その地方の住民はほとんどが移民です。,那个地方的居民大多是移民。,那个地方的居民大多是移民。,original_book,,使用原书例句与原书中文译文。,True
n3_1531,1531,N3,15,98,100,重要,じゅうよう,形动,重要，要紧,重要，要紧,わたしには時間がもっとも重要です。,わたしには時間がもっとも重要です。,对我来说时间最重要。,对我来说时间最重要。,original_book,,使用原书例句与原书中文译文。,True
n3_1532,1532,N3,15,98,100,少女,しょうじょ,名,少女，年少的女子,少女，年少的女子,少女は夢中になって本を読んでいる。,少女は夢中になって本を読んでいる。,少女正沉浸在读书中。,少女正沉浸在读书中。,original_book,,使用原书例句与原书中文译文。,True
n3_1533,1533,N3,15,98,100,人類,じんるい,名,人类,人类,人類の幸福に努力します。,人類の幸福に努力します。,为人类幸福而努力。,为人类幸福而努力。,original_book,,使用原书例句与原书中文译文。,True
n3_1534,1534,N3,15,98,100,水平,すいへい,名,水平,水平,自分の体を水平に保つ。,自分の体を水平に保つ。,保持身体水平。,保持身体水平。,original_book,,使用原书例句与原书中文译文。,True
n3_1535,1535,N3,15,98,100,水面,すいめん,名,水面,水面,水面に浮かび出る,水面に浮かび出る,浮出水面,浮出水面,original_book,,使用原书例句与原书中文译文。,True
n3_1536,1536,N3,15,98,100,酸っぱい,すっぱい,形,酸,酸,口がすっぱくなるまで話したが、彼はいっこうきかない。,口がすっぱくなるまで話したが、彼はいっこうきかない。,我说得口干舌燥，可是他根本不听。,我说得口干舌燥，可是他根本不听。,original_book,,使用原书例句与原书中文译文。,True
n3_1537,1537,N3,15,98,100,ステージ,ステージ,名,舞台，摄影棚；阶段，程度,舞台，摄影棚；阶段，程度,ステージに立つ。,ステージに立つ。,站在舞台上。,站在舞台上。,original_book,,使用原书例句与原书中文译文。,True
n3_1538,1538,N3,15,98,100,税金,ぜいきん,名,税金,税金,税金がかからない。,税金がかからない。,不征税。,不征税。,original_book,,使用原书例句与原书中文译文。,True
n3_1539,1539,N3,15,98,100,製作·制作,せいさく,名·他サ,制造，生产；制作,制造，生产；制作,今度Ａ社と協 力して、記録映画を製作する。,今度Ａ社と協力して、記録映画を製作する。,这次和A公司合作制作纪录片电影。,这次和A公司合作制作纪录片电影。,original_book,,使用原书例句与原书中文译文。,True
n3_1540,1540,N3,15,98,100,其のうち,そのうち,副,不久，过几天,不久，过几天,またそのうちお伺いします。,またそのうちお伺いします。,过几天我再来拜访。,过几天我再来拜访。,original_book,,使用原书例句与原书中文译文。,True
n3_1541,1541,N3,15,98,100,大工,だいく,名,木匠，木工,木匠，木工,このサイトを利用すれば、今すぐ大工が見つかる。,このサイトを利用すれば、今すぐ大工が見つかる。,用这个网站的话，马上就可以找到木匠。,用这个网站的话，马上就可以找到木匠。,original_book,,使用原书例句与原书中文译文。,True
n3_1542,1542,N3,15,98,100,騙す,だます,他五,欺骗,欺骗,その手でぼくを騙す気なんだね。,その手でぼくを騙す気なんだね。,想用那种手段欺骗我呢。,想用那种手段欺骗我呢。,original_book,,使用原书例句与原书中文译文。,True
n3_1543,1543,N3,15,98,100,溜める,ためる,他一,积蓄，积攒；累积,积蓄，积攒；累积,目に涙を溜めて哀願する。,目に涙を溜めて哀願する。,眼里噙着泪水哀求。,眼里噙着泪水哀求。,original_book,,使用原书例句与原书中文译文。,True
n3_1544,1544,N3,15,98,100,遅刻,ちこく,名·自サ,迟到,迟到,もう少しで遅刻するところだった。,もう少しで遅刻するところだった。,差一点儿就迟到了。,差一点儿就迟到了。,original_book,,使用原书例句与原书中文译文。,True
n3_1545,1545,N3,15,98,100,直角,ちょっかく,名·形动,直角,直角,この道をつきあたったら直角に右へ曲がる。,この道をつきあたったら直角に右へ曲がる。,沿这条路走到尽头，然后向右拐90°。,沿这条路走到尽头，然后向右拐90°。,original_book,,使用原书例句与原书中文译文。,True
n3_1546,1546,N3,15,98,100,治療,ちりょう,名·他サ,治疗,治疗,足を怪我して、病院で治療を受けている。,足を怪我して、病院で治療を受けている。,脚受伤了，正在医院接受治疗。,脚受伤了，正在医院接受治疗。,original_book,,使用原书例句与原书中文译文。,True
n3_1547,1547,N3,15,98,100,治療費,ちりょうひ,名,治疗费用,治疗费用,手術の治療費は保険でカバーされた。,手術の治療費は保険でカバーされた。,手术治疗费用全部由保险负担了。,手术治疗费用全部由保险负担了。,original_book,,使用原书例句与原书中文译文。,True
n3_1548,1548,N3,15,99,101,通路側,つうろがわ,名,通道侧,通道侧,飛行機での座席は通路側を選ぶことが多い。,飛行機での座席は通路側を選ぶことが多い。,坐飞机时，大多选择走道一侧的座位。,坐飞机时，大多选择走道一侧的座位。,original_book,,使用原书例句与原书中文译文。,True
n3_1549,1549,N3,15,99,101,突き当たり,つきあたり,名,（道路等的）尽头,（道路等的）尽头,その道をまっすぐ行くと、突き当たりに公園がある。,その道をまっすぐ行くと、突き当たりに公園がある。,沿着那条路一直走，尽头处是一座公园。,沿着那条路一直走，尽头处是一座公园。,original_book,,使用原书例句与原书中文译文。,True
n3_1550,1550,N3,15,99,101,突き当たる,つきあたる,自五,走到尽头；碰上,走到尽头；碰上,走っていたら、壁に突き当たってしまった。,走っていたら、壁に突き当たってしまった。,跑着跑着，就撞到墙上了。,跑着跑着，就撞到墙上了。,original_book,,使用原书例句与原书中文译文。,True
n3_1551,1551,N3,15,99,101,潰れる,つぶれる,自一,倒塌，挤坏，压坏；倒闭，破产,倒塌，挤坏，压坏；倒闭，破产,読書会は会員が減って、潰れてしまった。,読書会は会員が減って、潰れてしまった。,读书会会员减少，最后解散了。,读书会会员减少，最后解散了。,original_book,,使用原书例句与原书中文译文。,True
n3_1552,1552,N3,15,99,101,摘まむ•撮む,つまむ,他五,捏；尝；摘；迷惑,捏；尝；摘；迷惑,つまみ食いは悪い癖だけど、ついつまむことがある。,つまみ食いは悪い癖だけど、ついつまむことがある。,捏着吃是坏习惯，但有时一不小心就会捏着吃。,捏着吃是坏习惯，但有时一不小心就会捏着吃。,original_book,,使用原书例句与原书中文译文。,True
n3_1553,1553,N3,15,99,101,停車,ていしゃ,名·自サ,停车,停车,次は名古屋まで停車しません。,次は名古屋まで停車しません。,下一站是名古屋，其间不停车。,下一站是名古屋，其间不停车。,original_book,,使用原书例句与原书中文译文。,True
n3_1554,1554,N3,15,99,101,投票,とうひょう,名·自サ,投票,投票,彼女に投票することにした。,彼女に投票することにした。,我决定投票给她了。,我决定投票给她了。,original_book,,使用原书例句与原书中文译文。,True
n3_1555,1555,N3,15,99,101,所々,ところどころ,名,到处,到处,野原にはところどころに花が咲いている。,野原にはところどころに花が咲いている。,田野上处处鲜花盛开。,田野上处处鲜花盛开。,original_book,,使用原书例句与原书中文译文。,True
n3_1556,1556,N3,15,99,101,採る,とる,他五,采取，采用；雇用,采取，采用；雇用,500名のうち60名しかとらなかった。,500名のうち60名しかとらなかった。,500人当中只选用60人。,500人当中只选用60人。,original_book,,使用原书例句与原书中文译文。,True
n3_1557,1557,N3,15,99,101,何々,なになに,代·感·叹,哪些；什么什么,哪些；什么什么,何々、一晩くらい寝なくとも大丈夫だ。,何々、一晩くらい寝なくとも大丈夫だ。,什么、什么？就一晚上，不睡都没关系。,什么、什么？就一晚上，不睡都没关系。,original_book,,使用原书例句与原书中文译文。,True
n3_1558,1558,N3,15,99,101,波·浪,なみ,名,波，波浪，波涛,波，波浪，波涛,波が寄せてくる。,波が寄せてくる。,波浪袭来。,波浪袭来。,original_book,,使用原书例句与原书中文译文。,True
n3_1559,1559,N3,15,99,101,日中,にっちゅう,名,晌午；白天；日本和中国,晌午；白天；日本和中国,日中は働き、夜勉強した。,日中は働き、夜勉強した。,白天工作，晚上学习。,白天工作，晚上学习。,original_book,,使用原书例句与原书中文译文。,True
n3_1560,1560,N3,15,99,101,乗り換え,のりかえ,名,换车，倒车，换乘,换车，倒车，换乘,次の駅で乗り換えが必要です。,次の駅で乗り換えが必要です。,要在下一站换乘。,要在下一站换乘。,original_book,,使用原书例句与原书中文译文。,True
n3_1561,1561,N3,15,99,101,乗り換える,のりかえる,他一,换车，倒车（或船），换乘，改乘,换车，倒车（或船），换乘，改乘,電車を乗り換える。,電車を乗り換える。,换乘电车。,换乘电车。,original_book,,使用原书例句与原书中文译文。,True
n3_1562,1562,N3,15,99,101,歯車,はぐるま,名,齿轮,齿轮,機械の歯車が噛み合わない。,機械の歯車が噛み合わない。,机器的齿轮咬合不了。,机器的齿轮咬合不了。,original_book,,使用原书例句与原书中文译文。,True
n3_1563,1563,N3,15,99,101,派手,はで,形动,花哨，鲜艳，艳丽,花哨，鲜艳，艳丽,派手な服を着る。,派手な服を着る。,穿华丽的衣服。,穿华丽的衣服。,original_book,,使用原书例句与原书中文译文。,True
n3_1564,1564,N3,15,99,101,花火,はなび,名,焰火，烟花，花炮,焰火，烟花，花炮,花火を上げる。,花火を上げる。,放烟花。,放烟花。,original_book,,使用原书例句与原书中文译文。,True
n3_1565,1565,N3,15,100,102,筆記,ひっき,名·他サ,笔记；记下来,笔记；记下来,講演を筆記する。,講演を筆記する。,做演讲笔记。,做演讲笔记。,original_book,,使用原书例句与原书中文译文。,True
n3_1566,1566,N3,15,100,102,一言,ひとこと,名,一言，一句话,一言，一句话,一言言っておきたい。,一言言っておきたい。,我想说两句。,我想说两句。,original_book,,使用原书例句与原书中文译文。,True
n3_1567,1567,N3,15,100,102,一人一人,ひとりひとり,名·副,各个人，每个人，各自,各个人，每个人，各自,一人一人が質問を受けた。,一人一人が質問を受けた。,挨个接受了提问。,挨个接受了提问。,original_book,,使用原书例句与原书中文译文。,True
n3_1568,1568,N3,15,100,102,広さ,ひろさ,名,宽度，宽窄，幅度；面积,宽度，宽窄，幅度；面积,この土地の広さはどのくらいありますか。,この土地の広さはどのくらいありますか。,这块地的面积有多大？,这块地的面积有多大？,original_book,,使用原书例句与原书中文译文。,True
n3_1569,1569,N3,15,100,102,ファインプレー,ファインプレー,名,出色的技艺,出色的技艺,野球の試合で、選手が見せたファインプレーに観客は大喜びだった。,野球の試合で、選手が見せたファインプレーに観客は大喜びだった。,在棒球比赛中，观众对球员们表现出的精湛技艺备感欣喜。,在棒球比赛中，观众对球员们表现出的精湛技艺备感欣喜。,original_book,,使用原书例句与原书中文译文。,True
n3_1570,1570,N3,15,100,102,不機嫌,ふきげん,名·形动,不高兴,不高兴,朝から何か機嫌が悪い。何か不機嫌な理由があるのかもしれない。,朝から何か機嫌が悪い。何か不機嫌な理由があるのかもしれない。,她从早上开始心情就有点儿不好，可能是有什么令她不高兴的事。,她从早上开始心情就有点儿不好，可能是有什么令她不高兴的事。,original_book,,使用原书例句与原书中文译文。,True
n3_1571,1571,N3,15,100,102,不器用,ぶきよう,名·形动,笨拙,笨拙,彼は手先が不器用で、細かい作業が苦手だ。,彼は手先が不器用で、細かい作業が苦手だ。,他笨手笨脚，不擅长细活儿。,他笨手笨脚，不擅长细活儿。,original_book,,使用原书例句与原书中文译文。,True
n3_1572,1572,N3,15,100,102,塞ぐ,ふさぐ,自他五,郁闷；堵，塞；占,郁闷；堵，塞；占,倒れた木が道路を塞いでいた。,倒れた木が道路を塞いでいた。,倒下的树木堵住了道路。,倒下的树木堵住了道路。,original_book,,使用原书例句与原书中文译文。,True
n3_1573,1573,N3,15,100,102,不思議,ふしぎ,名·形动,怪，奇，奇怪，奇异,怪，奇，奇怪，奇异,不思議な事件が相次いだ。,不思議な事件が相次いだ。,离奇的事情接二连三地发生了。,离奇的事情接二连三地发生了。,original_book,,使用原书例句与原书中文译文。,True
n3_1574,1574,N3,15,100,102,部品,ぶひん,名,零件，部件,零件，部件,予備の部品を購入する。,予備の部品を購入する。,买备用零件。,买备用零件。,original_book,,使用原书例句与原书中文译文。,True
n3_1575,1575,N3,15,100,102,噴水,ふんすい,名,喷泉,喷泉,噴水が出ている。,噴水が出ている。,喷泉喷出水来。,喷泉喷出水来。,original_book,,使用原书例句与原书中文译文。,True
n3_1576,1576,N3,15,100,102,平気,へいき,名·形动,冷静，镇静；无动于衷,冷静，镇静；无动于衷,彼はどんな時にも平気でいる。,彼はどんな時にも平気でいる。,不管什么时候他都很冷静。,不管什么时候他都很冷静。,original_book,,使用原书例句与原书中文译文。,True
n3_1577,1577,N3,15,100,102,便所,べんじょ,名,厕所，茅房,厕所，茅房,便所はどこでしょうか。,便所はどこでしょうか。,厕所在哪里？,厕所在哪里？,original_book,,使用原书例句与原书中文译文。,True
n3_1578,1578,N3,15,100,102,方角,ほうがく,名,方向，方位,方向，方位,違った方角から考えてみる。,違った方角から考えてみる。,尝试从不同的角度考虑。,尝试从不同的角度考虑。,original_book,,使用原书例句与原书中文译文。,True
n3_1579,1579,N3,15,100,102,本物,ほんもの,名,真东西，真货，真的,真东西，真货，真的,本物と模造品を見分ける。,本物と模造品を見分ける。,区分正品和仿制品。,区分正品和仿制品。,original_book,,使用原书例句与原书中文译文。,True
n3_1580,1580,N3,15,100,102,真っ白,まっしろ,名·形动,雪白，纯白，洁白,雪白，纯白，洁白,彼の答案用紙は真っ白だった。,彼の答案用紙は真っ白だった。,他的答题纸上一片空白。,他的答题纸上一片空白。,original_book,,使用原书例句与原书中文译文。,True
n3_1581,1581,N3,15,100,102,招く,まねく,他五,招，招呼；招待，宴请；招聘，聘请；招致，惹,招，招呼；招待，宴请；招聘，聘请；招致，惹,彼の行為は先生の怒りを招いた。,彼の行為は先生の怒りを招いた。,他的行为引起了老师的愤怒。,他的行为引起了老师的愤怒。,original_book,,使用原书例句与原书中文译文。,True
n3_1582,1582,N3,15,101,103,見直す,みなおす,自他五,重看，重新看；重新认识,重看，重新看；重新认识,私は手紙を読んで彼を見直した。,私は手紙を読んで彼を見直した。,我读了信，改变了对他的看法。,我读了信，改变了对他的看法。,original_book,,使用原书例句与原书中文译文。,True
n3_1583,1583,N3,15,101,103,無数,むすう,名·形动,无数,无数,無数の人から問い合わせがあった。,無数の人から問い合わせがあった。,收到了无数人的咨询。,收到了无数人的咨询。,original_book,,使用原书例句与原书中文译文。,True
n3_1584,1584,N3,15,101,103,面接,めんせつ,名·自サ,接见；面试,接见；面试,一人一人に面接してアンケート調査をした。,一人一人に面接してアンケート調査をした。,见了每一个人并进行了问卷调查。,逐一面谈并进行了问卷调查。,corrected,实质误译,「面接する」是面谈、面试，原译“见了每一个人”没有体现词义。,True
n3_1585,1585,N3,15,101,103,若しも,もしも,副,假使，万一,假使，万一,若しもわたしが遅れたら、先に行ってください。,若しもわたしが遅れたら、先に行ってください。,如果我迟到了，请你先走。,如果我迟到了，请你先走。,original_book,,使用原书例句与原书中文译文。,True
n3_1586,1586,N3,15,101,103,尤も,もっとも,副·接续,合理，正当，理所当然；话虽如此，不过,合理，正当，理所当然；话虽如此，不过,毎日5時まで会社に勤めています。尤も、土曜日は午前だけです。,毎日5時まで会社に勤めています。尤も、土曜日は午前だけです。,每天在公司工作到五点，不过周六只有上午上班。,每天在公司工作到五点，不过周六只有上午上班。,original_book,,使用原书例句与原书中文译文。,True
n3_1587,1587,N3,15,101,103,問答,もんどう,名·自サ,问答；议论,问答；议论,問答が噛み合わない。,問答が噛み合わない。,答非所问。,答非所问。,original_book,,使用原书例句与原书中文译文。,True
n3_1588,1588,N3,15,101,103,家主,やぬし,名,房东，房主，户主,房东，房主，户主,家主に家賃を払う。,家主に家賃を払う。,付房租给房东。,付房租给房东。,original_book,,使用原书例句与原书中文译文。,True
n3_1589,1589,N3,15,101,103,破る,やぶる,他五,撕破，弄破；损坏，打破；违犯，失约,撕破，弄破；损坏，打破；违犯，失约,黄色のカーテンがその部屋の調和を破っていた。,黄色のカーテンがその部屋の調和を破っていた。,黄色的窗帘破坏了房间的协调性。,黄色的窗帘破坏了房间的协调性。,original_book,,使用原书例句与原书中文译文。,True
n3_1590,1590,N3,15,101,103,許す,ゆるす,他五,允许；宽恕,允许；宽恕,母は私が外泊するのを許してくれなかった。,母は私が外泊するのを許してくれなかった。,妈妈不允许我在外过夜。,妈妈不允许我在外过夜。,original_book,,使用原书例句与原书中文译文。,True
n3_1591,1591,N3,15,101,103,止す,よす,他五,停止；作罢；戒（掉）,停止；作罢；戒（掉）,体のために酒も煙草も止した。,体のために酒も煙草も止した。,为了身体戒烟戒酒了。,为了身体戒烟戒酒了。,original_book,,使用原书例句与原书中文译文。,True
n3_1592,1592,N3,15,101,103,予報,よほう,名·他サ,预报,预报,天気は今夜から悪くなるという予報だ。,天気は今夜から悪くなるという予報だ。,天气预报说今晚开始天气会变糟。,天气预报说今晚开始天气会变糟。,original_book,,使用原书例句与原书中文译文。,True
n3_1593,1593,N3,15,101,103,来店,らいてん,名·自サ,来商店,来商店,ご来店をお待ちしております。,ご来店をお待ちしております。,期待您光临本店。,期待您光临本店。,original_book,,使用原书例句与原书中文译文。,True
n3_1594,1594,N3,15,101,103,理想,りそう,名,理想,理想,彼女は理想が高い。,彼女は理想が高い。,她的理想远大。,她的理想远大。,original_book,,使用原书例句与原书中文译文。,True
n3_1595,1595,N3,15,101,103,リピート,リピート,名·他サ,重播；反复,重播；反复,この曲が好きで、いつもリピートして聞いている。,この曲が好きで、いつもリピートして聞いている。,我喜欢这首歌，总是反复听。,我喜欢这首歌，总是反复听。,original_book,,使用原书例句与原书中文译文。,True
n3_1596,1596,N3,15,102,104,流行色,りゅうこうしょく,名,流行色,流行色,今年の流行色はパステルピンクだと言われている。,今年の流行色はパステルピンクだと言われている。,据说今年的流行色是淡粉色。,据说今年的流行色是淡粉色。,original_book,,使用原书例句与原书中文译文。,True
n3_1597,1597,N3,15,102,104,論争,ろんそう,名·自サ,争论，辩论，论战，论争,争论，辩论，论战，论争,ある問題について人と論争する。,ある問題について人と論争する。,就某个问题和别人争论起来。,就某个问题和别人争论起来。,original_book,,使用原书例句与原书中文译文。,True
n3_1598,1598,N3,15,102,104,和食,わしょく,名,日餐，日式饭菜,日餐，日式饭菜,本格的な和食を楽しめる新名所が開店しました。,本格的な和食を楽しめる新名所が開店しました。,新开了一家知名餐馆，在那里可以品尝地道的日本菜。,新开了一家知名餐馆，在那里可以品尝地道的日本菜。,original_book,,使用原书例句与原书中文译文。,True
n3_1599,1599,N3,16,103,105,遭う,あう,自五,遭到，遭遇，碰上,遭到，遭遇，碰上,山登り中に急な嵐に遭ったが、無事に下山することができた。,山登り中に急な嵐に遭ったが、無事に下山することができた。,尽管登山途中突遇暴风雨，我们还是安全地下山了。,尽管登山途中突遇暴风雨，我们还是安全地下山了。,original_book,,使用原书例句与原书中文译文。,True
n3_1600,1600,N3,16,103,105,空き缶,あきかん,名,空罐,空罐,公園で空き缶をたくさん拾い、リサイクルに出した。,公園で空き缶をたくさん拾い、リサイクルに出した。,在公园里捡了很多空罐子，送去回收站了。,在公园里捡了很多空罐子，送去回收站了。,original_book,,使用原书例句与原书中文译文。,True
n3_1601,1601,N3,16,103,105,空き地,あきち,名,空地,空地,近所の空き地で子供たちがサッカーをしている。,近所の空き地で子供たちがサッカーをしている。,孩子们正在附近的空地上踢足球。,孩子们正在附近的空地上踢足球。,original_book,,使用原书例句与原书中文译文。,True
n3_1602,1602,N3,16,103,105,与える,あたえる,他一,给，与；供给,给，与；供给,子供におやつを与えます。,子供におやつを与えます。,给孩子零食吃。,给孩子零食吃。,original_book,,使用原书例句与原书中文译文。,True
n3_1603,1603,N3,16,103,105,一昨日,いっさくじつ,名,前天,前天,一昨日は昨日の前の一日です。,一昨日は昨日の前の一日です。,前天就是指昨天之前那一天。,前天就是指昨天之前那一天。,original_book,,使用原书例句与原书中文译文。,True
n3_1604,1604,N3,16,103,105,印刷,いんさつ,名·他サ,印刷,印刷,昨日友達への年賀状を何枚も印刷しました。,昨日友達への年賀状を何枚も印刷しました。,昨天印制了好多张要发给朋友的贺年卡。,昨天印制了好多张要发给朋友的贺年卡。,original_book,,使用原书例句与原书中文译文。,True
n3_1605,1605,N3,16,103,105,飢える,うえる,自一,饥饿；渴望,饥饿；渴望,田舎の貧しい子供たちは知識に飢えています。,田舎の貧しい子供たちは知識に飢えています。,农村贫苦的孩子们渴望知识。,农村贫苦的孩子们渴望知识。,original_book,,使用原书例句与原书中文译文。,True
n3_1606,1606,N3,16,103,105,液体,えきたい,名,液体,液体,固体が溶けて液体になります。,固体が溶けて液体になります。,固体熔化变成液体。,固体熔化变成液体。,original_book,,使用原书例句与原书中文译文。,True
n3_1607,1607,N3,16,103,105,演歌,えんか,名,演歌，民间流行歌曲,演歌，民间流行歌曲,演歌を聴きます。,演歌を聴きます。,听演歌。,听演歌。,original_book,,使用原书例句与原书中文译文。,True
n3_1608,1608,N3,16,103,105,穏やか,おだやか,形动,平稳,平稳,夜明け前に海は穏やかになりました。,夜明け前に海は穏やかになりました。,黎明前，大海平静下来了。,黎明前，大海平静下来了。,original_book,,使用原书例句与原书中文译文。,True
n3_1609,1609,N3,16,103,105,主,おも,形动,主要，重要,主要，重要,あの会社は主に外国と取り引きをしています。,あの会社は主に外国と取り引きをしています。,那个公司主要和外国客户交易。,那个公司主要和外国客户交易。,original_book,,使用原书例句与原书中文译文。,True
n3_1610,1610,N3,16,103,105,思い付く,おもいつく,他五,（忽然）想出，想起，想到,（忽然）想出，想起，想到,なにか思いついたことがあったらおっしゃってください。,なにか思いついたことがあったらおっしゃってください。,您如果想起了什么，请告诉我。,您如果想起了什么，请告诉我。,original_book,,使用原书例句与原书中文译文。,True
n3_1611,1611,N3,16,103,105,確実,かくじつ,名·形动,确实；准确,确实；准确,あの二人は確実に結婚します。,あの二人は確実に結婚します。,那两个人真的要结婚了。,那两个人真的要结婚了。,original_book,,使用原书例句与原书中文译文。,True
n3_1612,1612,N3,16,103,105,火災,かさい,名,火灾,火灾,火災の発生を防ぐためにどのようにしたらいいですか。,火災の発生を防ぐためにどのようにしたらいいですか。,该如何防止火灾发生呢？,该如何防止火灾发生呢？,original_book,,使用原书例句与原书中文译文。,True
n3_1613,1613,N3,16,104,106,飾り,かざり,名,装饰；装饰品,装饰；装饰品,帽子に飾りをつけるのが嫌です。,帽子に飾りをつけるのが嫌です。,讨厌在帽子上加装饰品。,讨厌在帽子上加装饰品。,original_book,,使用原书例句与原书中文译文。,True
n3_1614,1614,N3,16,104,106,家電,かでん,名,家电，家用电器,家电，家用电器,新しいアパートに引っ越したので、家電を新しく揃える必要がある。,新しいアパートに引っ越したので、家電を新しく揃える必要がある。,搬进了新公寓，所以要重新备齐家电。,搬进了新公寓，所以要重新备齐家电。,original_book,,使用原书例句与原书中文译文。,True
n3_1615,1615,N3,16,104,106,可能性,かのうせい,名,可能性,可能性,彼の提案は実現する可能性が高いと思われる。,彼の提案は実現する可能性が高いと思われる。,他的建议被认为很有可能实现。,他的建议被认为很有可能实现。,original_book,,使用原书例句与原书中文译文。,True
n3_1616,1616,N3,16,104,106,花粉症,かふんしょう,名,花粉症,花粉症,春になると、花粉症の症 状で辛くなる。,春になると、花粉症の症状で辛くなる。,一到春天，就开始因为花粉症的症状而难受。,一到春天，就开始因为花粉症的症状而难受。,original_book,,使用原书例句与原书中文译文。,True
n3_1617,1617,N3,16,104,106,痒み,かゆみ,名,发痒,发痒,蚊に刺された後、強い痒みがある。,蚊に刺された後、強い痒みがある。,被蚊虫叮咬过的地方特别痒。,被蚊虫叮咬过的地方特别痒。,original_book,,使用原书例句与原书中文译文。,True
n3_1618,1618,N3,16,104,106,間接,かんせつ,名·形动,间接,间接,友達を通して間接的に聞いたほうがいいと思います。,友達を通して間接的に聞いたほうがいいと思います。,通过朋友间接地问一下比较好。,通过朋友间接地问一下比较好。,original_book,,使用原书例句与原书中文译文。,True
n3_1619,1619,N3,16,104,106,完全,かんぜん,名·形动,完全；完整；完善，完美,完全；完整；完善，完美,実験は完全に失敗でした。,実験は完全に失敗でした。,实验完全失败了。,实验完全失败了。,original_book,,使用原书例句与原书中文译文。,True
n3_1620,1620,N3,16,104,106,乾杯,かんぱい,名·自サ,干杯,干杯,新郎新婦にビールで乾杯しましょう。,新郎新婦にビールで乾杯しましょう。,让我们用啤酒为新郎、新娘干杯吧。,让我们用啤酒为新郎、新娘干杯吧。,original_book,,使用原书例句与原书中文译文。,True
n3_1621,1621,N3,16,104,106,筋肉,きんにく,名,肌肉,肌肉,彼の筋肉はとても発達しています。,彼の筋肉はとても発達しています。,他的肌肉非常发达。,他的肌肉非常发达。,original_book,,使用原书例句与原书中文译文。,True
n3_1622,1622,N3,16,104,106,口紅,くちべに,名,口红,口红,出かける前に口紅をつけるのが癖になっています。,出かける前に口紅をつけるのが癖になっています。,出门前擦口红已经成了习惯。,出门前擦口红已经成了习惯。,original_book,,使用原书例句与原书中文译文。,True
n3_1623,1623,N3,16,104,106,国々,くにぐに,名,各国,各国,アメリカは国々の中で一番強いでしょう。,アメリカは国々の中で一番強いでしょう。,美国在众多国家中实力最强吧。,美国在众多国家中实力最强吧。,original_book,,使用原书例句与原书中文译文。,True
n3_1624,1624,N3,16,104,106,傾向,けいこう,名,倾向；趋势,倾向；趋势,物価が上がる傾向があります。,物価が上がる傾向があります。,物价有上涨的趋势。,物价有上涨的趋势。,original_book,,使用原书例句与原书中文译文。,True
n3_1625,1625,N3,16,104,106,超える,こえる,他一,超过,超过,この村には90歳を超えた老人が大勢います。,この村には90歳を超えた老人が大勢います。,这个村子里有很多超过90岁的老人。,这个村子里有很多超过90岁的老人。,original_book,,使用原书例句与原书中文译文。,True
n3_1626,1626,N3,16,104,106,呼吸,こきゅう,名·自サ,呼吸,呼吸,きれいな空気を深く呼吸したら、すぐ元気になりますよ。,きれいな空気を深く呼吸したら、すぐ元気になりますよ。,深深地呼吸新鲜空气，人就会马上精神起来。,深深地呼吸新鲜空气，人就会马上精神起来。,original_book,,使用原书例句与原书中文译文。,True
n3_1627,1627,N3,16,104,106,塵,ごみ,名,垃圾,垃圾,ここに塵を捨てないでください。,ここに塵を捨てないでください。,请不要在这里倾倒垃圾。,请不要在这里倾倒垃圾。,original_book,,使用原书例句与原书中文译文。,True
n3_1628,1628,N3,16,104,106,コミュニケーション,コミュニケーション,名,交流，沟通,交流，沟通,あの会社は幹部と社員のコミュニケーションがうまくいっている。,あの会社は幹部と社員のコミュニケーションがうまくいっている。,那家公司的高层和员工沟通顺利。,那家公司的高层和员工沟通顺利。,original_book,,使用原书例句与原书中文译文。,True
n3_1629,1629,N3,16,104,106,込める,こめる,他一,装填；包括在内；集中（精力）,装填；包括在内；集中（精力）,仕事に力を込めます。,仕事に力を込めます。,努力工作。,努力工作。,original_book,,使用原书例句与原书中文译文。,True
n3_1630,1630,N3,16,104,106,在学,ざいがく,名·自サ,在校；上学,在校；上学,本学院の在学生は約4千名です。,本学院の在学生は約4千名です。,本学院的在校生大约有4000人。,本学院的在校生大约有4000人。,original_book,,使用原书例句与原书中文译文。,True
n3_1631,1631,N3,16,104,106,匙,さじ,名,勺子，小勺,勺子，小勺,スープを飲む時は匙を使います。,スープを飲む時は匙を使います。,喝汤时用汤匙。,喝汤时用汤匙。,original_book,,使用原书例句与原书中文译文。,True
n3_1632,1632,N3,16,104,106,挿す,さす,他五,插,插,花瓶に花を挿します。,花瓶に花を挿します。,把花插到花瓶里。,把花插到花瓶里。,original_book,,使用原书例句与原书中文译文。,True
n3_1633,1633,N3,16,105,107,三角,さんかく,名·形动,三角形,三角形,三角関係のドラマを見ました。,三角関係のドラマを見ました。,看了一部关于三角恋的电视剧。,看了一部关于三角恋的电视剧。,original_book,,使用原书例句与原书中文译文。,True
n3_1634,1634,N3,16,105,107,歯科医,しかい,名,牙医,牙医,歯が痛いので、明日歯科医に行く予定だ。,歯が痛いので、明日歯科医に行く予定だ。,牙疼，打算明天去看牙医。,牙疼，打算明天去看牙医。,original_book,,使用原书例句与原书中文译文。,True
n3_1635,1635,N3,16,105,107,次回,じかい,名,下次，下回，下届,下次，下回，下届,次回の映画鑑賞会は来週の金曜日に行われる。,次回の映画鑑賞会は来週の金曜日に行われる。,下一场电影欣赏会将在下周五举行。,下一场电影欣赏会将在下周五举行。,original_book,,使用原书例句与原书中文译文。,True
n3_1636,1636,N3,16,105,107,四季,しき,名,四季,四季,日本は四季がはっきりしていて、それぞれの季節が美しい。,日本は四季がはっきりしていて、それぞれの季節が美しい。,日本四季分明，每个季节都很美。,日本四季分明，每个季节都很美。,original_book,,使用原书例句与原书中文译文。,True
n3_1637,1637,N3,16,105,107,時給,じきゅう,名,按时计酬，计时工资,按时计酬，计时工资,アルバイトの時給が上がるといいな。,アルバイトの時給が上がるといいな。,希望兼职的时薪能涨。,希望兼职的时薪能涨。,original_book,,使用原书例句与原书中文译文。,True
n3_1638,1638,N3,16,105,107,児童,じどう,名,儿童,儿童,児童は小学生以下の子どものことです。,児童は小学生以下の子どものことです。,儿童就是指未上小学的孩子。,儿童是指小学生及以下年龄的孩子。,corrected,实质误译,「小学生以下」包含小学生，原译“未上小学”把范围缩小了。,True
n3_1639,1639,N3,16,105,107,絞る,しぼる,他五,拧；挤,拧；挤,レモンの汁を絞ります。,レモンの汁を絞ります。,挤柠檬汁。,挤柠檬汁。,original_book,,使用原书例句与原书中文译文。,True
n3_1640,1640,N3,16,105,107,写生,しゃせい,名·他サ,速写，写生,速写，写生,公園へ写生に行きます。,公園へ写生に行きます。,去公园写生。,去公园写生。,original_book,,使用原书例句与原书中文译文。,True
n3_1641,1641,N3,16,105,107,正午,しょうご,名,正午，中午,正午，中午,正午は「午後0時」か「午前12時」と表すことができます。,正午は「午後0時」か「午前12時」と表すことができます。,正午可以用“下午0时”或“上午12时”来表示。,正午可以用“下午0时”或“上午12时”来表示。,original_book,,使用原书例句与原书中文译文。,True
n3_1642,1642,N3,16,105,107,申請,しんせい,名·他サ,申请,申请,集会の許可を申請します。,集会の許可を申請します。,申请集会举办许可。,申请集会举办许可。,original_book,,使用原书例句与原书中文译文。,True
n3_1643,1643,N3,16,105,107,新鮮,しんせん,形动,新鲜,新鲜,テレビの番組が変わったが新鮮味は何もありません。,テレビの番組が変わったが新鮮味は何もありません。,电视节目变了，却没有一点儿新鲜感。,电视节目变了，却没有一点儿新鲜感。,original_book,,使用原书例句与原书中文译文。,True
n3_1644,1644,N3,16,105,107,深夜,しんや,名,深夜,深夜,深夜まで勉強します。,深夜まで勉強します。,学习到深夜。,学习到深夜。,original_book,,使用原书例句与原书中文译文。,True
n3_1645,1645,N3,16,105,107,鈴,すず,名,铃，铃铛,铃，铃铛,鈴を鳴らす。,鈴を鳴らす。,打铃。,打铃。,original_book,,使用原书例句与原书中文译文。,True
n3_1646,1646,N3,16,105,107,墨,すみ,名,墨，墨汁，墨水,墨，墨汁，墨水,墨を筆につける。,墨を筆につける。,蘸墨水。,蘸墨水。,original_book,,使用原书例句与原书中文译文。,True
n3_1647,1647,N3,16,105,107,選手,せんしゅ,名,选手，运动员,选手，运动员,彼は今回の試合に卓球の選手に選抜された。,彼は今回の試合に卓球の選手に選抜された。,他在这次比赛中被选拔为乒乓球运动员了。,他在这次比赛中被选拔为乒乓球运动员了。,original_book,,使用原书例句与原书中文译文。,True
n3_1648,1648,N3,16,105,107,先祖,せんぞ,名,祖先,祖先,ご先祖様に申し訳がない。,ご先祖様に申し訳がない。,对不起祖先。,对不起祖先。,original_book,,使用原书例句与原书中文译文。,True
n3_1649,1649,N3,16,105,107,沿う,そう,自五,沿着；遵照，按照,沿着；遵照，按照,この道に沿ってまっすぐ行けば、家に帰れる。,この道に沿ってまっすぐ行けば、家に帰れる。,沿着这条路一直走，就能回家。,沿着这条路一直走，就能回家。,original_book,,使用原书例句与原书中文译文。,True
n3_1650,1650,N3,16,105,107,体育,たいいく,名,体育,体育,学生たちは週に一回体育の授業を受ける。,学生たちは週に一回体育の授業を受ける。,学生们每周上一次体育课。,学生们每周上一次体育课。,original_book,,使用原书例句与原书中文译文。,True
n3_1651,1651,N3,16,105,107,炊く,たく,他五,煮饭,煮饭,おいしいご飯を炊く秘訣を教えてあげよう。,おいしいご飯を炊く秘訣を教えてあげよう。,我来告诉你秘诀，怎么做香喷喷的米饭吧。,我来告诉你秘诀，怎么做香喷喷的米饭吧。,original_book,,使用原书例句与原书中文译文。,True
n3_1652,1652,N3,16,106,108,頼もしい,たのもしい,形,可靠，靠得住,可靠，靠得住,若いが、なかなか頼もしい人だ。,若いが、なかなか頼もしい人だ。,这个人虽然年轻，但是很值得信赖。,这个人虽然年轻，但是很值得信赖。,original_book,,使用原书例句与原书中文译文。,True
n3_1653,1653,N3,16,106,108,ダブル,ダブル,名,两倍，双重，双人用,两倍，双重，双人用,栄養価も高く味も良いダブルでうれしいのがこの野菜です。,栄養価も高く味も良いダブルでうれしいのがこの野菜です。,这种蔬菜有双重优点，营养价值又高，味道又好。,这种蔬菜有双重优点，营养价值又高，味道又好。,original_book,,使用原书例句与原书中文译文。,True
n3_1654,1654,N3,16,106,108,弾,たま,名,子弹,子弹,弾が飛び交う。,弾が飛び交う。,子弹乱飞。,子弹乱飞。,original_book,,使用原书例句与原书中文译文。,True
n3_1655,1655,N3,16,106,108,チェンジ,チェンジ,名·自他サ,交换，兑换；更换，互换,交换，兑换；更换，互换,監督は捕手を加藤にチェンジした。,監督は捕手を加藤にチェンジした。,教练换上加藤为接球手了。,教练换上加藤为接球手了。,original_book,,使用原书例句与原书中文译文。,True
n3_1656,1656,N3,16,106,108,地下,ちか,名,地下,地下,あのビルは地上 8階地下2階である。,あのビルは地上8階地下2階である。,那座高楼是地上八层、地下两层的结构。,那座高楼是地上八层、地下两层的结构。,original_book,,使用原书例句与原书中文译文。,True
n3_1657,1657,N3,16,106,108,突く·衝く,つく,他五,扎，刺，戳；撞，顶,扎，刺，戳；撞，顶,富士山は空を衝いてそびえる。,富士山は空を衝いてそびえる。,富士山高耸入云。,富士山高耸入云。,original_book,,使用原书例句与原书中文译文。,True
n3_1658,1658,N3,16,106,108,定期券,ていきけん,名,月票，季票，定期车票,月票，季票，定期车票,毎日電車を利用するなら、やはり定期券を買ったほうがいい。,毎日電車を利用するなら、やはり定期券を買ったほうがいい。,如果每天都坐电车，那还是买月票比较合适。,如果每天都坐电车，那还是买月票比较合适。,original_book,,使用原书例句与原书中文译文。,True
n3_1659,1659,N3,16,106,108,ディナー,ディナー,名,晚餐,晚餐,友達とレストランでディナーを楽しんだ。,友達とレストランでディナーを楽しんだ。,和朋友在餐厅开心地享受了一顿晚餐。,和朋友在餐厅开心地享受了一顿晚餐。,original_book,,使用原书例句与原书中文译文。,True
n3_1660,1660,N3,16,106,108,出入り口,でいりぐち,名,出入口,出入口,建物の出入り口にはセキュリティゲートが設置されている。,建物の出入り口にはセキュリティゲートが設置されている。,大楼出入口安装着安检门。,大楼出入口安装着安检门。,original_book,,使用原书例句与原书中文译文。,True
n3_1661,1661,N3,16,106,108,伝言,でんごん,名·他サ,传话,传话,先生からの伝言を父に伝える。,先生からの伝言を父に伝える。,向父亲转达老师的话。,向父亲转达老师的话。,original_book,,使用原书例句与原书中文译文。,True
n3_1662,1662,N3,16,106,108,毒,どく,名,毒药，有毒，毒害,毒药，有毒，毒害,たばこは体に毒だ。,たばこは体に毒だ。,吸烟有害健康。,吸烟有害健康。,original_book,,使用原书例句与原书中文译文。,True
n3_1663,1663,N3,16,106,108,特色,とくしょく,名,特色,特色,各人の特色を発揮する。,各人の特色を発揮する。,发挥每个人的特色。,发挥每个人的特色。,original_book,,使用原书例句与原书中文译文。,True
n3_1664,1664,N3,16,106,108,トランプ,トランプ,名,扑克牌,扑克牌,トランプで勝つ。,トランプで勝つ。,打扑克牌打赢。,打扑克牌打赢。,original_book,,使用原书例句与原书中文译文。,True
n3_1665,1665,N3,16,106,108,鍋,なべ,名,锅，火锅,锅，火锅,鍋を火にかける。,鍋を火にかける。,把锅架到火上。,把锅架到火上。,original_book,,使用原书例句与原书中文译文。,True
n3_1666,1666,N3,16,106,108,生,なま,名,生，鲜；自然，天然,生，鲜；自然，天然,国民の生の声を聞く。,国民の生の声を聞く。,倾听真实的民声。,倾听真实的民声。,original_book,,使用原书例句与原书中文译文。,True
n3_1667,1667,N3,16,106,108,年中,ねんじゅう,名,全年，整年，终年,全年，整年，终年,年中無休で働いている。,年中無休で働いている。,全年没有休息，一直工作。,全年没有休息，一直工作。,original_book,,使用原书例句与原书中文译文。,True
n3_1668,1668,N3,16,106,108,農村,のうそん,名,农村，乡村,农村，乡村,農村の生活に向いている。,農村の生活に向いている。,适合在农村生活。,适合在农村生活。,original_book,,使用原书例句与原书中文译文。,True
n3_1669,1669,N3,16,107,109,軒,のき,名,檐，屋檐，房檐,檐，屋檐，房檐,軒に風鈴が吊るしてある。,軒に風鈴が吊るしてある。,屋檐上挂着风铃。,屋檐上挂着风铃。,original_book,,使用原书例句与原书中文译文。,True
n3_1670,1670,N3,16,107,109,発達,はったつ,名·自サ,发达，发展，扩大,发达，发展，扩大,ビタミンの不足は体の発達を妨げる。,ビタミンの不足は体の発達を妨げる。,缺乏维生素会妨碍身体发育。,缺乏维生素会妨碍身体发育。,original_book,,使用原书例句与原书中文译文。,True
n3_1671,1671,N3,16,107,109,ばったり,ばったり,副,突然,突然,旧友とばったり会った。,旧友とばったり会った。,突然遇见了老朋友。,突然遇见了老朋友。,original_book,,使用原书例句与原书中文译文。,True
n3_1672,1672,N3,16,107,109,歯磨き,はみがき,名,刷牙；牙膏,刷牙；牙膏,毎食後に歯磨きする。,毎食後に歯磨きする。,每餐后刷牙。,每餐后刷牙。,original_book,,使用原书例句与原书中文译文。,True
n3_1673,1673,N3,16,107,109,半径,はんけい,名,半径,半径,半径5センチの円を描く。,半径5センチの円を描く。,画一个半径五厘米的圆。,画一个半径五厘米的圆。,original_book,,使用原书例句与原书中文译文。,True
n3_1674,1674,N3,16,107,109,筆者,ひっしゃ,名,笔者，作者,笔者，作者,この文の筆者は明らかでない。,この文の筆者は明らかでない。,这篇文章作者不详。,这篇文章作者不详。,original_book,,使用原书例句与原书中文译文。,True
n3_1675,1675,N3,16,107,109,皮膚,ひふ,名,皮肤,皮肤,皮膚の色が白い。,皮膚の色が白い。,肤色是白色。,肤色是白色。,original_book,,使用原书例句与原书中文译文。,True
n3_1676,1676,N3,16,107,109,冷やす,ひやす,他五,冰，冰镇；使……冷静,冰，冰镇；使……冷静,興奮した頭を冷やす。,興奮した頭を冷やす。,让兴奋的头脑冷静下来。,让兴奋的头脑冷静下来。,original_book,,使用原书例句与原书中文译文。,True
n3_1677,1677,N3,16,107,109,秒,びょう,名,秒,秒,100メートルを10.5 秒で走った。,100メートルを10.5秒で走った。,10.5秒跑完了100米。,10.5秒跑完了100米。,original_book,,使用原书例句与原书中文译文。,True
n3_1678,1678,N3,16,107,109,表現,ひょうげん,名·他サ,表现；表达,表现；表达,その俳優は感情をうまく表現しました。,その俳優は感情をうまく表現しました。,那名演员很好地表达了情感。,那名演员很好地表达了情感。,original_book,,使用原书例句与原书中文译文。,True
n3_1679,1679,N3,16,107,109,ピン,ピン,名,大头针，头发夹,大头针，头发夹,彼女は髪をピンで束ねている。,彼女は髪をピンで束ねている。,她用发夹扎头发。,她用发夹扎头发。,original_book,,使用原书例句与原书中文译文。,True
n3_1680,1680,N3,16,107,109,ブーム,ブーム,名,高潮，热潮,高潮，热潮,ゴルフブームは廃れそうもない。,ゴルフブームは廃れそうもない。,高尔夫热没有消退的迹象。,高尔夫热没有消退的迹象。,original_book,,使用原书例句与原书中文译文。,True
n3_1681,1681,N3,16,107,109,部下,ぶか,名,下属,下属,彼は部下を大切にする上司として尊敬されている。,彼は部下を大切にする上司として尊敬されている。,他作为一名重视下属的上司而受到尊敬。,他作为一名重视下属的上司而受到尊敬。,original_book,,使用原书例句与原书中文译文。,True
n3_1682,1682,N3,16,107,109,腹痛,ふくつう,名,腹痛,腹痛,急に腹痛が始まり、保健室に行くことになった。,急に腹痛が始まり、保健室に行くことになった。,突然开始腹痛，最后去了医务室。,突然开始腹痛，最后去了医务室。,original_book,,使用原书例句与原书中文译文。,True
n3_1683,1683,N3,16,107,109,不景気,ふけいき,名·形动,不景气，萧条,不景气，萧条,不景気の影響で、多くの企業が業績を落としている。,不景気の影響で、多くの企業が業績を落としている。,受经济萧条影响，很多企业业绩下滑。,受经济萧条影响，很多企业业绩下滑。,original_book,,使用原书例句与原书中文译文。,True
n3_1684,1684,N3,16,107,109,不潔,ふけつ,名·形动,不干净,不干净,彼の部屋はいつも不潔で、掃除が必要だ。,彼の部屋はいつも不潔で、掃除が必要だ。,他的房间总是不干净，需要打扫。,他的房间总是不干净，需要打扫。,original_book,,使用原书例句与原书中文译文。,True
n3_1685,1685,N3,16,107,109,不図,ふと,副,偶然；一下子；突然，忽然,偶然；一下子；突然，忽然,彼とはふとしたことから知り合った。,彼とはふとしたことから知り合った。,和他是偶然认识的。,和他是偶然认识的。,original_book,,使用原书例句与原书中文译文。,True
n3_1686,1686,N3,16,108,110,部分,ぶぶん,名,部分,部分,それは全体のほんの小さな一部分に過ぎない。,それは全体のほんの小さな一部分に過ぎない。,那只是整体中的一小部分而已。,那只是整体中的一小部分而已。,original_book,,使用原书例句与原书中文译文。,True
n3_1687,1687,N3,16,108,110,ベランダ,ベランダ,名,阳台，凉台,阳台，凉台,ベランダの付く家とはいえ、猫の額ぐらいの大きさに過ぎない。,ベランダの付く家とはいえ、猫の額ぐらいの大きさに過ぎない。,虽说是带阳台的房子，其实面积很小。,虽说是带阳台的房子，其实面积很小。,original_book,,使用原书例句与原书中文译文。,True
n3_1688,1688,N3,16,108,110,方程式,ほうていしき,名,方程式,方程式,方程式を解く。,方程式を解く。,解方程式。,解方程式。,original_book,,使用原书例句与原书中文译文。,True
n3_1689,1689,N3,16,108,110,ホーム,ホーム,名,家庭；老人院,家庭；老人院,老人ホームの施設が細かいところまで気が配られている。,老人ホームの施設が細かいところまで気が配られている。,老人院的设施细致到位。,老人院的设施细致到位。,original_book,,使用原书例句与原书中文译文。,True
n3_1690,1690,N3,16,108,110,盆,ぼん,名,盂兰盆会,盂兰盆会,まるで盆と正月が一緒に来たような忙しさだった。,まるで盆と正月が一緒に来たような忙しさだった。,感觉像是盂兰盆节和正月一起来到一样，忙得不可开交。,感觉像是盂兰盆节和正月一起来到一样，忙得不可开交。,original_book,,使用原书例句与原书中文译文。,True
n3_1691,1691,N3,16,108,110,マスク,マスク,名,面具，口罩,面具，口罩,防毒マスクをつける。,防毒マスクをつける。,戴防毒面罩。,戴防毒面罩。,original_book,,使用原书例句与原书中文译文。,True
n3_1692,1692,N3,16,108,110,マスター,マスター,名·他サ,主人；硕士；掌握,主人；硕士；掌握,外国語をマスターする。,外国語をマスターする。,掌握外语。,掌握外语。,original_book,,使用原书例句与原书中文译文。,True
n3_1693,1693,N3,16,108,110,未来,みらい,名,未来，将来,未来，将来,彼は建築家として大きな未来がある。,彼は建築家として大きな未来がある。,他作为一个建筑家前途无量。,他作为一个建筑家前途无量。,original_book,,使用原书例句与原书中文译文。,True
n3_1694,1694,N3,16,108,110,メニュー,メニュー,名,菜单,菜单,メニューに載っている料理しかできません。,メニューに載っている料理しかできません。,只提供菜单上写明的菜品。,只提供菜单上写明的菜品。,original_book,,使用原书例句与原书中文译文。,True
n3_1695,1695,N3,16,108,110,ヤング,ヤング,名,年轻人（该词现在为旧词）,年轻人（该词现在为旧词）,ヤング向けの雑誌が数多く出版された。,ヤング向けの雑誌が数多く出版された。,出版了很多面向年轻人的杂志。,出版了很多面向年轻人的杂志。,original_book,,使用原书例句与原书中文译文。,True
n3_1696,1696,N3,16,108,110,履歴書,りれきしょ,名,履历书，简历,履历书，简历,アルバイトを申し込むときに、初めて履歴書を書いた。,アルバイトを申し込むときに、初めて履歴書を書いた。,申请兼职工作时，第一次写了简历。,申请兼职工作时，第一次写了简历。,original_book,,使用原书例句与原书中文译文。,True
n3_1697,1697,N3,16,108,110,留守番電話,るすばんでんわ,名,留言电话,留言电话,出かけている間に、留守番電話にメッセージが残されていた。,出かけている間に、留守番電話にメッセージが残されていた。,外出期间，有人给我打电话留言了。,外出期间，有人给我打电话留言了。,original_book,,使用原书例句与原书中文译文。,True
n3_1698,1698,N3,16,108,110,冷静,れいせい,名·形动,冷静，镇静，沉着,冷静，镇静，沉着,間もなく彼は冷静さを取り戻した。,間もなく彼は冷静さを取り戻した。,没多久他就恢复了平静。,没多久他就恢复了平静。,original_book,,使用原书例句与原书中文译文。,True
n3_1699,1699,N3,16,108,110,和英,わえい,名,日语与英语,日语与英语,和英両文で声明を出した。,和英両文で声明を出した。,用英语和日语两种语言发表了声明。,用英语和日语两种语言发表了声明。,original_book,,使用原书例句与原书中文译文。,True
n3_1700,1700,N3,17,109,111,アクセル,アクセル,名,（アクセラレーター的缩略形式）加速器,（アクセラレーター的缩略形式）加速器,車の運転の時、アクセルとブレーキのバランスが大切だ。,車の運転の時、アクセルとブレーキのバランスが大切だ。,开车时把握油门和刹车的平衡很重要。,开车时把握油门和刹车的平衡很重要。,original_book,,使用原书例句与原书中文译文。,True
n3_1701,1701,N3,17,109,111,焦り,あせり,名,焦虑，焦躁，着急，急躁,焦虑，焦躁，着急，急躁,試験の時に時間がなくなり、焦りを感じた。,試験の時に時間がなくなり、焦りを感じた。,考试时，离交卷时间越来越近，我感到了焦虑。,考试时，离交卷时间越来越近，我感到了焦虑。,original_book,,使用原书例句与原书中文译文。,True
n3_1702,1702,N3,17,109,111,焦る,あせる,自五,焦虑，焦躁，着急，急躁,焦虑，焦躁，着急，急躁,レポートの締め切りが近づき、焦っている。,レポートの締め切りが近づき、焦っている。,提交报告的截止日期临近，我很着急。,提交报告的截止日期临近，我很着急。,original_book,,使用原书例句与原书中文译文。,True
n3_1703,1703,N3,17,109,111,アドバイス,アドバイス,名·他サ,劝告，提意见；建议,劝告，提意见；建议,社長にアドバイスしたほうがいいと思いますよ。,社長にアドバイスしたほうがいいと思いますよ。,我想还是向总经理提建议比较好。,我想还是向总经理提建议比较好。,original_book,,使用原书例句与原书中文译文。,True
n3_1704,1704,N3,17,109,111,アドレス,アドレス,名,住址；（互联网上的）地址,住址；（互联网上的）地址,山田先生のアドレスを教えていただけませんか。,山田先生のアドレスを教えていただけませんか。,可以告诉我山田老师的地址吗？,可以告诉我山田老师的地址吗？,original_book,,使用原书例句与原书中文译文。,True
n3_1705,1705,N3,17,109,111,穴,あな,名,孔，洞；坑,孔，洞；坑,知らないうちに靴下に穴が空いていました。,知らないうちに靴下に穴が空いていました。,不知不觉间，袜子破了个洞。,不知不觉间，袜子破了个洞。,original_book,,使用原书例句与原书中文译文。,True
n3_1706,1706,N3,17,109,111,アナウンス,アナウンス,名·他サ,广播；报告,广播；报告,今予定変更のアナウンスがありました。,今予定変更のアナウンスがありました。,刚刚广播说计划有变。,刚刚广播说计划有变。,original_book,,使用原书例句与原书中文译文。,True
n3_1707,1707,N3,17,109,111,アニメ,アニメ,名,（アニメーション的缩略形式）动画片,（アニメーション的缩略形式）动画片,アニメでちゃんと歌詞があります。,アニメでちゃんと歌詞があります。,动画片中确有歌词。,动画片中确有歌词。,original_book,,使用原书例句与原书中文译文。,True
n3_1708,1708,N3,17,109,111,イギリス,イギリス,名,英国,英国,夏休みに父とともにイギリスを旅行する予定だ。,夏休みに父とともにイギリスを旅行する予定だ。,计划暑假和父亲去英国旅行。,计划暑假和父亲去英国旅行。,original_book,,使用原书例句与原书中文译文。,True
n3_1709,1709,N3,17,109,111,いずれ,いずれ,代·副,哪个；反正，早晚；不久，最近,哪个；反正，早晚；不久，最近,いくら隠してもいずれ分かることです。,いくら隠してもいずれ分かることです。,不管（你）怎样隐藏，（他）早晚都会明白的。,不管（你）怎样隐藏，（他）早晚都会明白的。,original_book,,使用原书例句与原书中文译文。,True
n3_1710,1710,N3,17,109,111,イメージ,イメージ,名·他サ,形象；印象,形象；印象,電話の声からイメージした人と違います。,電話の声からイメージした人と違います。,长相和电话中声音给人的印象不相符。,长相和电话中声音给人的印象不相符。,original_book,,使用原书例句与原书中文译文。,True
n3_1711,1711,N3,17,109,111,エンジニア,エンジニア,名,工程师,工程师,彼はソフトウェアエンジニアとして働いています。,彼はソフトウェアエンジニアとして働いています。,他的工作是软件工程师。,他的工作是软件工程师。,original_book,,使用原书例句与原书中文译文。,True
n3_1712,1712,N3,17,109,111,起こる,おこる,自五,发生，产生,发生，产生,地震が起こりました。,地震が起こりました。,发生了地震。,发生了地震。,original_book,,使用原书例句与原书中文译文。,True
n3_1713,1713,N3,17,109,111,思い,おもい,名,思考；感觉,思考；感觉,年頭の思いを述べます。,年頭の思いを述べます。,说一说新年伊始的想法。,说一说新年伊始的想法。,original_book,,使用原书例句与原书中文译文。,True
n3_1714,1714,N3,17,109,111,開発,かいはつ,名·他サ,开发；开辟；开创,开发；开辟；开创,新製品を開発するために大量の資金と時間が必要です。,新製品を開発するために大量の資金と時間が必要です。,开发新产品需要大量的资金和时间。,开发新产品需要大量的资金和时间。,original_book,,使用原书例句与原书中文译文。,True
n3_1715,1715,N3,17,110,112,概論,がいろん,名,概论,概论,午後図書館へ文学概論の本を探しに行きました。,午後図書館へ文学概論の本を探しに行きました。,下午去图书馆找了关于文学概论的书。,下午去图书馆找了关于文学概论的书。,original_book,,使用原书例句与原书中文译文。,True
n3_1716,1716,N3,17,110,112,拡大,かくだい,名·他自サ,扩大；放大,扩大；放大,この写真を三倍に拡大することができますか。,この写真を三倍に拡大することができますか。,可以将这张照片放大至（原图的）三倍吗？,可以将这张照片放大至（原图的）三倍吗？,original_book,,使用原书例句与原书中文译文。,True
n3_1717,1717,N3,17,110,112,癌,がん,名,癌，癌瘤，癌症；症结，要害，祸根,癌，癌瘤，癌症；症结，要害，祸根,医学の進歩により、ガンの治療方法が進化していることが分かった。,医学の進歩により、ガンの治療方法が進化していることが分かった。,了解到随着医学的进步，癌症治疗方法正在不断进化。,了解到随着医学的进步，癌症治疗方法正在不断进化。,original_book,,使用原书例句与原书中文译文。,True
n3_1718,1718,N3,17,110,112,感情的,かんじょうてき,形动,感情的，非理智的，情绪化，感情用事,感情的，非理智的，情绪化，感情用事,彼女は時々感情的になって、感情をコントロールできなくなる。,彼女は時々感情的になって、感情をコントロールできなくなる。,她有时会变得不理智，无法控制自己的情绪。,她有时会变得不理智，无法控制自己的情绪。,original_book,,使用原书例句与原书中文译文。,True
n3_1719,1719,N3,17,110,112,感じる,かんじる,他一,感觉，觉得；感到,感觉，觉得；感到,その映画を見て、深い感動を感じた。,その映画を見て、深い感動を感じた。,看了那部电影，我非常感动。,看了那部电影，我非常感动。,original_book,,使用原书例句与原书中文译文。,True
n3_1720,1720,N3,17,110,112,ぎっしり,ぎっしり,副,满满的,满满的,かばんはぎっしり詰まっています。,かばんはぎっしり詰まっています。,包塞得满满的。,包塞得满满的。,original_book,,使用原书例句与原书中文译文。,True
n3_1721,1721,N3,17,110,112,キッチン,キッチン,名,厨房,厨房,本店はキッチン家具激安コーナーもございます。,本店はキッチン家具激安コーナーもございます。,本店还设有厨房家具打折区。,本店还设有厨房家具打折区。,original_book,,使用原书例句与原书中文译文。,True
n3_1722,1722,N3,17,110,112,曲,きょく,名,曲调，曲子,曲调，曲子,この歌詞に曲をつける人は誰に決めましたか。,この歌詞に曲をつける人は誰に決めましたか。,决定由谁来谱曲了吗？,决定由谁来谱曲了吗？,original_book,,使用原书例句与原书中文译文。,True
n3_1723,1723,N3,17,110,112,くどい,くどい,形,冗长乏味，啰唆，叨唠，喋喋不休,冗长乏味，啰唆，叨唠，喋喋不休,あの婆さんは話がくどくていやです。,あの婆さんは話がくどくていやです。,那个老太太讲话很啰唆，让人讨厌。,那个老太太讲话很啰唆，让人讨厌。,original_book,,使用原书例句与原书中文译文。,True
n3_1724,1724,N3,17,110,112,グラウンド,グラウンド・グランド,名,地面；运动场，球场，操场,地面；运动场，球场，操场,学校のグラウンドでサッカーをしました。,学校のグラウンドでサッカーをしました。,在学校的操场上踢了足球。,在学校的操场上踢了足球。,original_book,,使用原书例句与原书中文译文。,True
n3_1725,1725,N3,17,110,112,けち,けち,名·形动,吝啬，小气,吝啬，小气,けちな人は寄付も贈り物もしません。,けちな人は寄付も贈り物もしません。,小气的人不捐款，也不赠物。,小气的人不捐款，也不赠物。,original_book,,使用原书例句与原书中文译文。,True
n3_1726,1726,N3,17,110,112,血液,けつえき,名,血液,血液,輸血のために血液を採ります。,輸血のために血液を採ります。,为了（给人）输血而采血。,为了（给人）输血而采血。,original_book,,使用原书例句与原书中文译文。,True
n3_1727,1727,N3,17,110,112,高度,こうど,名·形动,高度，高级,高度，高级,宇宙開発の面で高度な技術を持っています。,宇宙開発の面で高度な技術を持っています。,在宇宙开发方面掌握着高端技术。,在宇宙开发方面掌握着高端技术。,original_book,,使用原书例句与原书中文译文。,True
n3_1728,1728,N3,17,110,112,コーナー,コーナー,名,隅，角；角球；专柜,隅，角；角球；专柜,コーナーに球を投げた。,コーナーに球を投げた。,把球投向了角落。,把球投向了角落。,original_book,,使用原书例句与原书中文译文。,True
n3_1729,1729,N3,17,110,112,極,ごく,副,非常,非常,わたしの意見にはごく一部の人が反対しています。,わたしの意見にはごく一部の人が反対しています。,有极少数人反对我的意见。,有极少数人反对我的意见。,original_book,,使用原书例句与原书中文译文。,True
n3_1730,1730,N3,17,110,112,国語,こくご,名,国语，本国语言；语文课,国语，本国语言；语文课,明日は国語のテストがあります。,明日は国語のテストがあります。,明天有语文考试。,明天有语文考试。,original_book,,使用原书例句与原书中文译文。,True
n3_1731,1731,N3,17,110,112,国籍,こくせき,名,国籍,国籍,彼女は国籍はアメリカですが、今中国に住んでいます。,彼女は国籍はアメリカですが、今中国に住んでいます。,她是美国国籍，现居住于中国。,她是美国国籍，现居住于中国。,original_book,,使用原书例句与原书中文译文。,True
n3_1732,1732,N3,17,111,113,固体,こたい,名,固体,固体,液体から固体に変わります。,液体から固体に変わります。,从液体变为固体。,从液体变为固体。,original_book,,使用原书例句与原书中文译文。,True
n3_1733,1733,N3,17,111,113,座敷,ざしき,名,（铺着席子的）房间；（日式）客厅,（铺着席子的）房间；（日式）客厅,この家は座敷が三つあります。,この家は座敷が三つあります。,这家有三间日式客厅。,这家有三间日式客厅。,original_book,,使用原书例句与原书中文译文。,True
n3_1734,1734,N3,17,111,113,司会,しかい,名·自他サ,主持,主持,友人の結婚式を司会します。,友人の結婚式を司会します。,做朋友结婚典礼的主持人。,做朋友结婚典礼的主持人。,original_book,,使用原书例句与原书中文译文。,True
n3_1735,1735,N3,17,111,113,時差,じさ,名,时差；错开时间,时差；错开时间,海外旅行から戻ってきて、時差ぼけで疲れている。,海外旅行から戻ってきて、時差ぼけで疲れている。,从国外旅游回来，倒时差倒得我很累。,从国外旅游回来，倒时差倒得我很累。,original_book,,使用原书例句与原书中文译文。,True
n3_1736,1736,N3,17,111,113,自炊,じすい,名·自サ,自己做饭,自己做饭,一人暮らしを始めてから、毎日自炊している。,一人暮らしを始めてから、毎日自炊している。,自从开始一个人生活，每天都自己做饭。,自从开始一个人生活，每天都自己做饭。,original_book,,使用原书例句与原书中文译文。,True
n3_1737,1737,N3,17,111,113,七五三,しちごさん,名,七五三吉数；七五三之贺（在日本，男孩儿3岁、5岁及女孩儿3岁、7岁时于当年11月15日举行的祝贺孩子成长的仪式）,七五三吉数；七五三之贺（在日本，男孩儿3岁、5岁及女孩儿3岁、7岁时于当年11月15日举行的祝贺孩子成长的仪式）,七五三で子供たちがかわいい着物を着ていた。,七五三で子供たちがかわいい着物を着ていた。,举行七五三仪式时，孩子们都穿着可爱的和服。,举行七五三仪式时，孩子们都穿着可爱的和服。,original_book,,使用原书例句与原书中文译文。,True
n3_1738,1738,N3,17,111,113,実家,じっか,名,（入赘女婿、养子的）生身父母家；（出嫁妇女的）娘家,（入赘女婿、养子的）生身父母家；（出嫁妇女的）娘家,休みの日には、実家に帰って家族と過ごす。,休みの日には、実家に帰って家族と過ごす。,休息日回娘家和家人一起过。,休息日回娘家和家人一起过。,original_book,,使用原书例句与原书中文译文。,True
n3_1739,1739,N3,17,111,113,自動,じどう,名,自动,自动,このドアは自動的に開きます。,このドアは自動的に開きます。,这扇门自动开启。,这扇门自动开启。,original_book,,使用原书例句与原书中文译文。,True
n3_1740,1740,N3,17,111,113,車内,しゃない,名,车内，车上,车内，车上,車内でのたばこはご遠慮ください。,車内でのたばこはご遠慮ください。,请不要在车厢内吸烟。,请不要在车厢内吸烟。,original_book,,使用原书例句与原书中文译文。,True
n3_1741,1741,N3,17,111,113,重量,じゅうりょう,名,重量,重量,規定の重 量を超えます。,規定の重量を超えます。,超过规定重量。,超过规定重量。,original_book,,使用原书例句与原书中文译文。,True
n3_1742,1742,N3,17,111,113,私立,しりつ,名,私立,私立,私たちの学校は私立です。,私たちの学校は私立です。,我们的学校是私立学校。,我们的学校是私立学校。,original_book,,使用原书例句与原书中文译文。,True
n3_1743,1743,N3,17,111,113,水滴,すいてき,名,水滴,水滴,木の葉から水滴がしたたり落ちた。,木の葉から水滴がしたたり落ちた。,水滴从树叶上滴了下来。,水滴从树叶上滴了下来。,original_book,,使用原书例句与原书中文译文。,True
n3_1744,1744,N3,17,111,113,隙間,すきま,名,缝隙；空暇,缝隙；空暇,家事の隙間をみて勉強する。,家事の隙間をみて勉強する。,利用做家务的空暇时间学习。,利用做家务的空暇时间学习。,original_book,,使用原书例句与原书中文译文。,True
n3_1745,1745,N3,17,111,113,正門,せいもん,名,正门,正门,正門を出て10分歩くと、動物園へ行くバスがある。,正門を出て10分歩くと、動物園へ行くバスがある。,出了正门走十分钟就有去动物园的公交车。,出了正门走十分钟就有去动物园的公交车。,original_book,,使用原书例句与原书中文译文。,True
n3_1746,1746,N3,17,111,113,選択,せんたく,名·他サ,选择,选择,二年生のときに、中国語を第二外国語に選択した。,二年生のときに、中国語を第二外国語に選択した。,二年级的时候，选择了汉语作为第二外语。,二年级的时候，选择了汉语作为第二外语。,original_book,,使用原书例句与原书中文译文。,True
n3_1747,1747,N3,17,111,113,送別,そうべつ,名·他サ,送别,送别,転勤する同僚を送別する。,転勤する同僚を送別する。,送别调职的同事。,送别调职的同事。,original_book,,使用原书例句与原书中文译文。,True
n3_1748,1748,N3,17,111,113,損得,そんとく,名,得失，利害,得失，利害,損得を考えたらこの仕事はできない。,損得を考えたらこの仕事はできない。,如果考虑利害的话，是做不了这份工作的。,如果考虑利害的话，是做不了这份工作的。,original_book,,使用原书例句与原书中文译文。,True
n3_1749,1749,N3,17,111,113,助かる,たすかる,自五,被救，得救，脱险；免于灾难；省钱，省事,被救，得救，脱险；免于灾难；省钱，省事,これだけ仕事を手伝えばお母さんが助かるだろう。,これだけ仕事を手伝えばお母さんが助かるだろう。,如此尽力地帮忙，母亲应该会轻松一些吧。,如此尽力地帮忙，母亲应该会轻松一些吧。,original_book,,使用原书例句与原书中文译文。,True
n3_1750,1750,N3,17,111,113,他人,たにん,名,他人,他人,病気のつらさは他人には分からない。,病気のつらさは他人には分からない。,别人无法理解生病的痛楚。,别人无法理解生病的痛楚。,original_book,,使用原书例句与原书中文译文。,True
n3_1751,1751,N3,17,112,114,知恵,ちえ,名,智慧,智慧,年を取ると、知恵も増す。,年を取ると、知恵も増す。,年龄增长，智慧也随之增长。,年龄增长，智慧也随之增长。,original_book,,使用原书例句与原书中文译文。,True
n3_1752,1752,N3,17,112,114,注文,ちゅうもん,名·他サ,定做，订货；点菜,定做，订货；点菜,電話でのご注文にはさっそく応じます。,電話でのご注文にはさっそく応じます。,马上处理来电订单。,马上处理来电订单。,original_book,,使用原书例句与原书中文译文。,True
n3_1753,1753,N3,17,112,114,程度,ていど,名,程度,程度,子どもを叱るのはある程度にとどめたほうがよい。,子どもを叱るのはある程度にとどめたほうがよい。,批评孩子最好控制在一定程度内。,批评孩子最好控制在一定程度内。,original_book,,使用原书例句与原书中文译文。,True
n3_1754,1754,N3,17,112,114,徹底,てってい,名·自他サ,彻底,彻底,彼はどこまでも徹底している。,彼はどこまでも徹底している。,他做事很彻底。,他做事很彻底。,original_book,,使用原书例句与原书中文译文。,True
n3_1755,1755,N3,17,112,114,照らす,てらす,他五,照射，照耀；比较，参照,照射，照耀；比较，参照,冬の月が夜ふけの町を照らしている。,冬の月が夜ふけの町を照らしている。,冬夜的月亮照亮小镇。,冬夜的月亮照亮小镇。,original_book,,使用原书例句与原书中文译文。,True
n3_1756,1756,N3,17,112,114,峠,とうげ,名,山顶；极点，顶点,山顶；极点，顶点,峠 をいくつも越える。,峠をいくつも越える。,越过多个山峰。,越过多个山峰。,original_book,,使用原书例句与原书中文译文。,True
n3_1757,1757,N3,17,112,114,解く,とく,他五,解开，解除；解答；消除,解开，解除；解答；消除,怒りを解いて話しあう気になった。,怒りを解いて話しあう気になった。,气消了，有意谈谈了。,气消了，有意谈谈了。,original_book,,使用原书例句与原书中文译文。,True
n3_1758,1758,N3,17,112,114,何処か,どこか,连·副,哪里，什么地方；总觉得，好像,哪里，什么地方；总觉得，好像,あの人はどこかで見たような気がする。,あの人はどこかで見たような気がする。,感觉在什么地方见过那个人。,感觉在什么地方见过那个人。,original_book,,使用原书例句与原书中文译文。,True
n3_1759,1759,N3,17,112,114,取り入れる,とりいれる,他一,收进；收割；采用，引进,收进；收割；采用，引进,窓を大きくして太陽の光をたくさん取り入れる。,窓を大きくして太陽の光をたくさん取り入れる。,敞开窗户，让更多的阳光照射进来。,敞开窗户，让更多的阳光照射进来。,original_book,,使用原书例句与原书中文译文。,True
n3_1760,1760,N3,17,112,114,撫でる,なでる,他一,抚摸；安抚，抚慰,抚摸；安抚，抚慰,子供の頭を撫でる。,子供の頭を撫でる。,抚摸孩子的脑袋。,抚摸孩子的脑袋。,original_book,,使用原书例句与原书中文译文。,True
n3_1761,1761,N3,17,112,114,涙,なみだ,名,泪，眼泪,泪，眼泪,涙が零れる。,涙が零れる。,流下眼泪。,流下眼泪。,original_book,,使用原书例句与原书中文译文。,True
n3_1762,1762,N3,17,112,114,人間,にんげん,名,人，人类,人，人类,彼がどういう人間か分からない。,彼がどういう人間か分からない。,不知道他是什么样的人。,不知道他是什么样的人。,original_book,,使用原书例句与原书中文译文。,True
n3_1763,1763,N3,17,112,114,年齢,ねんれい,名,年龄，岁数,年龄，岁数,そのマラソンレースは年齢に関わりなく参加出来る。,そのマラソンレースは年齢に関わりなく参加出来る。,那个马拉松比赛不限年龄，谁都可以参加。,那个马拉松比赛不限年龄，谁都可以参加。,original_book,,使用原书例句与原书中文译文。,True
n3_1764,1764,N3,17,112,114,鈍い,のろい,形,缓慢；迟钝,缓慢；迟钝,彼は仕事がのろい。,彼は仕事がのろい。,他做事做得慢。,他做事做得慢。,original_book,,使用原书例句与原书中文译文。,True
n3_1765,1765,N3,17,112,114,肌着·膚着,はだぎ,名,贴身衬衣，汗衫,贴身衬衣，汗衫,婦人の肌着売場はどこですか。,婦人の肌着売場はどこですか。,请问女士内衣在哪里卖？,请问女士内衣在哪里卖？,original_book,,使用原书例句与原书中文译文。,True
n3_1766,1766,N3,17,112,114,ばつ,ばつ,名,叉,叉,ばつをつける。,ばつをつける。,打叉。,打叉。,original_book,,使用原书例句与原书中文译文。,True
n3_1767,1767,N3,17,112,114,発行,はっこう,名·他サ,发行；发放，发售,发行；发放，发售,週刊誌を発行する。,週刊誌を発行する。,发行周刊。,发行周刊。,original_book,,使用原书例句与原书中文译文。,True
n3_1768,1768,N3,17,113,115,範囲,はんい,名,范围，界限,范围，界限,狭い範囲に限られている。,狭い範囲に限られている。,限制在小范围内。,限制在小范围内。,original_book,,使用原书例句与原书中文译文。,True
n3_1769,1769,N3,17,113,115,引き返す,ひきかえす,自五,返回，折回,返回，折回,嵐のため途中から引き返した。,嵐のため途中から引き返した。,因暴风而中途返回了。,因暴风而中途返回了。,original_book,,使用原书例句与原书中文译文。,True
n3_1770,1770,N3,17,113,115,独りでに,ひとりでに,副,自己，自行；自动地，自然而然地,自己，自行；自动地，自然而然地,戸が独りでに開いた。,戸が独りでに開いた。,门自己开了。,门自己开了。,original_book,,使用原书例句与原书中文译文。,True
n3_1771,1771,N3,17,113,115,評判,ひょうばん,名,评论，评价,评论，评价,彼女は友人の間で評判がよい。,彼女は友人の間で評判がよい。,她在朋友中名声很好。,她在朋友中名声很好。,original_book,,使用原书例句与原书中文译文。,True
n3_1772,1772,N3,17,113,115,不安,ふあん,名·形动,不安；不放心，担心,不安；不放心，担心,うそがばれはしないかと不安だった。,うそがばれはしないかと不安だった。,担心谎言会被拆穿。,担心谎言会被拆穿。,original_book,,使用原书例句与原书中文译文。,True
n3_1773,1773,N3,17,113,115,不合格,ふごうかく,名,不合格，不及格,不合格，不及格,残念ながら、志望校の入試で不合格だった。,残念ながら、志望校の入試で不合格だった。,遗憾地没能通过所报学校的入学考试。,遗憾地没能通过所报学校的入学考试。,original_book,,使用原书例句与原书中文译文。,True
n3_1774,1774,N3,17,113,115,双子,ふたご,名,双胞胎，双生子，孪生子,双胞胎，双生子，孪生子,私の親友は双子で、二人ともとても仲がいい。,私の親友は双子で、二人ともとても仲がいい。,我的好朋友是一对双胞胎，我和他们俩的关系都非常好。,我的好朋友是一对双胞胎，我和他们俩的关系都非常好。,original_book,,使用原书例句与原书中文译文。,True
n3_1775,1775,N3,17,113,115,負担,ふたん,名·他サ,承担，负担,承担，负担,旅行の費用は誰が負担するのか。,旅行の費用は誰が負担するのか。,旅行的费用由谁负担？,旅行的费用由谁负担？,original_book,,使用原书例句与原书中文译文。,True
n3_1776,1776,N3,17,113,115,普段着,ふだんぎ,词,便服,便服,家ではリラックスできるふだん着を着ることが多い。,家ではリラックスできるふだん着を着ることが多い。,在家里，我经常穿那些可以让自己放松下来的家居服。,在家里，我经常穿那些可以让自己放松下来的家居服。,original_book,,使用原书例句与原书中文译文。,True
n3_1777,1777,N3,17,113,115,打つ,ぶつ,自五,打，敲，击,打，敲，击,彼女は寒さで赤くなったほおを両手で打って温めていた。,彼女は寒さで赤くなったほおを両手で打って温めていた。,她用双手拍打着被冻红了的脸颊来让自己暖和起来。,她用双手拍打着被冻红了的脸颊来让自己暖和起来。,original_book,,使用原书例句与原书中文译文。,True
n3_1778,1778,N3,17,113,115,文明,ぶんめい,名,文明,文明,文明の度を高める。,文明の度を高める。,提高文明程度。,提高文明程度。,original_book,,使用原书例句与原书中文译文。,True
n3_1779,1779,N3,17,113,115,分野,ぶんや,名,领域，范围,领域，范围,彼女は女性の活動に新分野を開いた。,彼女は女性の活動に新分野を開いた。,她开辟了女性活动的新领域。,她开辟了女性活动的新领域。,original_book,,使用原书例句与原书中文译文。,True
n3_1780,1780,N3,17,113,115,分類,ぶんるい,名·他サ,分类，分门别类,分类，分门别类,データは細かく分類されている。,データは細かく分類されている。,数据被详细地分类。,数据被详细地分类。,original_book,,使用原书例句与原书中文译文。,True
n3_1781,1781,N3,17,113,115,塀,へい,名,围墙，院墙，墙，墙壁；栅栏,围墙，院墙，墙，墙壁；栅栏,塀を乗り越える。,塀を乗り越える。,翻越栅栏。,翻越栅栏。,original_book,,使用原书例句与原书中文译文。,True
n3_1782,1782,N3,17,113,115,掘る,ほる,他五,挖掘；刨,挖掘；刨,山を掘ってトンネルを作っている。,山を掘ってトンネルを作っている。,开山建造隧道。,开山建造隧道。,original_book,,使用原书例句与原书中文译文。,True
n3_1783,1783,N3,17,113,115,枕,まくら,名,枕头,枕头,枕を高くして寝る。,枕を高くして寝る。,高枕无忧。,高枕无忧。,original_book,,使用原书例句与原书中文译文。,True
n3_1784,1784,N3,17,113,115,混ざる·交ざる·雑ざる,まざる,自五,搀混，搀杂，混杂，夹杂,搀混，搀杂，混杂，夹杂,あの少女には日本人とイタリア人の血が混ざっている。,あの少女には日本人とイタリア人の血が混ざっている。,那个少女是日本人和意大利人的混血儿。,那个少女是日本人和意大利人的混血儿。,original_book,,使用原书例句与原书中文译文。,True
n3_1785,1785,N3,17,114,116,益々·益益,ますます,副,越发，更加,越发，更加,このごろは大学に入るのはますます難しくなってきている。,このごろは大学に入るのはますます難しくなってきている。,最近的学生越来越难考上大学了。,最近的学生越来越难考上大学了。,original_book,,使用原书例句与原书中文译文。,True
n3_1786,1786,N3,17,114,116,結ぶ,むすぶ,他五,系，结；系结；建立关系,系，结；系结；建立关系,両家は共通の利害関係によって結ばれている。,両家は共通の利害関係によって結ばれている。,两家因共同的利益关系结合在一起。,两家因共同的利益关系结合在一起。,original_book,,使用原书例句与原书中文译文。,True
n3_1787,1787,N3,17,114,116,名所,めいしょ,名,名胜，古迹,名胜，古迹,このガイドブックには、地元の名所が詳しく紹介されています。,このガイドブックには、地元の名所が詳しく紹介されています。,这本旅游指南详细地介绍了当地的名胜。,这本旅游指南详细地介绍了当地的名胜。,original_book,,使用原书例句与原书中文译文。,True
n3_1788,1788,N3,17,114,116,命令,めいれい,名·他サ,命令,命令,会社の命令で出 張する。,会社の命令で出張する。,服从公司命令出差。,服从公司命令出差。,original_book,,使用原书例句与原书中文译文。,True
n3_1789,1789,N3,17,114,116,燃える,もえる,自一,燃烧，着火,燃烧，着火,希望に燃えて大学に進学した。,希望に燃えて大学に進学した。,满怀希望地升入了大学。,满怀希望地升入了大学。,original_book,,使用原书例句与原书中文译文。,True
n3_1790,1790,N3,17,114,116,目次,もくじ,名,目次，目录,目次，目录,目次を作る。,目次を作る。,制作目录。,制作目录。,original_book,,使用原书例句与原书中文译文。,True
n3_1791,1791,N3,17,114,116,呼び出す,よびだす,他五,唤出来，叫出来；邀请；传唤,唤出来，叫出来；邀请；传唤,友達を電話で呼び出した。,友達を電話で呼び出した。,打电话叫朋友出来了。,打电话叫朋友出来了。,original_book,,使用原书例句与原书中文译文。,True
n3_1792,1792,N3,17,114,116,ラッシュアワー,ラッシュアワー,名,（交通）高峰时间,（交通）高峰时间,ラッシュアワーの交通渋滞は大変なものです。,ラッシュアワーの交通渋滞は大変なものです。,高峰时间的交通堵塞情况很严重。,高峰时间的交通堵塞情况很严重。,original_book,,使用原书例句与原书中文译文。,True
n3_1793,1793,N3,17,114,116,率,りつ,名,率，比率,率，比率,今年の卒業生の就 職率はどのくらいですか。,今年の卒業生の就職率はどのくらいですか。,今年毕业生的就业率是多少？,今年毕业生的就业率是多少？,original_book,,使用原书例句与原书中文译文。,True
n3_1794,1794,N3,17,114,116,冷夏,れいか,名,冷夏，比往年气温低的夏天,冷夏，比往年气温低的夏天,今年は冷夏で、夏らしい暑さが少なかった。,今年は冷夏で、夏らしい暑さが少なかった。,今年是冷夏，夏天该有的炎热日子很少。,今年是冷夏，夏天该有的炎热日子很少。,original_book,,使用原书例句与原书中文译文。,True
n3_1795,1795,N3,17,114,116,列島,れっとう,名,列岛，群岛,列岛，群岛,日本列島を横切る列車に乗って一週回ってきた。,日本列島を横切る列車に乗って一週回ってきた。,乘坐横穿日本的列车转了一圈。,乘坐横穿日本的列车转了一圈。,original_book,,使用原书例句与原书中文译文。,True
n3_1796,1796,N3,18,115,117,あちらこちら,あちらこちら,名,各处，到处,各处，到处,旅行中、あちらこちらの名所を訪れた。,旅行中、あちらこちらの名所を訪れた。,旅行期间游览了各处名胜。,旅行期间游览了各处名胜。,original_book,,使用原书例句与原书中文译文。,True
n3_1797,1797,N3,18,115,117,悪化,あっか,名·自サ,恶化，变坏,恶化，变坏,天気が急に悪化して、野外イベントが中止になった。,天気が急に悪化して、野外イベントが中止になった。,天气突然变糟，户外活动取消了。,天气突然变糟，户外活动取消了。,original_book,,使用原书例句与原书中文译文。,True
n3_1798,1798,N3,18,115,117,あっと言う間に,あっというまに,词,（连）一瞬间，眨眼之间，不一会儿的工夫,（连）一瞬间，眨眼之间，不一会儿的工夫,あっと言う間に変わります。,あっと言う間に変わります。,一眨眼的工夫就发生变化。,一眨眼的工夫就发生变化。,original_book,,使用原书例句与原书中文译文。,True
n3_1799,1799,N3,18,115,117,アップロード,アップロード,名,上传,上传,プロジェクトのファイルをウェブサイトにアップロードした。,プロジェクトのファイルをウェブサイトにアップロードした。,把项目的文件上传到了网站上。,把项目的文件上传到了网站上。,original_book,,使用原书例句与原书中文译文。,True
n3_1800,1800,N3,18,115,117,脂·油,あぶら,名,油,油,フライパンに油を入れて、野菜を炒める。,フライパンに油を入れて、野菜を炒める。,往平底锅里加油，然后炒蔬菜。,往平底锅里加油，然后炒蔬菜。,original_book,,使用原书例句与原书中文译文。,True
n3_1801,1801,N3,18,115,117,争い,あらそい,名,争；争论，争吵；纠纷，不和,争；争论，争吵；纠纷，不和,世界のいくつかの地域では、権力をめぐる争いが続いている。,世界のいくつかの地域では、権力をめぐる争いが続いている。,在世界上的一些地区，权力之争仍在继续。,在世界上的一些地区，权力之争仍在继续。,original_book,,使用原书例句与原书中文译文。,True
n3_1802,1802,N3,18,115,117,争う,あらそう,他五,争夺；斗争；奋斗；争论；竞争，对抗,争夺；斗争；奋斗；争论；竞争，对抗,これは一刻を争う問題です。,これは一刻を争う問題です。,这是刻不容缓的问题。,这是刻不容缓的问题。,original_book,,使用原书例句与原书中文译文。,True
n3_1803,1803,N3,18,115,117,生き物,いきもの,名,生物，动物,生物，动物,言葉は生き物です。,言葉は生き物です。,语言是有生命的。,语言是有生命的。,original_book,,使用原书例句与原书中文译文。,True
n3_1804,1804,N3,18,115,117,一昨年,いっさくねん,名,前年,前年,一昨年とは昨年の前年です。,一昨年とは昨年の前年です。,前年就是指去年的前一年。,前年就是指去年的前一年。,original_book,,使用原书例句与原书中文译文。,True
n3_1805,1805,N3,18,115,117,追い付く,おいつく,自五,赶上，追上；来得及,赶上，追上；来得及,すぐに追いつくから先に行ってください。,すぐに追いつくから先に行ってください。,你先去吧，我马上赶上。,你先去吧，我马上赶上。,original_book,,使用原书例句与原书中文译文。,True
n3_1806,1806,N3,18,115,117,温度,おんど,名,温度,温度,物体の温度が上がります。,物体の温度が上がります。,物体的温度上升。,物体的温度上升。,original_book,,使用原书例句与原书中文译文。,True
n3_1807,1807,N3,18,115,117,温度計,おんどけい,名,温度计,温度计,病気の時、温度計で熱を測る。,病気の時、温度計で熱を測る。,生病时，用温度计测体温。,生病时，用温度计测体温。,original_book,,使用原书例句与原书中文译文。,True
n3_1808,1808,N3,18,115,117,おんぶ,おんぶ,他サ,背；依靠别人,背；依靠别人,小さな子供をおんぶしている母親を見た。,小さな子供をおんぶしている母親を見た。,看到了一个母亲背着一个年幼的小孩儿。,看到了一个母亲背着一个年幼的小孩儿。,original_book,,使用原书例句与原书中文译文。,True
n3_1809,1809,N3,18,115,117,絵画,かいが,名,绘画,绘画,ゆっくりと絵画を鑑賞する時間はありません。,ゆっくりと絵画を鑑賞する時間はありません。,没有时间充分欣赏绘画。,没有时间充分欣赏绘画。,original_book,,使用原书例句与原书中文译文。,True
n3_1810,1810,N3,18,115,117,改行,かいぎょう,名·自サ,换行，另起一行,换行，另起一行,レポートを書くときは、改行を正しく行う。,レポートを書くときは、改行を正しく行う。,写报告的时候要正确换行。,写报告的时候要正确换行。,original_book,,使用原书例句与原书中文译文。,True
n3_1811,1811,N3,18,116,118,関わる,かかわる,自五,关系到，涉及,关系到，涉及,これはわたしの名誉に関わる問題です。,これはわたしの名誉に関わる問題です。,这关系到我的名誉。,这关系到我的名誉。,original_book,,使用原书例句与原书中文译文。,True
n3_1812,1812,N3,18,116,118,各駅停車,かくえきていしゃ,名,每站停车；慢车,每站停车；慢车,各駅停車とは運転区間のすべての駅にとまる列車のことです。,各駅停車とは運転区間のすべての駅にとまる列車のことです。,各站停车是指在运行区间里每一站都停车。,各站停车是指在运行区间里每一站都停车。,original_book,,使用原书例句与原书中文译文。,True
n3_1813,1813,N3,18,116,118,陰,かげ,名,遮光的地方；背光处,遮光的地方；背光处,ビルの陰で休みましょう。,ビルの陰で休みましょう。,在高楼的阴面休息吧。,在高楼的阴面休息吧。,original_book,,使用原书例句与原书中文译文。,True
n3_1814,1814,N3,18,116,118,家事,かじ,名,家务（事），家政,家务（事），家政,最近、家事の手伝いをする子供が減りました。,最近、家事の手伝いをする子供が減りました。,最近，帮助做家务的孩子减少了。,最近，帮助做家务的孩子减少了。,original_book,,使用原书例句与原书中文译文。,True
n3_1815,1815,N3,18,116,118,柄,がら,名,体格，身材；花样，花纹,体格，身材；花样，花纹,この着物は柄がきれいですね。,この着物は柄がきれいですね。,这件和服花纹很漂亮。,这件和服花纹很漂亮。,original_book,,使用原书例句与原书中文译文。,True
n3_1816,1816,N3,18,116,118,勘定,かんじょう,名·自サ,计数，计算；算账，计算收支；结账，付款,计数，计算；算账，计算收支；结账，付款,食事の後、勘定をお願いした。,食事の後、勘定をお願いした。,吃完饭后找服务员结账了。,吃完饭后找服务员结账了。,original_book,,使用原书例句与原书中文译文。,True
n3_1817,1817,N3,18,116,118,乾燥機,かんそうき,名,烘干机,烘干机,洗濯後、衣類を早く乾かすために乾燥機を使用する。,洗濯後、衣類を早く乾かすために乾燥機を使用する。,衣服洗完后放入烘干机，以便尽快干。,衣服洗完后放入烘干机，以便尽快干。,original_book,,使用原书例句与原书中文译文。,True
n3_1818,1818,N3,18,116,118,元旦,がんたん,名,元旦,元旦,元旦には家族で新年の挨拶を交わす。,元旦には家族で新年の挨拶を交わす。,元旦那天，家人之间互致新年问候。,元旦那天，家人之间互致新年问候。,original_book,,使用原书例句与原书中文译文。,True
n3_1819,1819,N3,18,116,118,感動,かんどう,名·自サ,感动,感动,あの日の感動は忘れません。,あの日の感動は忘れません。,忘不了那天的感动。,忘不了那天的感动。,original_book,,使用原书例句与原书中文译文。,True
n3_1820,1820,N3,18,116,118,完璧,かんぺき,名·形动,完美，完善，十全十美，完美无缺,完美，完善，十全十美，完美无缺,彼は完璧を求める性格で、いつも最高の成果を目指す。,彼は完璧を求める性格で、いつも最高の成果を目指す。,他追求完美的性格使他总是以取得最好的结果为目标。,他追求完美的性格使他总是以取得最好的结果为目标。,original_book,,使用原书例句与原书中文译文。,True
n3_1821,1821,N3,18,116,118,完了,かんりょう,名·他自サ,完毕，完结；完成,完毕，完结；完成,出発の準備はいつ完了しますか。,出発の準備はいつ完了しますか。,什么时候能做好出发准备？,什么时候能做好出发准备？,original_book,,使用原书例句与原书中文译文。,True
n3_1822,1822,N3,18,116,118,既婚,きこん,名,已婚,已婚,彼女は既婚で、二人の子どもがいる。,彼女は既婚で、二人の子どもがいる。,她已婚，有两个孩子。,她已婚，有两个孩子。,original_book,,使用原书例句与原书中文译文。,True
n3_1823,1823,N3,18,116,118,記者,きしゃ,名,记者,记者,姉は朝日新聞社で記者をしています。,姉は朝日新聞社で記者をしています。,姐姐在朝日新闻社做记者。,姐姐在朝日新闻社做记者。,original_book,,使用原书例句与原书中文译文。,True
n3_1824,1824,N3,18,116,118,供給,きょうきゅう,名·他サ,供给，供应,供给，供应,工場に原料を供 給します。,工場に原料を供給します。,给工厂提供原料。,给工厂提供原料。,original_book,,使用原书例句与原书中文译文。,True
n3_1825,1825,N3,18,116,118,巨大,きょだい,名·形动,巨大,巨大,社長の権力がますます巨大になります。,社長の権力がますます巨大になります。,总经理的权力越来越大。,总经理的权力越来越大。,original_book,,使用原书例句与原书中文译文。,True
n3_1826,1826,N3,18,116,118,近年,きんねん,名,近几年，最近,近几年，最近,近年の科学の発達は本当に素晴らしいですね。,近年の科学の発達は本当に素晴らしいですね。,近年来科学技术的发展真的很迅猛。,近年来科学技术的发展真的很迅猛。,original_book,,使用原书例句与原书中文译文。,True
n3_1827,1827,N3,18,116,118,下り,くだり,名,下（坡）；从首都到地方去,下（坡）；从首都到地方去,上りは苦しいですが、下りは楽です。,上りは苦しいですが、下りは楽です。,上坡累人，下坡轻松。,上坡累人，下坡轻松。,original_book,,使用原书例句与原书中文译文。,True
n3_1828,1828,N3,18,116,118,下る,くだる,他五,下去；宣判,下去；宣判,この道を下るとホテルに着きます。,この道を下るとホテルに着きます。,沿着这条路走就能到旅店。,沿着这条路走就能到旅店。,original_book,,使用原书例句与原书中文译文。,True
n3_1829,1829,N3,18,117,119,配る,くばる,他五,分配，分给，分送,分配，分给，分送,朝夕、新聞が各家庭に配られていた。,朝夕、新聞が各家庭に配られていた。,以前，报纸会在早上和晚上被派送到各家各户。,以前，报纸会在早上和晚上被派送到各家各户。,original_book,,使用原书例句与原书中文译文。,True
n3_1830,1830,N3,18,117,119,苦労,くろう,名·自サ,辛苦，劳苦；操心，操劳,辛苦，劳苦；操心，操劳,母親はいろいろと苦労して私を育ててくれました。,母親はいろいろと苦労して私を育ててくれました。,妈妈不辞辛苦把我养大。,妈妈不辞辛苦把我养大。,original_book,,使用原书例句与原书中文译文。,True
n3_1831,1831,N3,18,117,119,詳しい,くわしい,形,详细；精通，熟悉,详细；精通，熟悉,歌舞伎のことなら山田さんが詳しいです。习题：この件について 話していただけませんか。1.するどく 2.すまなく3.けわしく 4.くわしく解析：答案是4。选项１「鋭い」意为“尖锐的，锋利,歌舞伎のことなら山田さんが詳しいです。,说到歌舞伎，山田很了解。的”。选项２「済まない」意为“对不起”。选项３「険しい」意为“险峻的，险恶的”。选项４「詳しい」意为“详细的，精通的”。,说到歌舞伎，山田很了解。,data_cleaned,数据提取清理,移除误并入例句的习题、选项和解析文本。,True
n3_1832,1832,N3,18,117,119,血圧,けつあつ,名,血压,血压,血圧は年齢と共に高まります。,血圧は年齢と共に高まります。,血压随着年龄增长而增高。,血压随着年龄增长而增高。,original_book,,使用原书例句与原书中文译文。,True
n3_1833,1833,N3,18,117,119,現に,げんに,副,实际；亲身（经历）,实际；亲身（经历）,現にわたしの経験したことです。,現にわたしの経験したことです。,是我亲身经历过的事情。,是我亲身经历过的事情。,original_book,,使用原书例句与原书中文译文。,True
n3_1834,1834,N3,18,117,119,原理,げんり,名,原理,原理,たこはどんな原理で揚がるのですか。,たこはどんな原理で揚がるのですか。,风筝飞起来是根据什么原理？,风筝飞起来是根据什么原理？,original_book,,使用原书例句与原书中文译文。,True
n3_1835,1835,N3,18,117,119,肯定,こうてい,名·他サ,承认,承认,相手は事実の存在を肯定しました。,相手は事実の存在を肯定しました。,对方承认了事实的存在。,对方承认了事实的存在。,original_book,,使用原书例句与原书中文译文。,True
n3_1836,1836,N3,18,117,119,骨折,こっせつ,名·自サ,骨折,骨折,彼は骨折して歩けません。,彼は骨折して歩けません。,他骨折了，无法走路。,他骨折了，无法走路。,original_book,,使用原书例句与原书中文译文。,True
n3_1837,1837,N3,18,117,119,御免,ごめん,名·感,原谅，宽恕；表拒绝；对不起，请原谅,原谅，宽恕；表拒绝；对不起，请原谅,御免なさい、許してください。,御免なさい、許してください。,抱歉，请您原谅我。,抱歉，请您原谅我。,original_book,,使用原书例句与原书中文译文。,True
n3_1838,1838,N3,18,117,119,今日,こんにち,名,今天；现在，现今,今天；现在，现今,今日の中国では、テクノロジーが日々進化しています。,今日の中国では、テクノロジーが日々進化しています。,在今天的中国，科技发展日新月异。,在今天的中国，科技发展日新月异。,original_book,,使用原书例句与原书中文译文。,True
n3_1839,1839,N3,18,117,119,サイン,サイン,名·自サ,署名，签字，签署；信号，暗号,署名，签字，签署；信号，暗号,互いに目と目でサインする。,互いに目と目でサインする。,互相以眼神交流。,互相以眼神交流。,original_book,,使用原书例句与原书中文译文。,True
n3_1840,1840,N3,18,117,119,作業,さぎょう,名·自サ,工作，作业,工作，作业,作業の能率をあげます。,作業の能率をあげます。,提高作业效率。,提高作业效率。,original_book,,使用原书例句与原书中文译文。,True
n3_1841,1841,N3,18,117,119,座席,ざせき,名,座位，席位,座位，席位,早く行かないと座席がなくなります。,早く行かないと座席がなくなります。,不快点儿去的话就没有座位了。,不快点儿去的话就没有座位了。,original_book,,使用原书例句与原书中文译文。,True
n3_1842,1842,N3,18,117,119,撮影,さつえい,名·他サ,摄影，照相,摄影，照相,一家そろって記念撮影をします。,一家そろって記念撮影をします。,一家人照相留念。,一家人照相留念。,original_book,,使用原书例句与原书中文译文。,True
n3_1843,1843,N3,18,117,119,ジーパン,ジーパン,名,牛仔裤,牛仔裤,娘と一緒に新しいジーパンを買ってきました。,娘と一緒に新しいジーパンを買ってきました。,和女儿一起去买了新的牛仔裤。,和女儿一起去买了新的牛仔裤。,original_book,,使用原书例句与原书中文译文。,True
n3_1844,1844,N3,18,117,119,ジーンズ,ジーンズ,名,牛仔裤；细长工装裤,牛仔裤；细长工装裤,日本で一番最初にジーンズを作ったのは当メーカーだった。,日本で一番最初にジーンズを作ったのは当メーカーだった。,在日本最早做牛仔裤的就是我们公司。,在日本最早做牛仔裤的就是我们公司。,original_book,,使用原书例句与原书中文译文。,True
n3_1845,1845,N3,18,118,120,仕送り,しおくり,名·他サ,汇寄生活补贴,汇寄生活补贴,月々の生活費を仕送りする。,月々の生活費を仕送りする。,每月汇寄生活费。,每月汇寄生活费。,original_book,,使用原书例句与原书中文译文。,True
n3_1846,1846,N3,18,118,120,次女,じじょ,词,次女，二女儿，二姑娘,次女，二女儿，二姑娘,次女が4歳になりました。,次女が4歳になりました。,二女儿四岁了。,二女儿四岁了。,original_book,,使用原书例句与原书中文译文。,True
n3_1847,1847,N3,18,118,120,じっくり,じっくり,副,稳当地，仔细地,稳当地，仔细地,じっくり考えた結果、大切な決断を下した。,じっくり考えた結果、大切な決断を下した。,经过深思熟虑，做出了一个重要的决定。,经过深思熟虑，做出了一个重要的决定。,original_book,,使用原书例句与原书中文译文。,True
n3_1848,1848,N3,18,118,120,湿気,しっけ,名,潮气,潮气,梅雨の時期は湿気が多くて、洗濯物が乾きにくい。,梅雨の時期は湿気が多くて、洗濯物が乾きにくい。,梅雨时节湿气大，洗的衣服不容易干。,梅雨时节湿气大，洗的衣服不容易干。,original_book,,使用原书例句与原书中文译文。,True
n3_1849,1849,N3,18,118,120,実際,じっさい,名·副,实际；事实；实际上；其实；的确，真的,实际；事实；实际上；其实；的确，真的,実際にその場所を訪れてみると、想像以上に素晴らしかった。,実際にその場所を訪れてみると、想像以上に素晴らしかった。,去那里实地一看，比想象中的还要棒。,去那里实地一看，比想象中的还要棒。,original_book,,使用原书例句与原书中文译文。,True
n3_1850,1850,N3,18,118,120,湿度,しつど,名,湿度,湿度,夏の湿度が高いと、とても不快になる。,夏の湿度が高いと、とても不快になる。,夏天湿度一大就会让人感觉很不舒服。,夏天湿度一大就会让人感觉很不舒服。,original_book,,使用原书例句与原书中文译文。,True
n3_1851,1851,N3,18,118,120,湿度計,しつどけい,名,湿度计,湿度计,部屋の湿度を知るために、湿度計を設置した。,部屋の湿度を知るために、湿度計を設置した。,为了掌握房间的湿度情况，安装了湿度计。,为了掌握房间的湿度情况，安装了湿度计。,original_book,,使用原书例句与原书中文译文。,True
n3_1852,1852,N3,18,118,120,締め切り,しめきり,名,截止；断流；封死；封闭,截止；断流；封死；封闭,応募の締め切りは3月20日です。,応募の締め切りは3月20日です。,应征的截止日期是3月20日。,应征的截止日期是3月20日。,original_book,,使用原书例句与原书中文译文。,True
n3_1853,1853,N3,18,118,120,締め切る,しめきる,他五,截止,截止,原稿はもう締め切ってもよいでしょうか。,原稿はもう締め切ってもよいでしょうか。,稿件征集可以截止了吗？,稿件征集可以截止了吗？,original_book,,使用原书例句与原书中文译文。,True
n3_1854,1854,N3,18,118,120,しゃっくり,しゃっくり,名·自サ,打嗝,打嗝,何をしてみてもしゃっくりが止まりませんでした。,何をしてみてもしゃっくりが止まりませんでした。,不管怎样做，打嗝都止不住。,不管怎样做，打嗝都止不住。,original_book,,使用原书例句与原书中文译文。,True
n3_1855,1855,N3,18,118,120,身体,しんたい,名,身体,身体,身体の自由を失います。,身体の自由を失います。,失去身体自由。,失去身体自由。,original_book,,使用原书例句与原书中文译文。,True
n3_1856,1856,N3,18,118,120,身長,しんちょう,名,身长，身高,身长，身高,身長はいくらありますか。,身長はいくらありますか。,您身高多少？,您身高多少？,original_book,,使用原书例句与原书中文译文。,True
n3_1857,1857,N3,18,118,120,しんと,しんと,副,静悄悄,静悄悄,場内はしんと静まります。,場内はしんと静まります。,场内静悄悄的。,场内静悄悄的。,original_book,,使用原书例句与原书中文译文。,True
n3_1858,1858,N3,18,118,120,進歩,しんぽ,名·自サ,进步,进步,君の碁はちっとも進歩しません。,君の碁はちっとも進歩しません。,你的棋艺丝毫没有进步。,你的棋艺丝毫没有进步。,original_book,,使用原书例句与原书中文译文。,True
n3_1859,1859,N3,18,118,120,末,すえ,名,末尾；结果,末尾；结果,桜の花は3月の末か4月の初めごろ咲く。,桜の花は3月の末か4月の初めごろ咲く。,樱花于三月末四月初开放。,樱花于三月末四月初开放。,original_book,,使用原书例句与原书中文译文。,True
n3_1860,1860,N3,18,118,120,ストップ,ストップ,名·自他サ,停止，中止,停止，中止,事故で列車がストップした。,事故で列車がストップした。,由于事故，列车停运了。,由于事故，列车停运了。,original_book,,使用原书例句与原书中文译文。,True
n3_1861,1861,N3,18,118,120,ストレス,ストレス,名,压力，紧张状态,压力，紧张状态,君は2、3日休んでストレスを解消したほうがいい。,君は2、3日休んでストレスを解消したほうがいい。,你最好休息两三天缓解一下压力。,你最好休息两三天缓解一下压力。,original_book,,使用原书例句与原书中文译文。,True
n3_1862,1862,N3,18,119,121,税,ぜい,名,税,税,税を取り立てる。,税を取り立てる。,征税。,征税。,original_book,,使用原书例句与原书中文译文。,True
n3_1863,1863,N3,18,119,121,正式,せいしき,名·形动,正式,正式,正式の学校教育を受ける。,正式の学校教育を受ける。,接受正规的学校教育。,接受正规的学校教育。,original_book,,使用原书例句与原书中文译文。,True
n3_1864,1864,N3,18,119,121,性質,せいしつ,名,天性，本性,天性，本性,父と母は性質がまったく逆だ。,父と母は性質がまったく逆だ。,我的父母性格迥异。,我的父母性格迥异。,original_book,,使用原书例句与原书中文译文。,True
n3_1865,1865,N3,18,119,121,属する,ぞくする,自サ,属于，隶属于,属于，隶属于,僕は学校では野球部に属している。,僕は学校では野球部に属している。,我在学校参加了棒球部。,我在学校参加了棒球部。,original_book,,使用原书例句与原书中文译文。,True
n3_1866,1866,N3,18,119,121,組織,そしき,名·他サ,组织,组织,強いチームを組織する。,強いチームを組織する。,组成一支强队。,组成一支强队。,original_book,,使用原书例句与原书中文译文。,True
n3_1867,1867,N3,18,119,121,大臣,だいじん,名,大臣；政府的部长,大臣；政府的部长,大臣の椅子をねらう。,大臣の椅子をねらう。,梦想成为大臣。,梦想成为大臣。,original_book,,使用原书例句与原书中文译文。,True
n3_1868,1868,N3,18,119,121,代表,だいひょう,名·他サ,代表,代表,彼の考え方は、このごろの若い人の考えを代表している。,彼の考え方は、このごろの若い人の考えを代表している。,他的想法代表着现在年轻人的想法。,他的想法代表着现在年轻人的想法。,original_book,,使用原书例句与原书中文译文。,True
n3_1869,1869,N3,18,119,121,中旬,ちゅうじゅん,名,中旬,中旬,来月中 旬に結婚式をあげる。,来月中旬に結婚式をあげる。,下个月中旬举行结婚典礼。,下个月中旬举行结婚典礼。,original_book,,使用原书例句与原书中文译文。,True
n3_1870,1870,N3,18,119,121,昼食,ちゅうしょく,名,午饭，中饭,午饭，中饭,近くのレストランで昼 食を済まして、買い物に行った。,近くのレストランで昼食を済まして、買い物に行った。,在附近的餐馆吃过午饭，去买东西了。,在附近的餐馆吃过午饭，去买东西了。,original_book,,使用原书例句与原书中文译文。,True
n3_1871,1871,N3,18,119,121,勤め,つとめ,名,工作，差事,工作，差事,いやだけれども、これもお勤めだ。,いやだけれども、これもお勤めだ。,虽然很讨厌，但这也是工作。,虽然很讨厌，但这也是工作。,original_book,,使用原书例句与原书中文译文。,True
n3_1872,1872,N3,18,119,121,勤める,つとめる,自一,工作，上班,工作，上班,父は会社に二十年勤めている。,父は会社に二十年勤めている。,爸爸在公司工作了二十年。,爸爸在公司工作了二十年。,original_book,,使用原书例句与原书中文译文。,True
n3_1873,1873,N3,18,119,121,努める,つとめる,自一,努力，尽力,努力，尽力,彼は常に仕事の質を向上させるよう努めています。,彼は常に仕事の質を向上させるよう努めています。,他总是努力地提高工作质量。,他总是努力地提高工作质量。,original_book,,使用原书例句与原书中文译文。,True
n3_1874,1874,N3,18,119,121,停電,ていでん,名·自サ,停电,停电,停電のためエレベーターが動かない。,停電のためエレベーターが動かない。,由于停电，电梯停止运行。,由于停电，电梯停止运行。,original_book,,使用原书例句与原书中文译文。,True
n3_1875,1875,N3,18,119,121,停留所,ていりゅうじょ,名,公交车站,公交车站,家の近くにバスの停留所があるので便利だ。,家の近くにバスの停留所があるので便利だ。,家附近有公交站，（出行）很方便。,家附近有公交站，（出行）很方便。,original_book,,使用原书例句与原书中文译文。,True
n3_1876,1876,N3,18,119,121,手軽,てがる,形动,简便，轻易,简便，轻易,手軽に作れるレシピをインターネットで探している。,手軽に作れるレシピをインターネットで探している。,在网上搜索一些制作简便的食谱。,在网上搜索一些制作简便的食谱。,original_book,,使用原书例句与原书中文译文。,True
n3_1877,1877,N3,18,119,121,デザイン,デザイン,名·他サ,计划，构想，设计,计划，构想，设计,新しいポスターのデザインを考える。,新しいポスターのデザインを考える。,构思新的海报设计。,构思新的海报设计。,original_book,,使用原书例句与原书中文译文。,True
n3_1878,1878,N3,18,119,121,デジカメ,デジカメ・デジタルカメラ,名,数码相机,数码相机,デジタルカメラを買うなら、まずは価格をチェックする。,デジタルカメラを買うなら、まずは価格をチェックする。,要买数码相机的话，首先要考察价格。,要买数码相机的话，首先要考察价格。,original_book,,使用原书例句与原书中文译文。,True
n3_1879,1879,N3,18,119,121,デスクトップ,デスクトップ,名,电脑桌面；台式机,电脑桌面；台式机,新しいソフトウェアをデスクトップにインストールした。,新しいソフトウェアをデスクトップにインストールした。,在台式电脑上安装了新软件。,在台式电脑上安装了新软件。,original_book,,使用原书例句与原书中文译文。,True
n3_1880,1880,N3,18,119,121,デリバリー,デリバリー,名,送货，交付，交货，配送,送货，交付，交货，配送,今夜は忙しいので、ピザをデリバリーで注文する。,今夜は忙しいので、ピザをデリバリーで注文する。,今晚很忙，所以要点比萨外卖。,今晚很忙，所以要点比萨外卖。,original_book,,使用原书例句与原书中文译文。,True
n3_1881,1881,N3,18,120,122,同時,どうじ,名,同时,同时,地震と同時にパニックがおきた。,地震と同時にパニックがおきた。,地震爆发的同时造成了恐慌。,地震爆发的同时造成了恐慌。,original_book,,使用原书例句与原书中文译文。,True
n3_1882,1882,N3,18,120,122,当日,とうじつ,名,当日，当天,当日，当天,運動会の当日は、雲ひとつない上天気にめぐまれた。,運動会の当日は、雲ひとつない上天気にめぐまれた。,运动会当日天气很好，万里无云。,运动会当日天气很好，万里无云。,original_book,,使用原书例句与原书中文译文。,True
n3_1883,1883,N3,18,120,122,同僚,どうりょう,名,同事,同事,仕事が終わったら、同僚と一緒に飲みに行った。,仕事が終わったら、同僚と一緒に飲みに行った。,工作结束后和同事一起去喝酒了。,工作结束后和同事一起去喝酒了。,original_book,,使用原书例句与原书中文译文。,True
n3_1884,1884,N3,18,120,122,都会,とかい,名,都市,都市,都会に憧れる人が多いようです。,都会に憧れる人が多いようです。,似乎有很多人向往都市。,似乎有很多人向往都市。,original_book,,使用原书例句与原书中文译文。,True
n3_1885,1885,N3,18,120,122,成す·為す,なす,他五,形成，构成,形成，构成,私の考えはまだ形を成していない。,私の考えはまだ形を成していない。,我的想法还没有成形。,我的想法还没有成形。,original_book,,使用原书例句与原书中文译文。,True
n3_1886,1886,N3,18,120,122,煮る,にる,他一,煮，炖，熬,煮，炖，熬,強火で煮る。,強火で煮る。,用大火炖。,用大火炖。,original_book,,使用原书例句与原书中文译文。,True
n3_1887,1887,N3,18,120,122,ノック,ノック,名·自サ,敲门,敲门,だれかドアをノックした。,だれかドアをノックした。,有人敲门了。,有人敲门了。,original_book,,使用原书例句与原书中文译文。,True
n3_1888,1888,N3,18,120,122,ハンドバッグ,ハンドバッグ,名,手提包,手提包,ハンドバッグを抱える。,ハンドバッグを抱える。,抱着手提包。,抱着手提包。,original_book,,使用原书例句与原书中文译文。,True
n3_1889,1889,N3,18,120,122,ハンドブック,ハンドブック,名,手册，便览，指南,手册，便览，指南,このハンドブックは、機械を使い始めたばかりの方向けに作成されています。,このハンドブックは、機械を使い始めたばかりの方向けに作成されています。,这本手册是为刚开始使用此机器的人而制作的。,这本手册是为刚开始使用此机器的人而制作的。,original_book,,使用原书例句与原书中文译文。,True
n3_1890,1890,N3,18,120,122,ぴったり,ぴったり,副·形动·自サ,紧，紧密，严实；恰好,紧，紧密，严实；恰好,彼女の予言はぴったり当たった。,彼女の予言はぴったり当たった。,她的预言精准地实现了。,她的预言精准地实现了。,original_book,,使用原书例句与原书中文译文。,True
n3_1891,1891,N3,18,120,122,否定,ひてい,名·他サ,否定,否定,否定的見解を述べる。,否定的見解を述べる。,陈述否定的意见。,陈述否定的意见。,original_book,,使用原书例句与原书中文译文。,True
n3_1892,1892,N3,18,120,122,仏教,ぶっきょう,名,佛教,佛教,仏教はアジアの多くの国で信仰されている。,仏教はアジアの多くの国で信仰されている。,亚洲许多国家的人都信仰佛教。,亚洲许多国家的人都信仰佛教。,original_book,,使用原书例句与原书中文译文。,True
n3_1893,1893,N3,18,120,122,物理学,ぶつりがく,名,物理学,物理学,彼は物理学に興味があり、将来は物理学者になりたいと言っている。,彼は物理学に興味があり、将来は物理学者になりたいと言っている。,他说他对物理学感兴趣，将来想成为物理学家。,他说他对物理学感兴趣，将来想成为物理学家。,original_book,,使用原书例句与原书中文译文。,True
n3_1894,1894,N3,18,120,122,船旅,ふなたび,名,乘船旅行,乘船旅行,夏休みに家族で船旅を楽しんだ。,夏休みに家族で船旅を楽しんだ。,暑假和家人一起享受了坐船旅行的乐趣。,暑假和家人一起享受了坐船旅行的乐趣。,original_book,,使用原书例句与原书中文译文。,True
n3_1895,1895,N3,18,120,122,船便,ふなびん,名,通航，通船，便船；海运，海上运输，用船邮寄,通航，通船，便船；海运，海上运输，用船邮寄,海外に荷物を送るときは、船便を利用することが多い。,海外に荷物を送るときは、船便を利用することが多い。,向国外寄送包裹时，常常用海运的方式。,向国外寄送包裹时，常常用海运的方式。,original_book,,使用原书例句与原书中文译文。,True
n3_1896,1896,N3,18,120,122,フライパン,フライパン,名,平底锅，煎锅,平底锅，煎锅,フライパンで野菜を炒める。,フライパンで野菜を炒める。,用平底锅炒菜。,用平底锅炒菜。,original_book,,使用原书例句与原书中文译文。,True
n3_1897,1897,N3,18,120,122,ブラシ,ブラシ,名,刷子,刷子,ブラシでズボンのちりを払った。,ブラシでズボンのちりを払った。,用刷子刷净了裤子上的灰尘。,用刷子刷净了裤子上的灰尘。,original_book,,使用原书例句与原书中文译文。,True
n3_1898,1898,N3,18,120,122,ペンキ,ペンキ,名,油漆,油漆,ところどころペンキが剥げている。,ところどころペンキが剥げている。,到处都掉漆。,到处都掉漆。,original_book,,使用原书例句与原书中文译文。,True
n3_1899,1899,N3,18,120,122,ホール,ホール,名,大厅；会场，会馆,大厅；会场，会馆,本ホールは公開番組の収録や一般のコンサートに使用される多目的ホールです。,本ホールは公開番組の収録や一般のコンサートに使用される多目的ホールです。,本会场用于录制公开的节目或举行一般的演唱会等，是一个多用途的会场。,本会场用于录制公开的节目或举行一般的演唱会等，是一个多用途的会场。,original_book,,使用原书例句与原书中文译文。,True
n3_1900,1900,N3,18,121,123,ボール,ボール,名,球,球,ボールを投げる。,ボールを投げる。,投球。,投球。,original_book,,使用原书例句与原书中文译文。,True
n3_1901,1901,N3,18,121,123,まあまあ,まあまあ,感·副,好了好了；大致，还算,好了好了；大致，还算,まあまあ泥だらけじゃないの。,まあまあ泥だらけじゃないの。,哎呀，浑身是泥。,哎呀，浑身是泥。,original_book,,使用原书例句与原书中文译文。,True
n3_1902,1902,N3,18,121,123,明後日,みょうごにち,名,后日，后天,后日，后天,試験を明後日に延期する。,試験を明後日に延期する。,考试延期到后天。,考试延期到后天。,original_book,,使用原书例句与原书中文译文。,True
n3_1903,1903,N3,18,121,123,紫,むらさき,名,紫，紫色,紫，紫色,夕方になると遠くの山が 紫 に見える。,夕方になると遠くの山が紫に見える。,到了傍晚，远处的山呈现出紫色。,到了傍晚，远处的山呈现出紫色。,original_book,,使用原书例句与原书中文译文。,True
n3_1904,1904,N3,18,121,123,面,めん,名,脸；会面；表面；方面,脸；会面；表面；方面,彼はあらゆる面で素晴らしい。,彼はあらゆる面で素晴らしい。,他无论哪方面都很优秀。,他无论哪方面都很优秀。,original_book,,使用原书例句与原书中文译文。,True
n3_1905,1905,N3,18,121,123,潜る,もぐる,自五,潜水；藏入，钻进；潜入,潜水；藏入，钻进；潜入,危険を感じて彼は地下に潜った。,危険を感じて彼は地下に潜った。,感觉到危险，他便隐入地下了。,感觉到危险，他便隐入地下了。,original_book,,使用原书例句与原书中文译文。,True
n3_1906,1906,N3,18,121,123,稍·漸,やや,副,稍稍，稍微,稍稍，稍微,彼にはやや滑稽なところがある。,彼にはやや滑稽なところがある。,他有点儿滑稽。,他有点儿滑稽。,original_book,,使用原书例句与原书中文译文。,True
n3_1907,1907,N3,18,121,123,予測,よそく,名·他サ,预测，预料,预测，预料,未来を予測できていたらこんなことはしなかったはずだ。,未来を予測できていたらこんなことはしなかったはずだ。,如果能够预测未来，（当时）应该就不会做这样的事情了。,如果能够预测未来，（当时）应该就不会做这样的事情了。,original_book,,使用原书例句与原书中文译文。,True
n3_1908,1908,N3,18,121,123,余分,よぶん,名·形动,多余，剩余,多余，剩余,余分な金は持ち歩かないことにしています。,余分な金は持ち歩かないことにしています。,我从不随身携带过多的现金。,我从不随身携带过多的现金。,original_book,,使用原书例句与原书中文译文。,True
n3_1909,1909,N3,18,121,123,両,りょう,名·接尾,双，两个,双，两个,この電車は10 両編成だ。,この電車は10両編成だ。,这趟列车由十节车厢组成。,这趟列车由十节车厢组成。,original_book,,使用原书例句与原书中文译文。,True
n3_1910,1910,N3,18,121,123,冷凍,れいとう,名·他サ,冷冻,冷冻,食材を長持ちさせるために、冷凍することが多い。,食材を長持ちさせるために、冷凍することが多い。,为了让食材存放得久一些，人们往往把它们冷冻起来。,为了让食材存放得久一些，人们往往把它们冷冻起来。,original_book,,使用原书例句与原书中文译文。,True
n3_1911,1911,N3,18,121,123,冷凍食品,れいとうしょくひん,名,冷冻食品，速冻食品,冷冻食品，速冻食品,忙しい時は、冷凍食品がとても便利だ。,忙しい時は、冷凍食品がとても便利だ。,忙的时候，速冻食品特别方便。,忙的时候，速冻食品特别方便。,original_book,,使用原书例句与原书中文译文。,True
n3_1912,1912,N3,18,121,123,ロボット,ロボット,名,机器人,机器人,今度の支配人は社長のロボットに過ぎない。,今度の支配人は社長のロボットに過ぎない。,这次的经理只不过是社长的傀儡。,这次的经理只不过是社长的傀儡。,original_book,,使用原书例句与原书中文译文。,True
n3_1913,1913,N3,18,121,123,我が侭,わがまま,名·形动,任性,任性,かつては親の言うことを聞かないわがままな少年だった。,かつては親の言うことを聞かないわがままな少年だった。,曾经是个任性、不听父母话的少年。,曾经是个任性、不听父母话的少年。,original_book,,使用原书例句与原书中文译文。,True
n3_1914,1914,N3,19,122,124,宛先,あてさき,名,收信（件）人的姓名、地址,收信（件）人的姓名、地址,手紙の宛先を間違えないように注意した。,手紙の宛先を間違えないように注意した。,我提醒（他）了，收信人的地址不要写错。,我提醒（他）了，收信人的地址不要写错。,original_book,,使用原书例句与原书中文译文。,True
n3_1915,1915,N3,19,122,124,アマチュア,アマチュア,名,业余爱好者,业余爱好者,全国のアマチュア無線家たちが集まっています。,全国のアマチュア無線家たちが集まっています。,全国各地的无线电业余爱好者齐聚一堂。,全国各地的无线电业余爱好者齐聚一堂。,original_book,,使用原书例句与原书中文译文。,True
n3_1916,1916,N3,19,122,124,誤り,あやまり,名,错误,错误,この本の中の誤りを捜してみてください。,この本の中の誤りを捜してみてください。,请试着找出这本书中的错误。,请试着找出这本书中的错误。,original_book,,使用原书例句与原书中文译文。,True
n3_1917,1917,N3,19,122,124,アラーム,アラーム,名,警报，警报器；闹铃,警报，警报器；闹铃,明日の試験のために、目覚ましアラームを早めに設定した。,明日の試験のために、目覚ましアラームを早めに設定した。,为了明天的考试，我提前设好了闹钟。,为了明天的考试，我提前设好了闹钟。,original_book,,使用原书例句与原书中文译文。,True
n3_1918,1918,N3,19,122,124,市場,いちば,名,集市，市场,集市，市场,この辺りは昔、町で一番大きい市場でした。,この辺りは昔、町で一番大きい市場でした。,这附近以前是镇里最大的市场。,这附近以前是镇里最大的市场。,original_book,,使用原书例句与原书中文译文。,True
n3_1919,1919,N3,19,122,124,一部,いちぶ,名,一部分,一部分,工事は一部を残してほとんど完成しました。,工事は一部を残してほとんど完成しました。,工程除了一部分之外几乎都完成了。,工程除了一部分之外几乎都完成了。,original_book,,使用原书例句与原书中文译文。,True
n3_1920,1920,N3,19,122,124,運転士,うんてんし,名,驾驶员,驾驶员,運転士の顔が、階段の下から見えました。,運転士の顔が、階段の下から見えました。,从台阶下看到了驾驶员的脸。,从台阶下看到了驾驶员的脸。,original_book,,使用原书例句与原书中文译文。,True
n3_1921,1921,N3,19,122,124,大凡,おおよそ,名·副,大体，大概，大致，大约,大体，大概，大致，大约,おおよその事情は聞いています。,おおよその事情は聞いています。,我听说了大致情况。,我听说了大致情况。,original_book,,使用原书例句与原书中文译文。,True
n3_1922,1922,N3,19,122,124,オリンピック,オリンピック,名,奥运会,奥运会,今年、夏のオリンピックを開催する予定だ。,今年、夏のオリンピックを開催する予定だ。,今年计划举办夏季奥林匹克运动会。,今年计划举办夏季奥林匹克运动会。,original_book,,使用原书例句与原书中文译文。,True
n3_1923,1923,N3,19,122,124,害,がい,名,害处，危害,害处，危害,タバコは健康に害があります。,タバコは健康に害があります。,吸烟有害健康。,吸烟有害健康。,original_book,,使用原书例句与原书中文译文。,True
n3_1924,1924,N3,19,122,124,飼う,かう,他五,饲养,饲养,アパートではペットを飼ってはいけません。,アパートではペットを飼ってはいけません。,公寓里不允许饲养宠物。,公寓里不允许饲养宠物。,original_book,,使用原书例句与原书中文译文。,True
n3_1925,1925,N3,19,122,124,刀,かたな,名,刀,刀,あの男の趣味は世界各国の刀を集めることです。,あの男の趣味は世界各国の刀を集めることです。,他的爱好是收集世界各国的刀具。,他的爱好是收集世界各国的刀具。,original_book,,使用原书例句与原书中文译文。,True
n3_1926,1926,N3,19,122,124,カメラマン,カメラマン,名,摄影师,摄影师,あの人気歌手はカメラマンの包囲を受けてなかなか進めません。,あの人気歌手はカメラマンの包囲を受けてなかなか進めません。,那个人气歌手被摄影师们团团围住，无法前行。,那个人气歌手被摄影师们团团围住，无法前行。,original_book,,使用原书例句与原书中文译文。,True
n3_1927,1927,N3,19,122,124,企業,きぎょう,名,企业,企业,彼は一流の大学を卒業して一流の企業に就 職しました。,彼は一流の大学を卒業して一流の企業に就職しました。,他毕业于一流的大学，在一流的企业工作。,他毕业于一流的大学，在一流的企业工作。,original_book,,使用原书例句与原书中文译文。,True
n3_1928,1928,N3,19,123,125,記念日,きねんび,名,纪念日,纪念日,今日は私たちの結婚記念日だ。,今日は私たちの結婚記念日だ。,今天是我们的结婚纪念日。,今天是我们的结婚纪念日。,original_book,,使用原书例句与原书中文译文。,True
n3_1929,1929,N3,19,123,125,キャベツ,キャベツ,名,甘蓝菜；卷心菜,甘蓝菜；卷心菜,キャベツの油いためにご飯を昼ご飯にした。,キャベツの油いためにご飯を昼ご飯にした。,决定午饭吃炒卷心菜配米饭了。,决定午饭吃炒卷心菜配米饭了。,original_book,,使用原书例句与原书中文译文。,True
n3_1930,1930,N3,19,123,125,キャンセル,キャンセル,名·他サ,注销；取消,注销；取消,予約をキャンセルする。,予約をキャンセルする。,取消预约。,取消预约。,original_book,,使用原书例句与原书中文译文。,True
n3_1931,1931,N3,19,123,125,休学,きゅうがく,名·自サ,休学,休学,健康上の理由で、一年間休学することに決めた。,健康上の理由で、一年間休学することに決めた。,出于健康原因，决定休学一年了。,出于健康原因，决定休学一年了。,original_book,,使用原书例句与原书中文译文。,True
n3_1932,1932,N3,19,123,125,器用,きよう,名·形动,灵巧，精巧；巧妙，高明,灵巧，精巧；巧妙，高明,彼女は手先が器用で、美しい工芸品を作る。,彼女は手先が器用で、美しい工芸品を作る。,她手很巧，会制作精美的工艺品。,她手很巧，会制作精美的工艺品。,original_book,,使用原书例句与原书中文译文。,True
n3_1933,1933,N3,19,123,125,行列,ぎょうれつ,名·自サ,行列，队伍,行列，队伍,事故で自動車が何台も行列していました。,事故で自動車が何台も行列していました。,由于事故，好几辆车排成队。,由于事故，好几辆车排成队。,original_book,,使用原书例句与原书中文译文。,True
n3_1934,1934,N3,19,123,125,局,きょく,名,局，站,局，站,CCTVは中国中央テレビ局の略 称です。,CCTVは中国中央テレビ局の略称です。,CCTV是中国中央电视台的简称。,CCTV是中国中央电视台的简称。,original_book,,使用原书例句与原书中文译文。,True
n3_1935,1935,N3,19,123,125,曲線,きょくせん,名,曲线,曲线,彼は美しい曲線を描くのが得意です。,彼は美しい曲線を描くのが得意です。,他擅长画优美的曲线。,他擅长画优美的曲线。,original_book,,使用原书例句与原书中文译文。,True
n3_1936,1936,N3,19,123,125,くださる,くださる,他五,送，给（我）,送，给（我）,これはおじさんがくださった辞書です。,これはおじさんがくださった辞書です。,这是叔叔给我的字典。,这是叔叔给我的字典。,original_book,,使用原书例句与原书中文译文。,True
n3_1937,1937,N3,19,123,125,クラシック,クラシック,名·形动,古典的；古典音乐,古典的；古典音乐,暇なとき、クラシック音楽を聴いたりします。,暇なとき、クラシック音楽を聴いたりします。,有空时听听古典音乐。,有空时听听古典音乐。,original_book,,使用原书例句与原书中文译文。,True
n3_1938,1938,N3,19,123,125,結果,けっか,名,结果，结局,结果，结局,先生は試験の結果を発表したばかりです。,先生は試験の結果を発表したばかりです。,老师刚刚公布了考试结果。,老师刚刚公布了考试结果。,original_book,,使用原书例句与原书中文译文。,True
n3_1939,1939,N3,19,123,125,後輩,こうはい,名,晚辈；低年级同学,晚辈；低年级同学,彼はわたしよりずっと後輩です。,彼はわたしよりずっと後輩です。,他是比我低很多级的学弟。,他是比我低很多级的学弟。,original_book,,使用原书例句与原书中文译文。,True
n3_1940,1940,N3,19,123,125,項目,こうもく,名,项目,项目,問題をいくつかの項目に分けましょう。,問題をいくつかの項目に分けましょう。,把问题分成几个项目吧。,把问题分成几个项目吧。,original_book,,使用原书例句与原书中文译文。,True
n3_1941,1941,N3,19,123,125,効率,こうりつ,名,效率,效率,何か効率の上がる勉強法はありませんか。,何か効率の上がる勉強法はありませんか。,有没有什么能提高学习效率的方法呢？,有没有什么能提高学习效率的方法呢？,original_book,,使用原书例句与原书中文译文。,True
n3_1942,1942,N3,19,123,125,コーラス,コーラス,名,合唱，合唱团,合唱，合唱团,コーラスを結成する。,コーラスを結成する。,组成合唱团。,组成合唱团。,original_book,,使用原书例句与原书中文译文。,True
n3_1943,1943,N3,19,123,125,これほど,これほど,副,这种程度，这样，这么,这种程度，这样，这么,これほど悪いとは思いませんでした。,これほど悪いとは思いませんでした。,当时我不认为有这么糟。,当时我不认为有这么糟。,original_book,,使用原书例句与原书中文译文。,True
n3_1944,1944,N3,19,123,125,逆らう,さからう,自五,逆；反抗，违抗,逆；反抗，违抗,風に逆らって船を進める。,風に逆らって船を進める。,逆风行船。,逆风行船。,original_book,,使用原书例句与原书中文译文。,True
n3_1945,1945,N3,19,123,125,酸素,さんそ,名,氧；氧气,氧；氧气,運動不足など多くの要因によって体内の酸素が不足です。,運動不足など多くの要因によって体内の酸素が不足です。,缺乏运动等许多原因导致体内氧气不足。,缺乏运动等许多原因导致体内氧气不足。,original_book,,使用原书例句与原书中文译文。,True
n3_1946,1946,N3,19,123,125,指定席,していせき,名,对号入座,对号入座,新幹線では指定席を予約しておくのが便利だ。,新幹線では指定席を予約しておくのが便利だ。,乘坐新干线时，提前预约对号入座的座席很方便。,乘坐新干线时，提前预约对号入座的座席很方便。,original_book,,使用原书例句与原书中文译文。,True
n3_1947,1947,N3,19,123,125,私鉄,してつ,名,私营铁路,私营铁路,私たちの町には、主に私鉄が通っている。,私たちの町には、主に私鉄が通っている。,我们这个镇的铁路以私营的为主。,我们这个镇的铁路以私营的为主。,original_book,,使用原书例句与原书中文译文。,True
n3_1948,1948,N3,19,124,126,自動改札,じどうかいさつ,名,自动检票,自动检票,駅には自動改札機があり、通過がスムーズだ。,駅には自動改札機があり、通過がスムーズだ。,地铁站有自动检票机，乘客可以顺畅地通过闸机。,车站设有自动检票机，通行很顺畅。,corrected,实质误译,「駅」是泛指车站，原句没有限定为地铁站。,True
n3_1949,1949,N3,19,124,126,品切れ,しなぎれ,名,售完，断货,售完，断货,人気の商品はすぐに品切れになることが多い。,人気の商品はすぐに品切れになることが多い。,热销产品往往一上架很快就断货。,热销产品往往一上架很快就断货。,original_book,,使用原书例句与原书中文译文。,True
n3_1950,1950,N3,19,124,126,痺れ,しびれ,名,麻木,麻木,長時間のデスクワーク後に感じた足のしびれが心配だ。,長時間のデスクワーク後に感じた足のしびれが心配だ。,长时间伏案工作后感觉腿麻，这让我忧心。,长时间伏案工作后感觉腿麻，这让我忧心。,original_book,,使用原书例句与原书中文译文。,True
n3_1951,1951,N3,19,124,126,痺れる,しびれる,自一,发麻；陶醉,发麻；陶醉,寒さで手がしびれる感じがした。,寒さで手がしびれる感じがした。,冷得我感觉自己的手都麻了。,冷得我感觉自己的手都麻了。,original_book,,使用原书例句与原书中文译文。,True
n3_1952,1952,N3,19,124,126,水分,すいぶん,名,水分,水分,熱の出るときには水分を多量に補給する必要がある。,熱の出るときには水分を多量に補給する必要がある。,发烧的时候有必要补充大量的水分。,发烧的时候有必要补充大量的水分。,original_book,,使用原书例句与原书中文译文。,True
n3_1953,1953,N3,19,124,126,贅沢,ぜいたく,名·自サ·形动,豪华；浪费,豪华；浪费,普段は素朴な生活を送っているが、たまには贅沢したい。,普段は素朴な生活を送っているが、たまには贅沢したい。,平时过着朴素的生活，偶尔也想奢侈一下。,平时过着朴素的生活，偶尔也想奢侈一下。,original_book,,使用原书例句与原书中文译文。,True
n3_1954,1954,N3,19,124,126,田,た,名,水田,水田,田に水を引く。,田に水を引く。,引水灌溉。,引水灌溉。,original_book,,使用原书例句与原书中文译文。,True
n3_1955,1955,N3,19,124,126,経つ,たつ,自五,经过，过,经过，过,時の経つにつれて悲しみも薄れる。,時の経つにつれて悲しみも薄れる。,随着时间流逝，悲伤也会渐渐淡化。,随着时间流逝，悲伤也会渐渐淡化。,original_book,,使用原书例句与原书中文译文。,True
n3_1956,1956,N3,19,124,126,電源,でんげん,名,电源,电源,コンピューターの電源を入れ忘れた。,コンピューターの電源を入れ忘れた。,忘记开电脑的电源了。,忘记开电脑的电源了。,original_book,,使用原书例句与原书中文译文。,True
n3_1957,1957,N3,19,124,126,天才,てんさい,名,天才,天才,彼は数学の天才で、どんな難問もすぐに解ける。,彼は数学の天才で、どんな難問もすぐに解ける。,他是数学天才，遇到任何难题都能快速解答出来。,他是数学天才，遇到任何难题都能快速解答出来。,original_book,,使用原书例句与原书中文译文。,True
n3_1958,1958,N3,19,124,126,天井,てんじょう,名,顶棚，天花板,顶棚，天花板,この部屋の天井は高くて開放感がある。,この部屋の天井は高くて開放感がある。,这个房间的天花板很高，让人感觉敞亮、不压抑。,这个房间的天花板很高，让人感觉敞亮、不压抑。,original_book,,使用原书例句与原书中文译文。,True
n3_1959,1959,N3,19,124,126,電子レンジ,でんしレンジ,名,微波炉,微波炉,電子レンジで冷凍食品を温めると便利だ。,電子レンジで冷凍食品を温めると便利だ。,用微波炉加热冷冻食品，这样做很方便。,用微波炉加热冷冻食品，这样做很方便。,original_book,,使用原书例句与原书中文译文。,True
n3_1960,1960,N3,19,124,126,問い合わせ,といあわせ,名,询问，打听，查询,询问，打听，查询,お問い合わせの件、以下のとおりご通知します。,お問い合わせの件、以下のとおりご通知します。,关于您询问的事，告知如下。,关于您询问的事，告知如下。,original_book,,使用原书例句与原书中文译文。,True
n3_1961,1961,N3,19,124,126,問い合わせる,といあわせる,他一,询问，打听,询问，打听,商品について詳しく知りたいので、店舗に問い合わせることにした。,商品について詳しく知りたいので、店舗に問い合わせることにした。,因为想详细地了解产品，便决定咨询门店。,因为想详细地了解产品，便决定咨询门店。,original_book,,使用原书例句与原书中文译文。,True
n3_1962,1962,N3,19,124,126,問う,とう,他五,问；追查，问罪；征询,问；追查，问罪；征询,教授は授業で学生たちに意見を問った。,教授は授業で学生たちに意見を問った。,教授在课堂上询问了学生们的意见。,教授在课堂上询问了学生们的意见。,original_book,,使用原书例句与原书中文译文。,True
n3_1963,1963,N3,19,124,126,同期,どうき,名,同时期；同年级；同步,同时期；同年级；同步,入社同期の友達とランチをした。,入社同期の友達とランチをした。,和同期进公司的朋友吃午饭了。,和同期进公司的朋友吃午饭了。,original_book,,使用原书例句与原书中文译文。,True
n3_1964,1964,N3,19,124,126,丼,どんぶり,名,大碗，海碗；大碗盖饭,大碗，海碗；大碗盖饭,このどんぶりはとても大きいです。,このどんぶりはとても大きいです。,这个碗非常大。,这个碗非常大。,original_book,,使用原书例句与原书中文译文。,True
n3_1965,1965,N3,19,124,126,仲,なか,名,交情，交谊；关系,交情，交谊；关系,二人の少年は親しい仲だ。,二人の少年は親しい仲だ。,两位年轻人是好朋友。,两位年轻人是好朋友。,original_book,,使用原书例句与原书中文译文。,True
n3_1966,1966,N3,19,124,126,人気,にんき,名,人望；人缘，声望,人望；人缘，声望,あの歌手は若者に人気がある。,あの歌手は若者に人気がある。,那个歌手很受年轻人欢迎。,那个歌手很受年轻人欢迎。,original_book,,使用原书例句与原书中文译文。,True
n3_1967,1967,N3,19,124,126,パイロット,パイロット,名,飞行员,飞行员,子供の頃からパイロットになることを夢見ていました。,子供の頃からパイロットになることを夢見ていました。,从小就梦想成为一名飞行员。,从小就梦想成为一名飞行员。,original_book,,使用原书例句与原书中文译文。,True
n3_1968,1968,N3,19,125,127,バケツ,バケツ,名,桶,桶,バケツいっぱいの水を汲んできた。,バケツいっぱいの水を汲んできた。,打来了满满一桶水。,打来了满满一桶水。,original_book,,使用原书例句与原书中文译文。,True
n3_1969,1969,N3,19,125,127,微妙,びみょう,名·形动,微妙,微妙,これとそれとは微妙な点で違っている。,これとそれとは微妙な点で違っている。,这个和那个有微妙的区别。,这个和那个有微妙的区别。,original_book,,使用原书例句与原书中文译文。,True
n3_1970,1970,N3,19,125,127,評価,ひょうか,名·他サ,估价；评价,估价；评价,外見で人を評価するものではない。,外見で人を評価するものではない。,不应该凭外表判断人。,不应该凭外表判断人。,original_book,,使用原书例句与原书中文译文。,True
n3_1971,1971,N3,19,125,127,舞台,ぶたい,名,舞台,舞台,彼女は6歳のとき初めて舞台に出た。,彼女は6歳のとき初めて舞台に出た。,她六岁的时候初次登台。,她六岁的时候初次登台。,original_book,,使用原书例句与原书中文译文。,True
n3_1972,1972,N3,19,125,127,再び,ふたたび,副,再，又，重,再，又，重,再び交渉を開始した。,再び交渉を開始した。,重新开始了交涉。,重新开始了交涉。,original_book,,使用原书例句与原书中文译文。,True
n3_1973,1973,N3,19,125,127,不愉快,ふゆかい,名·形动,不愉快,不愉快,彼の失礼な態度には、本当に不愉快だった。,彼の失礼な態度には、本当に不愉快だった。,他那种不礼貌的态度真的让人不愉快。,他那种不礼貌的态度真的让人不愉快。,original_book,,使用原书例句与原书中文译文。,True
n3_1974,1974,N3,19,125,127,ブランド,ブランド,名,牌子，商标,牌子，商标,彼女は有名なブランドのバッグを持っている。,彼女は有名なブランドのバッグを持っている。,她有名牌包。,她有名牌包。,original_book,,使用原书例句与原书中文译文。,True
n3_1975,1975,N3,19,125,127,振り込み,ふりこみ,名,转账，缴款,转账，缴款,家賃の振り込みは毎月10日までに行う必要がある。,家賃の振り込みは毎月10日までに行う必要がある。,要在每月10日前办理房租转账手续。,要在每月10日前办理房租转账手续。,original_book,,使用原书例句与原书中文译文。,True
n3_1976,1976,N3,19,125,127,振り込む,ふりこむ,他五,撒入；存入，拨入,撒入；存入，拨入,給 料が入ったので、すぐに貯金口座に一部を振り込んだ。,給料が入ったので、すぐに貯金口座に一部を振り込んだ。,工资到了，我马上转了一部分到自己的储蓄账户。,工资到了，我马上转了一部分到自己的储蓄账户。,original_book,,使用原书例句与原书中文译文。,True
n3_1977,1977,N3,19,125,127,牧場,ぼくじょう,名,牧场，牧地,牧场，牧地,牛が牧場で草を食う。,牛が牧場で草を食う。,牛在牧场吃草。,牛在牧场吃草。,original_book,,使用原书例句与原书中文译文。,True
n3_1978,1978,N3,19,125,127,蒸し暑い,むしあつい,形,闷热,闷热,ゆうべは蒸し暑くてよく眠れなかった。,ゆうべは蒸し暑くてよく眠れなかった。,昨晚闷热得让人睡不着觉。,昨晚闷热得让人睡不着觉。,original_book,,使用原书例句与原书中文译文。,True
n3_1979,1979,N3,19,125,127,名人,めいじん,名,名手，名家,名手，名家,あいつは嘘つきの名人だ。,あいつは嘘つきの名人だ。,他是有名的骗子。,他是有名的骗子。,original_book,,使用原书例句与原书中文译文。,True
n3_1980,1980,N3,19,125,127,若しかしたら,もしかしたら,副,或许，可能,或许，可能,もしかしたら行き違いになったのかもしれない。,もしかしたら行き違いになったのかもしれない。,或许是走岔了。,或许是走岔了。,original_book,,使用原书例句与原书中文译文。,True
n3_1981,1981,N3,19,125,127,屋根,やね,名,屋顶，房顶,屋顶，房顶,一つ屋根の下に三世代が同居している。,一つ屋根の下に三世代が同居している。,三代人同住在一个屋檐下。,三代人同住在一个屋檐下。,original_book,,使用原书例句与原书中文译文。,True
n3_1982,1982,N3,19,125,127,緩い,ゆるい,形,松，不紧；缓慢，不急,松，不紧；缓慢，不急,海岸まで緩い勾配になっている。,海岸まで緩い勾配になっている。,缓坡一直延伸到海岸。,缓坡一直延伸到海岸。,original_book,,使用原书例句与原书中文译文。,True
n3_1983,1983,N3,19,125,127,ラップ,ラップ,名,保鲜膜,保鲜膜,野菜をラップする。,野菜をラップする。,将蔬菜用保鲜膜包起来。,将蔬菜用保鲜膜包起来。,original_book,,使用原书例句与原书中文译文。,True
n3_1984,1984,N3,19,125,127,例外,れいがい,名,例外,例外,この夏の暑さは例外だった。,この夏の暑さは例外だった。,这个夏天格外热。,这个夏天格外热。,original_book,,使用原书例句与原书中文译文。,True
n3_1985,1985,N3,19,126,128,レシピ,レシピ,名,烹饪法；食谱,烹饪法；食谱,このレシピでケーキを焼いてみようと思う。,このレシピでケーキを焼いてみようと思う。,我打算按照这个食谱烤蛋糕试试。,我打算按照这个食谱烤蛋糕试试。,original_book,,使用原书例句与原书中文译文。,True
n3_1986,1986,N3,19,126,128,列,れつ,名,排队；队伍,排队；队伍,チケット売り場には長い列ができていた。,チケット売り場には長い列ができていた。,售票处排起了长队。,售票处排起了长队。,original_book,,使用原书例句与原书中文译文。,True
n3_1987,1987,N3,19,126,128,蝋燭,ろうそく,名,蜡烛,蜡烛,停電になって一晩中ろうそくを点していた。,停電になって一晩中ろうそくを点していた。,停电了，一晚上都点着蜡烛。,停电了，一晚上都点着蜡烛。,original_book,,使用原书例句与原书中文译文。,True
n3_1988,1988,N3,20,127,129,飽きる,あきる,自一,够，满足；厌烦，腻烦,够，满足；厌烦，腻烦,この仕事にはもう飽きました。,この仕事にはもう飽きました。,已经厌倦了这份工作。,已经厌倦了这份工作。,original_book,,使用原书例句与原书中文译文。,True
n3_1989,1989,N3,20,127,129,嵐,あらし,名,暴风雨；风暴；风雨,暴风雨；风暴；风雨,昨夜、強い嵐が来て、家の窓がガタガタと音を立てた。,昨夜、強い嵐が来て、家の窓がガタガタと音を立てた。,昨晚，狂风暴雨让家里的窗户发出了咔嗒咔嗒的声音。,昨晚，狂风暴雨让家里的窗户发出了咔嗒咔嗒的声音。,original_book,,使用原书例句与原书中文译文。,True
n3_1990,1990,N3,20,127,129,ありがたい,ありがたい,形,难得，少有；感激,难得，少有；感激,ほんとうにありがたい雨です。,ほんとうにありがたい雨です。,真的是一场及时雨。,真的是一场及时雨。,original_book,,使用原书例句与原书中文译文。,True
n3_1991,1991,N3,20,127,129,アルバム,アルバム,名,相册，照相簿，影集,相册，照相簿，影集,アルバムに写真を保存します。,アルバムに写真を保存します。,把照片保存在相册里。,把照片保存在相册里。,original_book,,使用原书例句与原书中文译文。,True
n3_1992,1992,N3,20,127,129,泡,あわ,名,气泡，泡沫，水花儿,气泡，泡沫，水花儿,シャンプーで髪を洗ったら、たくさんの泡が出た。,シャンプーで髪を洗ったら、たくさんの泡が出た。,用洗发水洗头，揉出了很多泡沫。,用洗发水洗头，揉出了很多泡沫。,original_book,,使用原书例句与原书中文译文。,True
n3_1993,1993,N3,20,127,129,言い争い,いいあらそい,名,口角，争吵，争论,口角，争吵，争论,友達と意見が合わず、言い争いになってしまった。,友達と意見が合わず、言い争いになってしまった。,和朋友意见不合，结果吵起来了。,和朋友意见不合，结果吵起来了。,original_book,,使用原书例句与原书中文译文。,True
n3_1994,1994,N3,20,127,129,言い返す,いいかえす,他五,回嘴，顶嘴，反唇相讥,回嘴，顶嘴，反唇相讥,兄にからかわれたが、すぐに言い返した。,兄にからかわれたが、すぐに言い返した。,哥哥嘲笑我，我立马回了嘴。,哥哥嘲笑我，我立马回了嘴。,original_book,,使用原书例句与原书中文译文。,True
n3_1995,1995,N3,20,127,129,言い直す,いいなおす,他五,重说，改口；换个说法,重说，改口；换个说法,間違えてしまったので、もう一度言い直さなければならない。,間違えてしまったので、もう一度言い直さなければならない。,搞错了，我得重新说一遍。,搞错了，我得重新说一遍。,original_book,,使用原书例句与原书中文译文。,True
n3_1996,1996,N3,20,127,129,いつか,いつか,副,不知什么时候；曾经,不知什么时候；曾经,いつかそのことも忘れてしまいました。,いつかそのことも忘れてしまいました。,不知什么时候连那件事情也忘记了。,不知什么时候连那件事情也忘记了。,original_book,,使用原书例句与原书中文译文。,True
n3_1997,1997,N3,20,127,129,一軒,いっけん,名,一幢房子,一幢房子,この辺には民家は一軒しかありません。,この辺には民家は一軒しかありません。,这附近只有一座民宅。,这附近只有一座民宅。,original_book,,使用原书例句与原书中文译文。,True
n3_1998,1998,N3,20,127,129,一致,いっち,名·自サ,一致；符合,一致；符合,彼女と私はよく意見が一致します。,彼女と私はよく意見が一致します。,她和我经常意见一致。,她和我经常意见一致。,original_book,,使用原书例句与原书中文译文。,True
n3_1999,1999,N3,20,127,129,いよいよ,いよいよ,副,越发；到底，终于,越发；到底，终于,痛みがいよいよひどくなります。,痛みがいよいよひどくなります。,疼痛加剧。,疼痛加剧。,original_book,,使用原书例句与原书中文译文。,True
n3_2000,2000,N3,20,127,129,インフルエンザ,インフルエンザ,名,流行性感冒，流感,流行性感冒，流感,インフルエンザにかかったので、学校を休みました。,インフルエンザにかかったので、学校を休みました。,因为得了流感，所以没去学校。,因为得了流感，所以没去学校。,original_book,,使用原书例句与原书中文译文。,True
n3_2001,2001,N3,20,127,129,打ち合わせ,うちあわせ,名·自サ,事先商量，碰头,事先商量，碰头,明日の商談をスムーズに進めるために相手と打ち合わせをする必要があります。,明日の商談をスムーズに進めるために相手と打ち合わせをする必要があります。,为了促使明天的商谈顺利进行，有必要事先和对方碰个面。,为了促使明天的商谈顺利进行，有必要事先和对方碰个面。,original_book,,使用原书例句与原书中文译文。,True
n3_2002,2002,N3,20,128,130,エアコン,エアコン,名,空调,空调,これは東芝のエアコンのご紹介ページです。,これは東芝のエアコンのご紹介ページです。,这是东芝空调的宣传页。,这是东芝空调的宣传页。,original_book,,使用原书例句与原书中文译文。,True
n3_2003,2003,N3,20,128,130,落ち着く,おちつく,自五,沉着，镇静；稳定,沉着，镇静；稳定,あわてないで落ち着いて話してください。,あわてないで落ち着いて話してください。,不要慌，慢慢讲。,不要慌，慢慢讲。,original_book,,使用原书例句与原书中文译文。,True
n3_2004,2004,N3,20,128,130,オン,オン,名·自他サ,（球）落在线上；开着,（球）落在线上；开着,暑いですから、エアコンをオンのままにしておいてください。,暑いですから、エアコンをオンのままにしておいてください。,太热了，空调就开着吧。,太热了，空调就开着吧。,original_book,,使用原书例句与原书中文译文。,True
n3_2005,2005,N3,20,128,130,解放,かいほう,名·他サ,解放；摆脱,解放；摆脱,やっと1日の家事労働から解放されました。,やっと1日の家事労働から解放されました。,终于从一天的家务劳动中解放出来了。,终于从一天的家务劳动中解放出来了。,original_book,,使用原书例句与原书中文译文。,True
n3_2006,2006,N3,20,128,130,抱える,かかえる,他一,抱；承担，担负,抱；承担，担负,両手に大きなかばんを抱えています。,両手に大きなかばんを抱えています。,双手抱着一个大书包。,双手抱着一个大书包。,original_book,,使用原书例句与原书中文译文。,True
n3_2007,2007,N3,20,128,130,学問,がくもん,名,学问，学识,学问，学识,あの先生は学問が広くて深いです。,あの先生は学問が広くて深いです。,那个老师知识渊博。,那个老师知识渊博。,original_book,,使用原书例句与原书中文译文。,True
n3_2008,2008,N3,20,128,130,剃刀,かみそり,名,剃刀,剃刀,おじいさんは毎日鏡に向かって剃刀で髭を剃ります。,おじいさんは毎日鏡に向かって剃刀で髭を剃ります。,爷爷每天对着镜子用剃刀刮胡子。,爷爷每天对着镜子用剃刀刮胡子。,original_book,,使用原书例句与原书中文译文。,True
n3_2009,2009,N3,20,128,130,からかう,からかう,他五,逗，逗弄；戏弄，调戏,逗，逗弄；戏弄，调戏,体の弱い子供をからかってはいけません。,体の弱い子供をからかってはいけません。,不要戏弄身体弱的孩子。,不要戏弄身体弱的孩子。,original_book,,使用原书例句与原书中文译文。,True
n3_2010,2010,N3,20,128,130,感じ,かんじ,名,感觉，知觉,感觉，知觉,そこはどこか東洋の街のような感じがします。,そこはどこか東洋の街のような感じがします。,那个地方似乎给人一种东洋街市的感觉。,那个地方似乎给人一种东洋街市的感觉。,original_book,,使用原书例句与原书中文译文。,True
n3_2011,2011,N3,20,128,130,吸収,きゅうしゅう,名·他サ,吸收，吸取,吸收，吸取,若者は新しい知識を吸 収するのが早いです。,若者は新しい知識を吸収するのが早いです。,年轻人吸收新知识的速度很快。,年轻人吸收新知识的速度很快。,original_book,,使用原书例句与原书中文译文。,True
n3_2012,2012,N3,20,128,130,救助,きゅうじょ,名·他サ,救助，搭救，拯救,救助，搭救，拯救,救助された無事な姿を見て安心しました。,救助された無事な姿を見て安心しました。,看到他获救后平安无事，我就放心了。,看到他获救后平安无事，我就放心了。,original_book,,使用原书例句与原书中文译文。,True
n3_2013,2013,N3,20,128,130,教科,きょうか,名,教授科目；课程,教授科目；课程,彼は数学が得意で、他の教科もよくできる。,彼は数学が得意で、他の教科もよくできる。,他数学很好，其他科目也不错。,他数学很好，其他科目也不错。,original_book,,使用原书例句与原书中文译文。,True
n3_2014,2014,N3,20,128,130,強調,きょうちょう,名·他サ,强调，极力主张,强调，极力主张,それは特に強 調する価値があります。,それは特に強調する価値があります。,值得特别强调一下。,值得特别强调一下。,original_book,,使用原书例句与原书中文译文。,True
n3_2015,2015,N3,20,128,130,強風,きょうふう,名,强风，大风,强风，大风,今日は強風で、傘をさすのが大変だった。,今日は強風で、傘をさすのが大変だった。,今天刮大风，打伞打得很吃力。,今天刮大风，打伞打得很吃力。,original_book,,使用原书例句与原书中文译文。,True
n3_2016,2016,N3,20,128,130,強力,きょうりょく,名·形动,强有力，力量大，强大，威力大,强有力，力量大，强大，威力大,この洗剤は汚れを落とす強 力な成分が含まれている。,この洗剤は汚れを落とす強力な成分が含まれている。,这种清洁剂含有强力去除污垢的成分。,这种清洁剂含有强力去除污垢的成分。,original_book,,使用原书例句与原书中文译文。,True
n3_2017,2017,N3,20,128,130,金額,きんがく,名,金额，款额，钱数,金额，款额，钱数,購入に必要な金額を知らせてください。,購入に必要な金額を知らせてください。,请您告诉我购买（这些）所需的金额。,请您告诉我购买（这些）所需的金额。,original_book,,使用原书例句与原书中文译文。,True
n3_2018,2018,N3,20,128,130,金銭,きんせん,名,金钱，钱财，钱款,金钱，钱财，钱款,その人は金銭に細かい人です。,その人は金銭に細かい人です。,那个人对钱抠得很细。,那个人对钱抠得很细。,original_book,,使用原书例句与原书中文译文。,True
n3_2019,2019,N3,20,128,130,具体,ぐたい,名,具体,具体,具体例をあげて説明してください。,具体例をあげて説明してください。,请举出具体事例说明。,请举出具体事例说明。,original_book,,使用原书例句与原书中文译文。,True
n3_2020,2020,N3,20,128,130,区別,くべつ,名·他サ,区别，差异,区别，差异,よく似ているので、ちょっと区別できません。,よく似ているので、ちょっと区別できません。,很相似，所以无法区分。,很相似，所以无法区分。,original_book,,使用原书例句与原书中文译文。,True
n3_2021,2021,N3,20,129,131,苦しむ,くるしむ,自五,感到痛苦，感到难受,感到痛苦，感到难受,彼はずいぶん試験勉強に苦しんでいます。,彼はずいぶん試験勉強に苦しんでいます。,他忙于备考，很痛苦。,他忙于备考，很痛苦。,original_book,,使用原书例句与原书中文译文。,True
n3_2022,2022,N3,20,129,131,下駄,げた,名,木屐,木屐,下駄を履いて歩く音が嫌です。,下駄を履いて歩く音が嫌です。,不喜欢穿着木屐走路的声音。,不喜欢穿着木屐走路的声音。,original_book,,使用原书例句与原书中文译文。,True
n3_2023,2023,N3,20,129,131,検査,けんさ,名·他サ,检查；检验,检查；检验,病院へ血液を検査しに行きます。,病院へ血液を検査しに行きます。,去医院验血。,去医院验血。,original_book,,使用原书例句与原书中文译文。,True
n3_2024,2024,N3,20,129,131,検討,けんとう,名·他サ,探讨，研究,探讨，研究,この企画についてさらに検討する必要があります。,この企画についてさらに検討する必要があります。,有必要重新评估这份策划案。,有必要重新评估这份策划案。,original_book,,使用原书例句与原书中文译文。,True
n3_2025,2025,N3,20,129,131,交流,こうりゅう,名·自サ,交流；往来,交流；往来,中国と日本の間で文化の交流が盛んに行われています。,中国と日本の間で文化の交流が盛んに行われています。,中日两国间进行着密切的文化交流。,中日两国间进行着密切的文化交流。,original_book,,使用原书例句与原书中文译文。,True
n3_2026,2026,N3,20,129,131,国境,こっきょう,名,国境，边境,国境，边境,芸術に国境はありません。,芸術に国境はありません。,艺术无国界。,艺术无国界。,original_book,,使用原书例句与原书中文译文。,True
n3_2027,2027,N3,20,129,131,困難,こんなん,名·形动,困难,困难,その問題を解決するのは困難です。,その問題を解決するのは困難です。,解决那个问题有困难。,解决那个问题有困难。,original_book,,使用原书例句与原书中文译文。,True
n3_2028,2028,N3,20,129,131,騒がしい,さわがしい,形,吵闹的,吵闹的,周りが騒がしくてよく聞こえない。,周りが騒がしくてよく聞こえない。,周围很吵闹，听不清楚。,周围很吵闹，听不清楚。,original_book,,使用原书例句与原书中文译文。,True
n3_2029,2029,N3,20,129,131,自家用車,じかようしゃ,名,私人汽车，私家车,私人汽车，私家车,自分の家のために使用する自動車は自家用車です。,自分の家のために使用する自動車は自家用車です。,自家使用的车称为私家车。,自家使用的车称为私家车。,original_book,,使用原书例句与原书中文译文。,True
n3_2030,2030,N3,20,129,131,質,しつ,名,内容；实质；性质；品质，质量,内容；实质；性质；品质，质量,研究成果を評価する際には、量より質が大切だと考えています。,研究成果を評価する際には、量より質が大切だと考えています。,我认为在评估研究成果时，质量比数量重要。,我认为在评估研究成果时，质量比数量重要。,original_book,,使用原书例句与原书中文译文。,True
n3_2031,2031,N3,20,129,131,失業,しつぎょう,名·自サ,失业,失业,会社がつぶれて彼は失業しました。,会社がつぶれて彼は失業しました。,公司倒闭，他失业了。,公司倒闭，他失业了。,original_book,,使用原书例句与原书中文译文。,True
n3_2032,2032,N3,20,129,131,実験,じっけん,名·他サ,实验；体验,实验；体验,実験によって証明します。,実験によって証明します。,用实验证明。,用实验证明。,original_book,,使用原书例句与原书中文译文。,True
n3_2033,2033,N3,20,129,131,死亡,しぼう,名·自サ,死，死亡,死，死亡,祖父は昨日死亡しました。,祖父は昨日死亡しました。,祖父昨天去世了。,祖父昨天去世了。,original_book,,使用原书例句与原书中文译文。,True
n3_2034,2034,N3,20,129,131,しまった,しまった,感,糟糕，糟了,糟糕，糟了,しまった、傘を持ってくるのを忘れました。,しまった、傘を持ってくるのを忘れました。,糟糕！忘记带伞了。,糟糕！忘记带伞了。,original_book,,使用原书例句与原书中文译文。,True
n3_2035,2035,N3,20,129,131,縞模様,しまもよう,名,条纹,条纹,彼女の着ているスカートには、黒と白の縞模様がある。,彼女の着ているスカートには、黒と白の縞模様がある。,她穿的短裙上有黑色和白色的条纹图案。,她穿的短裙上有黑色和白色的条纹图案。,original_book,,使用原书例句与原书中文译文。,True
n3_2036,2036,N3,20,129,131,示す,しめす,他五,出示；表示；指示,出示；表示；指示,数字を示して説得します。,数字を示して説得します。,用数字说服对方。,用数字说服对方。,original_book,,使用原书例句与原书中文译文。,True
n3_2037,2037,N3,20,129,131,湿る,しめる,自五,湿；火熄灭,湿；火熄灭,朝露で草が湿っていた。,朝露で草が湿っていた。,清晨的露水把草弄湿了。,清晨的露水把草弄湿了。,original_book,,使用原书例句与原书中文译文。,True
n3_2038,2038,N3,20,129,131,社会人,しゃかいじん,名,社会成员,社会成员,来年、大学を卒業したら、社会人として働く予定だ。,来年、大学を卒業したら、社会人として働く予定だ。,打算明年大学毕业后工作，迈入社会。,打算明年大学毕业后工作，迈入社会。,original_book,,使用原书例句与原书中文译文。,True
n3_2039,2039,N3,20,129,131,シャッター,シャッター,名,百叶门窗；（相机）快门,百叶门窗；（相机）快门,店の表戸は自動シャッター式にしてある。,店の表戸は自動シャッター式にしてある。,店铺的外层大门是自动百叶门。,店铺的外层大门是自动百叶门。,original_book,,使用原书例句与原书中文译文。,True
n3_2040,2040,N3,20,129,131,車輪,しゃりん,名,车轮,车轮,前の車輪が外れました。,前の車輪が外れました。,前车轮脱落了。,前车轮脱落了。,original_book,,使用原书例句与原书中文译文。,True
n3_2041,2041,N3,20,129,131,じゃんけん,じゃんけん,名,猜拳，划拳,猜拳，划拳,じゃんけんで試合の先攻を決めます。,じゃんけんで試合の先攻を決めます。,猜拳决定比赛的先手。,猜拳决定比赛的先手。,original_book,,使用原书例句与原书中文译文。,True
n3_2042,2042,N3,20,130,132,州,しゅう,名,州,州,ハワイは1959年に州になりました。,ハワイは1959年に州になりました。,夏威夷于1959年成为美国的一个州。,夏威夷于1959年成为美国的一个州。,original_book,,使用原书例句与原书中文译文。,True
n3_2043,2043,N3,20,130,132,集,しゅう,名·接尾,（诗歌等）集,（诗歌等）集,これは有名な作家の詩集です。,これは有名な作家の詩集です。,这是著名作家的诗集。,这是著名作家的诗集。,original_book,,使用原书例句与原书中文译文。,True
n3_2044,2044,N3,20,130,132,周囲,しゅうい,名,周围，四周,周围，四周,池の周囲を散歩します。,池の周囲を散歩します。,在池塘周围散步。,在池塘周围散步。,original_book,,使用原书例句与原书中文译文。,True
n3_2045,2045,N3,20,130,132,職業,しょくぎょう,名,职业,职业,彼の職 業は弁護士です。,彼の職業は弁護士です。,他的职业是律师。,他的职业是律师。,original_book,,使用原书例句与原书中文译文。,True
n3_2046,2046,N3,20,130,132,食卓,しょくたく,名,饭桌，餐桌,饭桌，餐桌,食卓を共にします。,食卓を共にします。,同桌用餐。,同桌用餐。,original_book,,使用原书例句与原书中文译文。,True
n3_2047,2047,N3,20,130,132,職場,しょくば,名,工作单位；工作岗位,工作单位；工作岗位,職場まで歩いて通います。,職場まで歩いて通います。,走路上下班。,走路上下班。,original_book,,使用原书例句与原书中文译文。,True
n3_2048,2048,N3,20,130,132,食費,しょくひ,名,伙食费，饭费,伙食费，饭费,食費はいくら払っていますか。,食費はいくら払っていますか。,花了多少饭费？,花了多少饭费？,original_book,,使用原书例句与原书中文译文。,True
n3_2049,2049,N3,20,130,132,全て,すべて,名·副,全部,全部,すべての人が賛成した。,すべての人が賛成した。,所有人都赞同。,所有人都赞同。,original_book,,使用原书例句与原书中文译文。,True
n3_2050,2050,N3,20,130,132,スムーズ,スムーズ,形动,顺利，圆满；光滑，流畅，顺畅,顺利，圆满；光滑，流畅，顺畅,問題はスムーズに収まった。,問題はスムーズに収まった。,顺利地解决了问题。,顺利地解决了问题。,original_book,,使用原书例句与原书中文译文。,True
n3_2051,2051,N3,20,130,132,ずらり,ずらり,副,一大排，成排,一大排，成排,自動車が道に沿ってずらりと並んでいる。,自動車が道に沿ってずらりと並んでいる。,汽车沿着公路排成一列。,汽车沿着公路排成一列。,original_book,,使用原书例句与原书中文译文。,True
n3_2052,2052,N3,20,130,132,青年,せいねん,名,青年,青年,彼はたくましい青年だ。,彼はたくましい青年だ。,他是一个健壮的青年。,他是一个健壮的青年。,original_book,,使用原书例句与原书中文译文。,True
n3_2053,2053,N3,20,130,132,政府,せいふ,名,政府,政府,その国の政府は、新しい環境政策を発表した。,その国の政府は、新しい環境政策を発表した。,该国政府宣布了新的环境政策。,该国政府宣布了新的环境政策。,original_book,,使用原书例句与原书中文译文。,True
n3_2054,2054,N3,20,130,132,設備,せつび,名·他サ,设备,设备,防火設備を入室検査する知らせが掲示板に張っている。,防火設備を入室検査する知らせが掲示板に張っている。,贴着的通知上说要入室检查防火设备。,贴着的通知上说要入室检查防火设备。,original_book,,使用原书例句与原书中文译文。,True
n3_2055,2055,N3,20,130,132,責める,せめる,他一,非难,非难,みんなは集まって、彼の無責任な行為を責めている。,みんなは集まって、彼の無責任な行為を責めている。,大家聚集起来声讨他不负责任的行为。,大家聚集起来声讨他不负责任的行为。,original_book,,使用原书例句与原书中文译文。,True
n3_2056,2056,N3,20,130,132,先々週,せんせんしゅう,名,上上个星期,上上个星期,先々週日本の友達が北京へ観光に来た。,先々週日本の友達が北京へ観光に来た。,上上个星期，日本的朋友来北京观光。,上上个星期，日本的朋友来北京观光。,original_book,,使用原书例句与原书中文译文。,True
n3_2057,2057,N3,20,130,132,騒々しい,そうぞうしい,形,吵闹，嘈杂，喧嚣,吵闹，嘈杂，喧嚣,室内が騒々しく、勉強できない。,室内が騒々しく、勉強できない。,屋子里很吵，无法学习。,屋子里很吵，无法学习。,original_book,,使用原书例句与原书中文译文。,True
n3_2058,2058,N3,20,130,132,存在,そんざい,名·自サ,存在,存在,彼は歴史上 最も重要な存在のひとりである。,彼は歴史上最も重要な存在のひとりである。,他是历史上最重要的人物之一。,他是历史上最重要的人物之一。,original_book,,使用原书例句与原书中文译文。,True
n3_2059,2059,N3,20,130,132,尊重,そんちょう,名·他サ,尊重,尊重,他人の意見は尊重すべきである。,他人の意見は尊重すべきである。,要尊重别人的意见。,要尊重别人的意见。,original_book,,使用原书例句与原书中文译文。,True
n3_2060,2060,N3,20,130,132,ダイエット,ダイエット,名·自サ,减肥,减肥,ダイエット食品を食べて、体重を落とす。,ダイエット食品を食べて、体重を落とす。,通过吃减肥食品减重。,通过吃减肥食品减重。,original_book,,使用原书例句与原书中文译文。,True
n3_2061,2061,N3,20,130,132,多少,たしょう,名·副,多少，多寡；稍微，有点儿,多少，多寡；稍微，有点儿,君もその件については多少責任がある。,君もその件については多少責任がある。,那件事情你多少也有责任。,那件事情你多少也有责任。,original_book,,使用原书例句与原书中文译文。,True
n3_2062,2062,N3,20,131,133,だって,だって,接续,因为；但是，可是；就连……也；即便……也；据说,因为；但是，可是；就连……也；即便……也；据说,A：なぜ遅刻した？B：だって、ストライキで電車が来ないんですもの。,A：なぜ遅刻した？B：だって、ストライキで電車が来ないんですもの。,为什么迟到？因为罢工，没有电车啊。,为什么迟到？因为罢工，没有电车啊。,original_book,,使用原书例句与原书中文译文。,True
n3_2063,2063,N3,20,131,133,男子,だんし,名,男子，男儿；男性，男子汉,男子，男儿；男性，男子汉,ここは女子学生の着替え室だから、男子禁止だ。,ここは女子学生の着替え室だから、男子禁止だ。,这里是女生的更衣室，男生止步。,这里是女生的更衣室，男生止步。,original_book,,使用原书例句与原书中文译文。,True
n3_2064,2064,N3,20,131,133,抵抗,ていこう,名·自サ,抵抗，抗拒；反抗,抵抗，抗拒；反抗,大手資本の進出に地元の商店会が抵抗する。,大手資本の進出に地元の商店会が抵抗する。,当地商店协会抵制大资本的进入。,当地商店协会抵制大资本的进入。,original_book,,使用原书例句与原书中文译文。,True
n3_2065,2065,N3,20,131,133,手続,てつづき,名,手续,手续,そんな面倒な手続きをやめにしよう。,そんな面倒な手続きをやめにしよう。,取消那些烦琐的手续吧。,取消那些烦琐的手续吧。,original_book,,使用原书例句与原书中文译文。,True
n3_2066,2066,N3,20,131,133,デビュー,デビュー,名·自サ,初次登台，初出茅庐,初次登台，初出茅庐,彼は新人賞を取って華々しい文壇にデビューした。,彼は新人賞を取って華々しい文壇にデビューした。,他获得新人奖，华丽地登上了文坛。,他获得新人奖，华丽地登上了文坛。,original_book,,使用原书例句与原书中文译文。,True
n3_2067,2067,N3,20,131,133,デモ,デモ,名,抗议，示威,抗议，示威,デモを行う。,デモを行う。,举行示威。,举行示威。,original_book,,使用原书例句与原书中文译文。,True
n3_2068,2068,N3,20,131,133,電池,でんち,名,电池,电池,電池を取り替える。,電池を取り替える。,更换电池。,更换电池。,original_book,,使用原书例句与原书中文译文。,True
n3_2069,2069,N3,20,131,133,添付,てんぷ,名·他サ,添上,添上,レポートのデータをメールに添付して送った。,レポートのデータをメールに添付して送った。,把报告的数据作为邮件附件发送了。,把报告的数据作为邮件附件发送了。,original_book,,使用原书例句与原书中文译文。,True
n3_2070,2070,N3,20,131,133,倒産,とうさん,名·自サ,破产，倒闭,破产，倒闭,経済危機で多くの会社が倒産した。,経済危機で多くの会社が倒産した。,经济危机导致很多公司倒闭了。,经济危机导致很多公司倒闭了。,original_book,,使用原书例句与原书中文译文。,True
n3_2071,2071,N3,20,131,133,到着,とうちゃく,名·自サ,抵达,抵达,到着したらすぐに連絡してください。,到着したらすぐに連絡してください。,请在抵达后马上联系（我）。,请在抵达后马上联系（我）。,original_book,,使用原书例句与原书中文译文。,True
n3_2072,2072,N3,20,131,133,登録,とうろく,名·他サ,登记，注册,登记，注册,新しいコースを取るために、学生ポータルで登録を行った。,新しいコースを取るために、学生ポータルで登録を行った。,为了修新的课程，我在学生门户网站上登记了。,为了修新的课程，我在学生门户网站上登记了。,original_book,,使用原书例句与原书中文译文。,True
n3_2073,2073,N3,20,131,133,遠回り,とおまわり,名·自サ,绕远路；拐弯抹角,绕远路；拐弯抹角,工事のために遠回りをして学校に行った。,工事のために遠回りをして学校に行った。,因为施工，我绕远路去了学校。,因为施工，我绕远路去了学校。,original_book,,使用原书例句与原书中文译文。,True
n3_2074,2074,N3,20,131,133,伴う,ともなう,自他五,伴随；带领；相称，相配,伴随；带领；相称，相配,その手術には多少の危険が伴う。,その手術には多少の危険が伴う。,做那个手术有一点儿危险。,做那个手术有一点儿危险。,original_book,,使用原书例句与原书中文译文。,True
n3_2075,2075,N3,20,131,133,ドラマ,ドラマ,名,戏剧，戏曲；剧,戏剧，戏曲；剧,毎週土曜日の夜、私たち家族は一緒に日本のドラマを見るのが楽しみです。,毎週土曜日の夜、私たち家族は一緒に日本のドラマを見るのが楽しみです。,我们全家人都很期待每周六晚上一起看日剧。,我们全家人都很期待每周六晚上一起看日剧。,original_book,,使用原书例句与原书中文译文。,True
n3_2076,2076,N3,20,131,133,トランク,トランク,名,手提箱，皮箱；行李箱,手提箱，皮箱；行李箱,衣服をトランクにつめる。,衣服をトランクにつめる。,将衣服塞进行李箱。,将衣服塞进行李箱。,original_book,,使用原书例句与原书中文译文。,True
n3_2077,2077,N3,20,131,133,トンネル,トンネル,名,隧道,隧道,山にトンネルを掘る。,山にトンネルを掘る。,在山中挖隧道。,在山中挖隧道。,original_book,,使用原书例句与原书中文译文。,True
n3_2078,2078,N3,20,131,133,中身·中味,なかみ,名,内容；装在其中的东西,内容；装在其中的东西,中身の薄い話だった。,中身の薄い話だった。,没有深度的话语。,没有深度的话语。,original_book,,使用原书例句与原书中文译文。,True
n3_2079,2079,N3,20,131,133,年代,ねんだい,名,年代，时代,年代，时代,彼と話した時に年代の差を感じた。,彼と話した時に年代の差を感じた。,和他谈话时感觉到了年龄的差距。,和他谈话时感觉到了年龄的差距。,original_book,,使用原书例句与原书中文译文。,True
n3_2080,2080,N3,20,132,134,覗く,のぞく,自他五,露出；窥视，探视,露出；窥视，探视,部屋を覗く。,部屋を覗く。,窥视房间。,窥视房间。,original_book,,使用原书例句与原书中文译文。,True
n3_2081,2081,N3,20,132,134,売買,ばいばい,名·他サ,买卖；交易,买卖；交易,不動産の売買をしている。,不動産の売買をしている。,买卖房地产。,买卖房地产。,original_book,,使用原书例句与原书中文译文。,True
n3_2082,2082,N3,20,132,134,掃く,はく,他五,扫，打扫,扫，打扫,歩道を掃く。,歩道を掃く。,打扫道路。,打扫道路。,original_book,,使用原书例句与原书中文译文。,True
n3_2083,2083,N3,20,132,134,果たして,はたして,副,果然，果真,果然，果真,果たして彼女は独身だった。,果たして彼女は独身だった。,她果然是单身。,她果然是单身。,original_book,,使用原书例句与原书中文译文。,True
n3_2084,2084,N3,20,132,134,反映,はんえい,名·自他サ,反射；反映,反射；反映,川に月の光が反映している。,川に月の光が反映している。,月光映在水面上。,月光映在水面上。,original_book,,使用原书例句与原书中文译文。,True
n3_2085,2085,N3,20,132,134,犯人,はんにん,名,犯人，罪犯,犯人，罪犯,だれが犯人か分からない。,だれが犯人か分からない。,不知道谁是罪犯。,不知道谁是罪犯。,original_book,,使用原书例句与原书中文译文。,True
n3_2086,2086,N3,20,132,134,半分,はんぶん,名,一半，二分之一,一半，二分之一,宿題はまだ半分しかできていない。,宿題はまだ半分しかできていない。,作业只做了一半。,作业只做了一半。,original_book,,使用原书例句与原书中文译文。,True
n3_2087,2087,N3,20,132,134,引き算,ひきざん,名,减法,减法,23から15を引き算しなさい。,23から15を引き算しなさい。,请计算23减15。,请计算23减15。,original_book,,使用原书例句与原书中文译文。,True
n3_2088,2088,N3,20,132,134,秘密,ひみつ,名,秘密，机密,秘密，机密,秘密を漏らす。,秘密を漏らす。,泄露秘密。,泄露秘密。,original_book,,使用原书例句与原书中文译文。,True
n3_2089,2089,N3,20,132,134,不満,ふまん,名·形动,不满，不满足，不满意,不满，不满足，不满意,彼が度々海外出 張するのが妻の不満の種だった。,彼が度々海外出張するのが妻の不満の種だった。,他经常去海外出差是妻子不满的根由。,他经常去海外出差是妻子不满的根由。,original_book,,使用原书例句与原书中文译文。,True
n3_2090,2090,N3,20,132,134,冬日,ふゆび,名,冬日，冬天的阳光,冬日，冬天的阳光,冬日の暖かい日差しは、とても心地よい。,冬日の暖かい日差しは、とても心地よい。,冬日暖阳让人感觉很舒服。,冬日暖阳让人感觉很舒服。,original_book,,使用原书例句与原书中文译文。,True
n3_2091,2091,N3,20,132,134,冬物,ふゆもの,名,冬季用品，冬季服装,冬季用品，冬季服装,寒くなってきたので、冬物のコートを出した。,寒くなってきたので、冬物のコートを出した。,天气越来越冷了，我把冬季大衣拿了出来。,天气越来越冷了，我把冬季大衣拿了出来。,original_book,,使用原书例句与原书中文译文。,True
n3_2092,2092,N3,20,132,134,不利,ふり,名·形动,不利,不利,試合の形勢は我々に不利だった。,試合の形勢は我々に不利だった。,比赛形势对我们很不利。,比赛形势对我们很不利。,original_book,,使用原书例句与原书中文译文。,True
n3_2093,2093,N3,20,132,134,振り向く,ふりむく,自五,回头，回顾,回头，回顾,名前を呼ばれて振り向いたら、昔の友達だった。,名前を呼ばれて振り向いたら、昔の友達だった。,有人叫我，我转头一看，原来是以前的朋友。,有人叫我，我转头一看，原来是以前的朋友。,original_book,,使用原书例句与原书中文译文。,True
n3_2094,2094,N3,20,132,134,古着,ふるぎ,名,旧衣服,旧衣服,この古着屋では、ユニークなアイテムが見つかることがある。,この古着屋では、ユニークなアイテムが見つかることがある。,在这家旧衣店里，有时能找到一些独特的单品。,在这家旧衣店里，有时能找到一些独特的单品。,original_book,,使用原书例句与原书中文译文。,True
n3_2095,2095,N3,20,132,134,プレッシャー,プレッシャー,名,压力,压力,試験のプレッシャーで、最近あまり眠れていない。,試験のプレッシャーで、最近あまり眠れていない。,考试的压力让我最近都睡得不太好。,考试的压力让我最近都睡得不太好。,original_book,,使用原书例句与原书中文译文。,True
n3_2096,2096,N3,20,132,134,プロ,プロ,名,专业（的），职业,专业（的），职业,彼はサッカーでプロを目指している。,彼はサッカーでプロを目指している。,他正努力成为足球职业选手。,他正努力成为足球职业选手。,original_book,,使用原书例句与原书中文译文。,True
n3_2097,2097,N3,20,132,134,ブログ,ブログ,名,博客,博客,彼は毎日の出来事をブログに書いている。,彼は毎日の出来事をブログに書いている。,他把每天发生的事情写在博客上。,他把每天发生的事情写在博客上。,original_book,,使用原书例句与原书中文译文。,True
n3_2098,2098,N3,20,132,134,平均,へいきん,名·自他サ,平均，平均值,平均，平均值,彼らは平均して1か月に12日しか働かない。,彼らは平均して1か月に12日しか働かない。,他们平均一个月只工作12天。,他们平均一个月只工作12天。,original_book,,使用原书例句与原书中文译文。,True
n3_2099,2099,N3,20,133,135,方面,ほうめん,名,方面；领域,方面；领域,どの方面に爆発の音が聞こえたのですか。,どの方面に爆発の音が聞こえたのですか。,听到哪个区域传来了爆炸声？,听到哪个区域传来了爆炸声？,original_book,,使用原书例句与原书中文译文。,True
n3_2100,2100,N3,20,133,135,頬,ほほ・ほお,名,脸颊，脸蛋,脸颊，脸蛋,おいしくて頬が落ちそうだった。,おいしくて頬が落ちそうだった。,好吃得不得了。,好吃得不得了。,original_book,,使用原书例句与原书中文译文。,True
n3_2101,2101,N3,20,133,135,任せる,まかせる,他一,委托，托付，交给；听任，任凭,委托，托付，交给；听任，任凭,あの男にはこの仕事は任せられない。,あの男にはこの仕事は任せられない。,不能把工作交给他。,不能把工作交给他。,original_book,,使用原书例句与原书中文译文。,True
n3_2102,2102,N3,20,133,135,見上げる,みあげる,他一,仰视，抬头看，向上看,仰视，抬头看，向上看,空を見上げる少女の瞳に映る世界を描いてくれた小説です。,空を見上げる少女の瞳に映る世界を描いてくれた小説です。,这部小说描写了仰望天空的少女眼中的世界。,这部小说描写了仰望天空的少女眼中的世界。,original_book,,使用原书例句与原书中文译文。,True
n3_2103,2103,N3,20,133,135,見送る,みおくる,他五,目送；送行，送别；搁置，暂缓考虑,目送；送行，送别；搁置，暂缓考虑,込んでいたのでバスを1台見送った。,込んでいたのでバスを1台見送った。,因为这辆公交车上乘客太多，所以没上车，等下一辆。,因为这辆公交车上乘客太多，所以没上车，等下一辆。,original_book,,使用原书例句与原书中文译文。,True
n3_2104,2104,N3,20,133,135,迷惑,めいわく,名·形动·自サ,麻烦，烦扰，为难，打搅,麻烦，烦扰，为难，打搅,ご迷惑をおかけして申し訳ありませんが、彼に伝言をお願いします。,ご迷惑をおかけして申し訳ありませんが、彼に伝言をお願いします。,麻烦您帮我向他传个信儿。,麻烦您帮我向他传个信儿。,original_book,,使用原书例句与原书中文译文。,True
n3_2105,2105,N3,20,133,135,メッセージ,メッセージ,名,通信，消息，音信，口信；致辞,通信，消息，音信，口信；致辞,社長からのメッセージをお伝えします。,社長からのメッセージをお伝えします。,向您转达总经理的口信。,向您转达总经理的口信。,original_book,,使用原书例句与原书中文译文。,True
n3_2106,2106,N3,20,133,135,モダン,モダン,形动,现代，近代，新式；时髦，流行,现代，近代，新式；时髦，流行,当時としてはモダンな服装でした。,当時としてはモダンな服装でした。,在当时是很时髦的衣服。,在当时是很时髦的衣服。,original_book,,使用原书例句与原书中文译文。,True
n3_2107,2107,N3,20,133,135,ゆったり,ゆったり,副·自サ,宽敞，舒适；舒畅,宽敞，舒适；舒畅,伯父と一緒にいると気持ちがゆったりする。,伯父と一緒にいると気持ちがゆったりする。,和伯父在一起时心情很舒畅。,和伯父在一起时心情很舒畅。,original_book,,使用原书例句与原书中文译文。,True
n3_2108,2108,N3,20,133,135,予防,よぼう,名·他サ,预防,预防,子供が風邪をひかないように予防する。,子供が風邪をひかないように予防する。,预防孩子感冒。,预防孩子感冒。,original_book,,使用原书例句与原书中文译文。,True
n3_2109,2109,N3,20,133,135,量,りょう,名,分量，数量,分量，数量,酒も量を過ごすと害になる。,酒も量を過ごすと害になる。,饮酒过量有害健康。,饮酒过量有害健康。,original_book,,使用原书例句与原书中文译文。,True
n3_2110,2110,N3,20,133,135,レジ袋,レジぶくろ,名,购物袋，塑料袋,购物袋，塑料袋,スーパーでの買い物時には、自分のレジ袋を持参するようにしている。,スーパーでの買い物時には、自分のレジ袋を持参するようにしている。,在超市购物时，我尽量带上自己的购物袋。,在超市购物时，我尽量带上自己的购物袋。,original_book,,使用原书例句与原书中文译文。,True
n3_2111,2111,N3,20,133,135,レディース,レディース,名,女士,女士,この店はレディース服の種類が豊富で、選ぶのが楽しい。,この店はレディース服の種類が豊富で、選ぶのが楽しい。,这家店女装种类丰富，让我挑选得很开心。,这家店女装种类丰富，让我挑选得很开心。,original_book,,使用原书例句与原书中文译文。,True
n3_2112,2112,N3,20,133,135,レントゲン,レントゲン,名,X光线,X光线,患者の胸にレントゲンをかける。,患者の胸にレントゲンをかける。,给患者照胸部X光。,给患者照胸部X光。,original_book,,使用原书例句与原书中文译文。,True
n3_2113,2113,N3,20,134,136,話題,わだい,名,话题,话题,その事件で彼は大分話題を撒いた。,その事件で彼は大分話題を撒いた。,在那个事件中，他引发了很多话题。,在那个事件中，他引发了很多话题。,original_book,,使用原书例句与原书中文译文。,True
n3_2114,2114,N3,21,135,137,預かる,あずかる,他五,收存，保管；担任，管理,收存，保管；担任，管理,お荷物は私が預かります。,お荷物は私が預かります。,您的行李暂由我保管。,您的行李暂由我保管。,original_book,,使用原书例句与原书中文译文。,True
n3_2115,2115,N3,21,135,137,汗,あせ,名,汗,汗,汗を出して風邪を治します。,汗を出して風邪を治します。,发汗治感冒。,发汗治感冒。,original_book,,使用原书例句与原书中文译文。,True
n3_2116,2116,N3,21,135,137,表す,あらわす,他五,表现，表达,表现，表达,それをどういって表してよいか分かりません。,それをどういって表してよいか分かりません。,真不知道那该如何表达。,真不知道那该如何表达。,original_book,,使用原书例句与原书中文译文。,True
n3_2117,2117,N3,21,135,137,居酒屋,いざかや,名,居酒屋，小酒馆,居酒屋，小酒馆,金曜日の夜は、友達と居酒屋で食事を楽しんだ。,金曜日の夜は、友達と居酒屋で食事を楽しんだ。,周五晚上，我和朋友在小酒馆愉快地吃了一顿饭。,周五晚上，我和朋友在小酒馆愉快地吃了一顿饭。,original_book,,使用原书例句与原书中文译文。,True
n3_2118,2118,N3,21,135,137,異常,いじょう,名·形动,异常，非常，不寻常，反常,异常，非常，不寻常，反常,このパソコンは起動時に異常があるみたい。修理に出さないと。,このパソコンは起動時に異常があるみたい。修理に出さないと。,这台电脑好像启动时异常，得送去修理了。,这台电脑好像启动时异常，得送去修理了。,original_book,,使用原书例句与原书中文译文。,True
n3_2119,2119,N3,21,135,137,イスラム教,イスラムきょう,名,伊斯兰教,伊斯兰教,世界史の授業でイスラム教について学んだ。,世界史の授業でイスラム教について学んだ。,在世界历史课上学习了伊斯兰教的相关知识。,在世界历史课上学习了伊斯兰教的相关知识。,original_book,,使用原书例句与原书中文译文。,True
n3_2120,2120,N3,21,135,137,営業,えいぎょう,名·他サ,营业,营业,営業を妨害する。,営業を妨害する。,妨碍正常营业。,妨碍正常营业。,original_book,,使用原书例句与原书中文译文。,True
n3_2121,2121,N3,21,135,137,鬼,おに,名,魔鬼，鬼怪,魔鬼，鬼怪,節分の日には、お父さんが鬼の面をかぶって、私たちに豆を投げてくれます。,節分の日には、お父さんが鬼の面をかぶって、私たちに豆を投げてくれます。,在立春那天，爸爸戴上鬼面具，向我们扔豆子。,在立春那天，爸爸戴上鬼面具，向我们扔豆子。,original_book,,使用原书例句与原书中文译文。,True
n3_2122,2122,N3,21,135,137,温泉,おんせん,名,温泉,温泉,冬休みには、家族で山にある温泉に行って、寒い日に温まります。,冬休みには、家族で山にある温泉に行って、寒い日に温まります。,寒假，我们全家去山中泡温泉，在寒冷的日子里享受暖意。,寒假，我们全家去山中泡温泉，在寒冷的日子里享受暖意。,original_book,,使用原书例句与原书中文译文。,True
n3_2123,2123,N3,21,135,137,架かる,かかる,自五,架设，安装,架设，安装,この川には橋が三つ架かっています。,この川には橋が三つ架かっています。,这条河上架有三座桥。,这条河上架有三座桥。,original_book,,使用原书例句与原书中文译文。,True
n3_2124,2124,N3,21,135,137,過去,かこ,名,过去，既往,过去，既往,それも今は過去のものになってしまいました。,それも今は過去のものになってしまいました。,那也已经成为过去。,那也已经成为过去。,original_book,,使用原书例句与原书中文译文。,True
n3_2125,2125,N3,21,135,137,価値,かち,名,价值,价值,この本は一読の価値があります。,この本は一読の価値があります。,这本书值得一读。,这本书值得一读。,original_book,,使用原书例句与原书中文译文。,True
n3_2126,2126,N3,21,135,137,活動,かつどう,名·自サ,活动,活动,水泳はほとんど全身の筋肉を活動させます。,水泳はほとんど全身の筋肉を活動させます。,游泳可以活动全身的肌肉。,游泳可以活动全身的肌肉。,original_book,,使用原书例句与原书中文译文。,True
n3_2127,2127,N3,21,135,137,痒い,かゆい,形,发痒，痒痒,发痒，痒痒,蚊に刺された腕がとても痒いです。,蚊に刺された腕がとても痒いです。,被蚊子叮过的胳膊非常痒。,被蚊子叮过的胳膊非常痒。,original_book,,使用原书例句与原书中文译文。,True
n3_2128,2128,N3,21,135,137,関する,かんする,自サ,有关，关于,有关，关于,自分の将来に関して不安を抱いています。,自分の将来に関して不安を抱いています。,对自己的未来感到不安。,对自己的未来感到不安。,original_book,,使用原书例句与原书中文译文。,True
n3_2129,2129,N3,21,135,137,休憩,きゅうけい,名·自サ,休息，歇,休息，歇,仕事をやめてちょっと休憩しましょう。,仕事をやめてちょっと休憩しましょう。,放下工作稍作休息啊。,放下工作稍作休息啊。,original_book,,使用原书例句与原书中文译文。,True
n3_2130,2130,N3,21,136,138,きらきら,きらきら,副·自サ,灿烂，耀眼，闪耀，闪烁,灿烂，耀眼，闪耀，闪烁,星空がきらきらと輝いている。,星空がきらきらと輝いている。,星空璀璨。,星空璀璨。,original_book,,使用原书例句与原书中文译文。,True
n3_2131,2131,N3,21,136,138,切らす,きらす,他五,用尽，用光；脱销,用尽，用光；脱销,家に米を切らしてしまい、急いで買いに行った。,家に米を切らしてしまい、急いで買いに行った。,家里没米，赶紧去买了。,家里没米，赶紧去买了。,original_book,,使用原书例句与原书中文译文。,True
n3_2132,2132,N3,21,136,138,霧,きり,名,雾,雾,あの山が深い霧に包まれてよく見えません。,あの山が深い霧に包まれてよく見えません。,那座山被雾气笼罩，看不清楚。,那座山被雾气笼罩，看不清楚。,original_book,,使用原书例句与原书中文译文。,True
n3_2133,2133,N3,21,136,138,勤務,きんむ,名·自サ,工作，上班,工作，上班,彼は病院で夜間勤務をしている。,彼は病院で夜間勤務をしている。,他在医院上夜班。,他在医院上夜班。,original_book,,使用原书例句与原书中文译文。,True
n3_2134,2134,N3,21,136,138,ぐうぐう,ぐうぐう,副,呼噜呼噜；咕噜咕噜,呼噜呼噜；咕噜咕噜,昨夜はとても疲れていて、ベッドに入るとすぐにぐうぐう寝てしまった。,昨夜はとても疲れていて、ベッドに入るとすぐにぐうぐう寝てしまった。,昨晚非常累，一躺到床上就呼呼大睡了。,昨晚非常累，一躺到床上就呼呼大睡了。,original_book,,使用原书例句与原书中文译文。,True
n3_2135,2135,N3,21,136,138,砕ける,くだける,自一,破碎，粉碎，碰碎，打碎,破碎，粉碎，碰碎，打碎,試験の点数が悪くて自信が砕けました。,試験の点数が悪くて自信が砕けました。,考试分数低，信心受挫了。,考试分数低，信心受挫了。,original_book,,使用原书例句与原书中文译文。,True
n3_2136,2136,N3,21,136,138,芸術,げいじゅつ,名,艺术,艺术,彼は芸術が分かりません。,彼は芸術が分かりません。,他不懂艺术。,他不懂艺术。,original_book,,使用原书例句与原书中文译文。,True
n3_2137,2137,N3,21,136,138,腐る,くさる,自五,腐烂，腐败，坏，烂；腐朽，糟；腐蚀，生锈；（人）腐败，堕落；消沉，灰心失望,腐烂，腐败，坏，烂；腐朽，糟；腐蚀，生锈；（人）腐败，堕落；消沉，灰心失望,冷蔵庫の中の野菜が腐ってしまった。,冷蔵庫の中の野菜が腐ってしまった。,冰箱里的蔬菜烂掉了。,冰箱里的蔬菜烂掉了。,original_book,,使用原书例句与原书中文译文。,True
n3_2138,2138,N3,21,136,138,くたくた,くたくた,副·形动,筋疲力尽，疲惫不堪,筋疲力尽，疲惫不堪,一日中歩き回った後で、くたくたに疲れてしまった。,一日中歩き回った後で、くたくたに疲れてしまった。,走了一整天，累得筋疲力尽。,走了一整天，累得筋疲力尽。,original_book,,使用原书例句与原书中文译文。,True
n3_2139,2139,N3,21,136,138,口喧嘩,くちげんか,名·自サ,争吵,争吵,兄弟はよく口げんかをしている。,兄弟はよく口げんかをしている。,兄弟俩经常吵架。,兄弟俩经常吵架。,original_book,,使用原书例句与原书中文译文。,True
n3_2140,2140,N3,21,136,138,クッション,クッション,名,靠垫；弹簧；缓冲物,靠垫；弹簧；缓冲物,新しいソファには柔らかいクッションを置いて、快適にしたい。,新しいソファには柔らかいクッションを置いて、快適にしたい。,我想在新沙发上放一个柔软的靠垫，让自己坐得舒服点儿。,我想在新沙发上放一个柔软的靠垫，让自己坐得舒服点儿。,original_book,,使用原书例句与原书中文译文。,True
n3_2141,2141,N3,21,136,138,くっつく,くっつく,自五,紧贴在一起，紧密粘在一起；粘着，附着；紧挨着，紧跟着,紧贴在一起，紧密粘在一起；粘着，附着；紧挨着，紧跟着,磁石は鉄にくっつく性質がある。,磁石は鉄にくっつく性質がある。,磁铁有吸附在铁上的特性。,磁铁有吸附在铁上的特性。,original_book,,使用原书例句与原书中文译文。,True
n3_2142,2142,N3,21,136,138,講演,こうえん,名·他サ,讲演，讲话,讲演，讲话,あの人はよく大学で講演します。,あの人はよく大学で講演します。,那个人经常在大学演讲。,那个人经常在大学演讲。,original_book,,使用原书例句与原书中文译文。,True
n3_2143,2143,N3,21,136,138,言葉遣い,ことばづかい,名,说法，措辞,说法，措辞,きれいな言葉遣いをします。,きれいな言葉遣いをします。,措辞文雅。,措辞文雅。,original_book,,使用原书例句与原书中文译文。,True
n3_2144,2144,N3,21,136,138,混雑,こんざつ,名·自サ,混乱，杂乱,混乱，杂乱,大通りは人や車で混雑しています。,大通りは人や車で混雑しています。,大路上挤满了行人和车辆。,大路上挤满了行人和车辆。,original_book,,使用原书例句与原书中文译文。,True
n3_2145,2145,N3,21,136,138,材料,ざいりょう,名,材料，原料；素材，题材,材料，原料；素材，题材,研究の材料を集めます。,研究の材料を集めます。,收集研究素材。,收集研究素材。,original_book,,使用原书例句与原书中文译文。,True
n3_2146,2146,N3,21,136,138,作物,さくもつ,名,农作物,农作物,この天気は作物によいです。,この天気は作物によいです。,这种天气很适合农作物生长。,这种天气很适合农作物生长。,original_book,,使用原书例句与原书中文译文。,True
n3_2147,2147,N3,21,136,138,覚める,さめる,自一,醒过来；醒悟，觉醒,醒过来；醒悟，觉醒,わたしはたいてい朝6時ごろに目が覚めます。,わたしはたいてい朝6時ごろに目が覚めます。,我一般早晨六点左右醒来。,我一般早晨六点左右醒来。,original_book,,使用原书例句与原书中文译文。,True
n3_2148,2148,N3,21,137,139,算数,さんすう,名,算数,算数,算数は日本の小学校の教科の一つです。,算数は日本の小学校の教科の一つです。,算术是日本小学的科目之一。,算术是日本小学的科目之一。,original_book,,使用原书例句与原书中文译文。,True
n3_2149,2149,N3,21,137,139,事実,じじつ,名·副,事实；实际上,事实；实际上,事実を明らかにします。,事実を明らかにします。,弄清事实。,弄清事实。,original_book,,使用原书例句与原书中文译文。,True
n3_2150,2150,N3,21,137,139,実感,じっかん,名·他サ,真实感；体会,真实感；体会,まだまだ努力が必要だと実感しました。,まだまだ努力が必要だと実感しました。,我深刻体会到自己还需要继续努力。,我深刻体会到自己还需要继续努力。,original_book,,使用原书例句与原书中文译文。,True
n3_2151,2151,N3,21,137,139,指導,しどう,名·他サ,指导；教导；领导,指导；教导；领导,よろしくご指導を願います。,よろしくご指導を願います。,请赐教。,请赐教。,original_book,,使用原书例句与原书中文译文。,True
n3_2152,2152,N3,21,137,139,借金,しゃっきん,名·自サ,借钱；欠款，欠债，负债,借钱；欠款，欠债，负债,映画で見た主人公は借金を返すために奮闘していた。,映画で見た主人公は借金を返すために奮闘していた。,在电影中看到主人公为了偿还债务而奋斗。,在电影中看到主人公为了偿还债务而奋斗。,original_book,,使用原书例句与原书中文译文。,True
n3_2153,2153,N3,21,137,139,杓文字,しゃもじ,名,饭勺,饭勺,ご飯をよそう時にしゃもじを使った。,ご飯をよそう時にしゃもじを使った。,用饭勺盛饭了。,用饭勺盛饭了。,original_book,,使用原书例句与原书中文译文。,True
n3_2154,2154,N3,21,137,139,修学旅行,しゅうがくりょこう,名,修学旅行，学校组织的旅行,修学旅行，学校组织的旅行,来月の修学旅行で京都に行くのが楽しみだ。,来月の修学旅行で京都に行くのが楽しみだ。,期待下个月去京都修学旅行。,期待下个月去京都修学旅行。,original_book,,使用原书例句与原书中文译文。,True
n3_2155,2155,N3,21,137,139,自由席,じゆうせき,名,不指定座位的票,不指定座位的票,電車の自由席に座ると、いつも席が見つけやすい。,電車の自由席に座ると、いつも席が見つけやすい。,坐在电车的自由席上，总是很容易找到座位。,坐在电车的自由席上，总是很容易找到座位。,original_book,,使用原书例句与原书中文译文。,True
n3_2156,2156,N3,21,137,139,集団,しゅうだん,名,集体，集团,集体，集团,子供たちが集団で会場から出てきました。,子供たちが集団で会場から出てきました。,孩子们成群结队地从会场出来了。,孩子们成群结队地从会场出来了。,original_book,,使用原书例句与原书中文译文。,True
n3_2157,2157,N3,21,137,139,終電,しゅうでん,名,末班车,末班车,パーティーが長引いて、終電に間に合わなかった。,パーティーが長引いて、終電に間に合わなかった。,聚会拖了很久才结束，我没赶上末班车。,聚会拖了很久才结束，我没赶上末班车。,original_book,,使用原书例句与原书中文译文。,True
n3_2158,2158,N3,21,137,139,充電,じゅうでん,名·自他サ,充电,充电,スマホのバッテリーが少ないので、充電する必要がある。,スマホのバッテリーが少ないので、充電する必要がある。,手机电池电量低，要充电了。,手机电池电量低，要充电了。,original_book,,使用原书例句与原书中文译文。,True
n3_2159,2159,N3,21,137,139,上旬,じょうじゅん,名,上旬,上旬,3月上 旬に完成します。,3月上旬に完成します。,将于3月上旬完成。,将于3月上旬完成。,original_book,,使用原书例句与原书中文译文。,True
n3_2160,2160,N3,21,137,139,食器,しょっき,名,食器，餐具,食器，餐具,食器を洗ってから散歩に出かける。,食器を洗ってから散歩に出かける。,洗完餐具后去散步。,洗完餐具后去散步。,original_book,,使用原书例句与原书中文译文。,True
n3_2161,2161,N3,21,137,139,人物,じんぶつ,名,人，人物,人，人物,この事実で彼の人物がだいたい分かります。,この事実で彼の人物がだいたい分かります。,通过这件事大致了解他的为人。,通过这件事大致了解他的为人。,original_book,,使用原书例句与原书中文译文。,True
n3_2162,2162,N3,21,137,139,巣,す,名,巢，窝,巢，窝,ツバメが軒先に巣をつくる。,ツバメが軒先に巣をつくる。,燕子在房檐筑巢。,燕子在房檐筑巢。,original_book,,使用原书例句与原书中文译文。,True
n3_2163,2163,N3,21,137,139,水準,すいじゅん,名,标准，水准,标准，水准,技術が水準に達する。,技術が水準に達する。,技术达到标准。,技术达到标准。,original_book,,使用原书例句与原书中文译文。,True
n3_2164,2164,N3,21,137,139,済ませる,すませる,他一,结束,结束,食事を急いで済ませる。,食事を急いで済ませる。,匆忙结束就餐。,匆忙结束就餐。,original_book,,使用原书例句与原书中文译文。,True
n3_2165,2165,N3,21,137,139,成分,せいぶん,名,成分,成分,化粧品を選ぶときには、成分を知ることが大事だ。,化粧品を選ぶときには、成分を知ることが大事だ。,选择化妆品的时候，了解其成分很重要。,选择化妆品的时候，了解其成分很重要。,original_book,,使用原书例句与原书中文译文。,True
n3_2166,2166,N3,21,137,139,宣伝,せんでん,名·他サ,宣传,宣传,コマーシャルの宣伝に乗ってはいけない。,コマーシャルの宣伝に乗ってはいけない。,不能盲目听信广告宣传。,不能盲目听信广告宣传。,original_book,,使用原书例句与原书中文译文。,True
n3_2167,2167,N3,21,137,139,続々,ぞくぞく,副,陆续，纷纷，不断,陆续，纷纷，不断,救援物資がぞくぞくと現地に送られた。,救援物資がぞくぞくと現地に送られた。,救援物资被陆续送往当地了。,救援物资被陆续送往当地了。,original_book,,使用原书例句与原书中文译文。,True
n3_2168,2168,N3,21,138,140,存じる,ぞんじる,自他一,（等同于「存ずる」，「思う、知る」的谦让语）想，打算，认为，知道,（等同于「存ずる」，「思う、知る」的谦让语）想，打算，认为，知道,その方なら存じております。,その方なら存じております。,我认识那位。,我认识那位。,original_book,,使用原书例句与原书中文译文。,True
n3_2169,2169,N3,21,138,140,互いに,たがいに,副,相互，双方（「お互いに」是其礼貌形式）,相互，双方（「お互いに」是其礼貌形式）,互いに顔を見合わす。,互いに顔を見合わす。,对视。,对视。,original_book,,使用原书例句与原书中文译文。,True
n3_2170,2170,N3,21,138,140,仮令·縦令,たとえ,副,纵使，即使，哪怕,纵使，即使，哪怕,たとえ無駄になってもやってみよう。,たとえ無駄になってもやってみよう。,即使白费力气，我也要试一试。,即使白费力气，我也要试一试。,original_book,,使用原书例句与原书中文译文。,True
n3_2171,2171,N3,21,138,140,短期,たんき,名,短期,短期,彼女は仕事を止めて、短期留学に行ったようだ。,彼女は仕事を止めて、短期留学に行ったようだ。,她好像暂停工作，去短期留学了。,她好像暂停工作，去短期留学了。,original_book,,使用原书例句与原书中文译文。,True
n3_2172,2172,N3,21,138,140,近付く,ちかづく,自五,挨近，靠近；逼近，临近,挨近，靠近；逼近，临近,春も過ぎて、夏が近づいてきた。,春も過ぎて、夏が近づいてきた。,春天也已经过去，夏天临近了。,春天也已经过去，夏天临近了。,original_book,,使用原书例句与原书中文译文。,True
n3_2173,2173,N3,21,138,140,頂戴,ちょうだい,名·他サ,（「もらう」的谦逊用语）收到，得到,（「もらう」的谦逊用语）收到，得到,先日は結構な品を頂戴してまことにありがとうございました。,先日は結構な品を頂戴してまことにありがとうございました。,前几天收到了您送的厚礼，真是非常感谢。,前几天收到了您送的厚礼，真是非常感谢。,original_book,,使用原书例句与原书中文译文。,True
n3_2174,2174,N3,21,138,140,突っ込む,つっこむ,自他五,塞入，扔入；钻进，扎进，埋头,塞入，扔入；钻进，扎进，埋头,真剣に突っ込んだ検討が行われている。,真剣に突っ込んだ検討が行われている。,正在认真地进行深入的讨论。,正在认真地进行深入的讨论。,original_book,,使用原书例句与原书中文译文。,True
n3_2175,2175,N3,21,138,140,つまり,つまり,副,总之,总之,父の姉の娘、つまりわたしのいとこは上 京している。,父の姉の娘、つまりわたしのいとこは上京している。,父亲的姐姐的女儿，就是我的表姐来东京了。,父亲的姐姐的女儿，就是我的表姐来东京了。,original_book,,使用原书例句与原书中文译文。,True
n3_2176,2176,N3,21,138,140,出来事,できごと,名,事件，事故,事件，事故,われわれはネットで世界の出来事を知る。,われわれはネットで世界の出来事を知る。,我们通过互联网了解世界上的事情。,我们通过互联网了解世界上的事情。,original_book,,使用原书例句与原书中文译文。,True
n3_2177,2177,N3,21,138,140,動詞,どうし,名,动词,动词,日本語の動詞の種類が多くて、ややこしいです。,日本語の動詞の種類が多くて、ややこしいです。,日语动词种类很多，很烦人。,日语动词种类很多，很烦人。,original_book,,使用原书例句与原书中文译文。,True
n3_2178,2178,N3,21,138,140,通り掛かる,とおりかかる,自五,路过,路过,通りかかった時に、偶然古い友人に会った。,通りかかった時に、偶然古い友人に会った。,路过那里时，恰巧遇到了老朋友。,路过那里时，恰巧遇到了老朋友。,original_book,,使用原书例句与原书中文译文。,True
n3_2179,2179,N3,21,138,140,退かす,どかす,他五,挪开,挪开,部屋の掃除をするために、家具をどかした。,部屋の掃除をするために、家具をどかした。,为了打扫房间，把家具挪开了。,为了打扫房间，把家具挪开了。,original_book,,使用原书例句与原书中文译文。,True
n3_2180,2180,N3,21,138,140,どきどき,どきどき,副·自サ,心扑通扑通地跳,心扑通扑通地跳,私は胸をどきどきさせながらそれを見ていた。,私は胸をどきどきさせながらそれを見ていた。,我看着它，心扑通扑通地跳。,我看着它，心扑通扑通地跳。,original_book,,使用原书例句与原书中文译文。,True
n3_2181,2181,N3,21,138,140,特徴,とくちょう,名,特征，特点,特征，特点,無気力感が現在の若者を特徴づけている。,無気力感が現在の若者を特徴づけている。,现在的年轻人一大特征就是让人觉得没有朝气。,现在的年轻人一大特征就是让人觉得没有朝气。,original_book,,使用原书例句与原书中文译文。,True
n3_2182,2182,N3,21,138,140,どける,どける,他一,挪开,挪开,食事をするために、テーブルの上の本をどけた。,食事をするために、テーブルの上の本をどけた。,为了吃饭，把桌子上的书挪开了。,为了吃饭，把桌子上的书挪开了。,original_book,,使用原书例句与原书中文译文。,True
n3_2183,2183,N3,21,138,140,年の暮れ,としのくれ,名,年底，岁末,年底，岁末,年の暮れには家族と一緒に年越しをする。,年の暮れには家族と一緒に年越しをする。,岁末和家人一起跨年。,岁末和家人一起跨年。,original_book,,使用原书例句与原书中文译文。,True
n3_2184,2184,N3,21,138,140,布,ぬの,名,布，布匹；棉布,布，布匹；棉布,布の衣類を着る。,布の衣類を着る。,穿着棉布衣服。,穿着棉布衣服。,original_book,,使用原书例句与原书中文译文。,True
n3_2185,2185,N3,21,138,140,述べる,のべる,他一,叙述，陈述；说明，阐明,叙述，陈述；说明，阐明,上に述べたことは不可能です。,上に述べたことは不可能です。,上述内容是不可能实现的。,上述内容是不可能实现的。,original_book,,使用原书例句与原书中文译文。,True
n3_2186,2186,N3,21,138,140,はきはき,はきはき,副·自サ,干脆，爽快；敏捷,干脆，爽快；敏捷,少女ははきはき答えた。,少女ははきはき答えた。,女孩爽快地回答了。,女孩爽快地回答了。,original_book,,使用原书例句与原书中文译文。,True
n3_2187,2187,N3,21,139,141,激しい,はげしい,形,激烈，强烈，猛烈，剧烈,激烈，强烈，猛烈，剧烈,激しい反対に遭う。,激しい反対に遭う。,遭到强烈反对。,遭到强烈反对。,original_book,,使用原书例句与原书中文译文。,True
n3_2188,2188,N3,21,139,141,パターン,パターン,名,类型；图案,类型；图案,彼のやることはワンパターンだ。,彼のやることはワンパターンだ。,他做事总是一个风格。,他做事总是一个风格。,original_book,,使用原书例句与原书中文译文。,True
n3_2189,2189,N3,21,139,141,必死,ひっし,名·形动,必死；拼命,必死；拼命,必死の覚悟で戦地に赴いた。,必死の覚悟で戦地に赴いた。,做好必死的准备奔赴战场了。,做好必死的准备奔赴战场了。,original_book,,使用原书例句与原书中文译文。,True
n3_2190,2190,N3,21,139,141,複数,ふくすう,名,复数,复数,複数の人がそれを目撃している。,複数の人がそれを目撃している。,多人目睹了那一幕。,多人目睹了那一幕。,original_book,,使用原书例句与原书中文译文。,True
n3_2191,2191,N3,21,139,141,含める,ふくめる,他五,包含，包括,包含，包括,彼らの名をリストに含めた。,彼らの名をリストに含めた。,把他的名字加到名单里了。,把他的名字加到名单里了。,original_book,,使用原书例句与原书中文译文。,True
n3_2192,2192,N3,21,139,141,膨らます,ふくらます,他五,使鼓起来，吹鼓,使鼓起来，吹鼓,希望に胸を膨らまさせて日本に向かった。,希望に胸を膨らまさせて日本に向かった。,满怀希望地奔赴日本了。,满怀希望地奔赴日本了。,original_book,,使用原书例句与原书中文译文。,True
n3_2193,2193,N3,21,139,141,プロバイダー,プロバイダー,名,接入商，网络供应商,接入商，网络供应商,インターネットの速度が遅いので、プロバイダーを変更しようと思っている。,インターネットの速度が遅いので、プロバイダーを変更しようと思っている。,网速慢，我正在考虑换一家运营服务商。,网速慢，我正在考虑换一家运营服务商。,original_book,,使用原书例句与原书中文译文。,True
n3_2194,2194,N3,21,139,141,プロフェッショナル,プロフェッショナル,形动,专业的，专门的,专业的，专门的,彼はその分野で非常にプロフェッショナルな知識を持っています。,彼はその分野で非常にプロフェッショナルな知識を持っています。,他在那个领域拥有非常专业的知识。,他在那个领域拥有非常专业的知识。,original_book,,使用原书例句与原书中文译文。,True
n3_2195,2195,N3,21,139,141,文化祭,ぶんかさい,名,文化节，文化活动节日,文化节，文化活动节日,今年の文化祭は、去年よりも盛り上がりました。,今年の文化祭は、去年よりも盛り上がりました。,今年的文化节比去年的更热闹。,今年的文化节比去年的更热闹。,original_book,,使用原书例句与原书中文译文。,True
n3_2196,2196,N3,21,139,141,文系,ぶんけい,名,文科,文科,私は文系を選択して、文学と歴史を学んでいる。,私は文系を選択して、文学と歴史を学んでいる。,我选择了文科，正在学文学和历史。,我选择了文科，正在学文学和历史。,original_book,,使用原书例句与原书中文译文。,True
n3_2197,2197,N3,21,139,141,編集,へんしゅう,名·他サ,编辑,编辑,この本の編集はなかなか気が利いている。,この本の編集はなかなか気が利いている。,这本书编得很巧妙。,这本书编得很巧妙。,original_book,,使用原书例句与原书中文译文。,True
n3_2198,2198,N3,21,139,141,解く,ほどく,他五,解开；拆开,解开；拆开,複雑な結び目をほどく。,複雑な結び目をほどく。,解开复杂的绳结。,解开复杂的绳结。,original_book,,使用原书例句与原书中文译文。,True
n3_2199,2199,N3,21,139,141,待ち合わせ,まちあわせ,名,等候，约会，碰头,等候，约会，碰头,午後3時に友人との待ち合わせがあります。,午後3時に友人との待ち合わせがあります。,下午三点与朋友有约。,下午三点与朋友有约。,original_book,,使用原书例句与原书中文译文。,True
n3_2200,2200,N3,21,139,141,待ち合わせる,まちあわせる,自他一,等候，约会，碰头，会面,等候，约会，碰头，会面,彼と駅前で待ち合わせることにした。,彼と駅前で待ち合わせることにした。,决定和他在车站前面碰头。,决定和他在车站前面碰头。,original_book,,使用原书例句与原书中文译文。,True
n3_2201,2201,N3,21,139,141,マッサージ,マッサージ,名·他サ,按摩，推拿,按摩，推拿,顔をマッサージする。,顔をマッサージする。,按摩脸部。,按摩脸部。,original_book,,使用原书例句与原书中文译文。,True
n3_2202,2202,N3,21,139,141,ミリメートル,ミリメートル,名,毫米,毫米,国土の問題は一ミリメートルでも譲らない。,国土の問題は一ミリメートルでも譲らない。,领土问题一毫米都不能妥协。,领土问题一毫米都不能妥协。,original_book,,使用原书例句与原书中文译文。,True
n3_2203,2203,N3,21,139,141,巡る,めぐる,他五,循环，旋转；巡游；围绕，绕行,循环，旋转；巡游；围绕，绕行,池の周囲を細い道が巡っている。,池の周囲を細い道が巡っている。,环绕池塘的是一条小路。,环绕池塘的是一条小路。,original_book,,使用原书例句与原书中文译文。,True
n3_2204,2204,N3,21,140,142,余計,よけい,名·形动·副,多余，无用，过多；更多，更加,多余，无用，过多；更多，更加,余計なことをしゃべるから事を荒立てるのだ。,余計なことをしゃべるから事を荒立てるのだ。,说了多余的话把事情闹大了。,说了多余的话把事情闹大了。,original_book,,使用原书例句与原书中文译文。,True
n3_2205,2205,N3,21,140,142,リモコン,リモコン・リモートコントロール,名·他サ,远距离控制；遥控,远距离控制；遥控,テレビのリモコンが見つからなくて困っています。,テレビのリモコンが見つからなくて困っています。,找不到电视遥控器，真愁人。,找不到电视遥控器，真愁人。,original_book,,使用原书例句与原书中文译文。,True
n3_2206,2206,N3,21,140,142,レトルト,レトルト,名,蒸馏器,蒸馏器,夜遅く帰宅した時は、レトルトのカレーを食べることがある。,夜遅く帰宅した時は、レトルトのカレーを食べることがある。,晚归的日子里，我有时吃袋装咖喱。,晚归的日子里，我有时吃袋装咖喱。,original_book,,使用原书例句与原书中文译文。,True
n3_2207,2207,N3,21,140,142,レトルト食品,レトルトしょくひん,名,袋装食品,袋装食品,キャンプに行く時は、持ち運びやすいレトルト食品をよく持っていく。,キャンプに行く時は、持ち運びやすいレトルト食品をよく持っていく。,去露营时，我经常带上便携的袋装食品。,去露营时，我经常带上便携的袋装食品。,original_book,,使用原书例句与原书中文译文。,True
n3_2208,2208,N3,21,140,142,レンタカー,レンタカー,名,租赁汽车,租赁汽车,旅行などで急に車が必要になったときでも、レンタカーをすぐに借りることが出来る。,旅行などで急に車が必要になったときでも、レンタカーをすぐに借りることが出来る。,在旅行等过程中急需用车的时候也可以马上租到车。,在旅行等过程中急需用车的时候也可以马上租到车。,original_book,,使用原书例句与原书中文译文。,True
n3_2209,2209,N3,22,141,143,温まる,あたたまる,自五,温暖,温暖,心 温まる話を聞きました。,心温まる話を聞きました。,听了个很暖人心的故事。,听了个很暖人心的故事。,original_book,,使用原书例句与原书中文译文。,True
n3_2210,2210,N3,22,141,143,当てる,あてる,他一,碰，撞；贴上；烤，晒,碰，撞；贴上；烤，晒,ボールにバットを当てます。,ボールにバットを当てます。,用球棒击球。,用球棒击球。,original_book,,使用原书例句与原书中文译文。,True
n3_2211,2211,N3,22,141,143,怪しい,あやしい,形,可疑，奇怪,可疑，奇怪,そのニュースは根拠が怪しいです。,そのニュースは根拠が怪しいです。,这条新闻的依据很可疑。,这条新闻的依据很可疑。,original_book,,使用原书例句与原书中文译文。,True
n3_2212,2212,N3,22,141,143,新た,あらた,形动,新；重新；新鲜,新；重新；新鲜,企画に新たな関心を寄せます。,企画に新たな関心を寄せます。,重新关注策划。,重新关注策划。,original_book,,使用原书例句与原书中文译文。,True
n3_2213,2213,N3,22,141,143,怒り,いかり,名,怒，愤怒，生气,怒，愤怒，生气,怒りを買います。,怒りを買います。,惹人生气。,惹人生气。,original_book,,使用原书例句与原书中文译文。,True
n3_2214,2214,N3,22,141,143,胃痛,いつう,名,胃痛,胃痛,不規則な食生活が原因で胃痛に悩まされている。,不規則な食生活が原因で胃痛に悩まされている。,饮食不规律导致我深受胃痛困扰。,饮食不规律导致我深受胃痛困扰。,original_book,,使用原书例句与原书中文译文。,True
n3_2215,2215,N3,22,141,143,一気に,いっきに,副,一鼓作气，一下子，一举,一鼓作气，一下子，一举,急な下り坂で自転車のスピードが一気に上がった。,急な下り坂で自転車のスピードが一気に上がった。,下陡坡时，自行车的速度一下子变快了。,下陡坡时，自行车的速度一下子变快了。,original_book,,使用原书例句与原书中文译文。,True
n3_2216,2216,N3,22,141,143,今にも,いまにも,副,马上，不久，眼看,马上，不久，眼看,空が暗くなってきた。今にも雨が降りそうだ。,空が暗くなってきた。今にも雨が降りそうだ。,天色越来越暗，看起来马上要下雨了。,天色越来越暗，看起来马上要下雨了。,original_book,,使用原书例句与原书中文译文。,True
n3_2217,2217,N3,22,141,143,以来,いらい,名,以来，以后,以来，以后,七日以来ずっと熱が続いています。,七日以来ずっと熱が続いています。,七日以来持续高烧。,七日以来持续高烧。,original_book,,使用原书例句与原书中文译文。,True
n3_2218,2218,N3,22,141,143,延期,えんき,名·他サ,延期,延期,雨のため試合は明日に延期します。,雨のため試合は明日に延期します。,因下雨，比赛延期至明天。,因下雨，比赛延期至明天。,original_book,,使用原书例句与原书中文译文。,True
n3_2219,2219,N3,22,141,143,帯,おび,名,带子；带状物；腰带,带子；带状物；腰带,彼女は美しい帯を締めるのが好きだ。,彼女は美しい帯を締めるのが好きだ。,她喜欢系漂亮的腰带。,她喜欢系漂亮的腰带。,original_book,,使用原书例句与原书中文译文。,True
n3_2220,2220,N3,22,141,143,御前,おまえ,名,你,你,御前を育てるのにずいぶん苦労しました。,御前を育てるのにずいぶん苦労しました。,养育你真是费尽了辛苦。,养育你真是费尽了辛苦。,original_book,,使用原书例句与原书中文译文。,True
n3_2221,2221,N3,22,141,143,凡そ,およそ,名·副,大概,大概,凡その事情を説明する。,凡その事情を説明する。,解释大概情况。,解释大概情况。,original_book,,使用原书例句与原书中文译文。,True
n3_2222,2222,N3,22,141,143,開通,かいつう,名·自サ,通车；通航,通车；通航,東北新幹線は1982年に開通しました。,東北新幹線は1982年に開通しました。,东北新干线是1982年开通的。,东北新干线是1982年开通的。,original_book,,使用原书例句与原书中文译文。,True
n3_2223,2223,N3,22,141,143,ガイド,ガイド,名·他サ,向导（者），导游,向导（者），导游,外国人はいつも地元のガイドを連れて登山します。,外国人はいつも地元のガイドを連れて登山します。,外国人总是带着当地的导游登山。,外国人总是带着当地的导游登山。,original_book,,使用原书例句与原书中文译文。,True
n3_2224,2224,N3,22,142,144,開放,かいほう,名·他サ,打开，敞开；开放，公开,打开，敞开；开放，公开,大学図書館は市民にも開放されています。,大学図書館は市民にも開放されています。,大学图书馆也对普通市民开放。,大学图书馆也对普通市民开放。,original_book,,使用原书例句与原书中文译文。,True
n3_2225,2225,N3,22,142,144,語る,かたる,他五,谈，讲，讲述,谈，讲，讲述,毎晩孫に昔 話を語って聞かせます。,毎晩孫に昔話を語って聞かせます。,每天晚上给孙子讲童话故事。,每天晚上给孙子讲童话故事。,original_book,,使用原书例句与原书中文译文。,True
n3_2226,2226,N3,22,142,144,鐘,かね,名,钟；钟声,钟；钟声,遠くからお寺の鐘が聞こえます。,遠くからお寺の鐘が聞こえます。,能听见远处寺院的钟声。,能听见远处寺院的钟声。,original_book,,使用原书例句与原书中文译文。,True
n3_2227,2227,N3,22,142,144,乾電池,かんでんち,名,干电池,干电池,乾電池は取扱いや携帯に便利です。,乾電池は取扱いや携帯に便利です。,干电池便于使用、携带。,干电池便于使用、携带。,original_book,,使用原书例句与原书中文译文。,True
n3_2228,2228,N3,22,142,144,関東,かんとう,名,关东（通常包含东京都、神奈川县、千叶县、埼玉县、栃木县、茨城县、群马县）,关东（通常包含东京都、神奈川县、千叶县、埼玉县、栃木县、茨城县、群马县）,東京都は日本の関東地方にあります。,東京都は日本の関東地方にあります。,东京都在日本的关东地区。,东京都在日本的关东地区。,original_book,,使用原书例句与原书中文译文。,True
n3_2229,2229,N3,22,142,144,許可,きょか,名·他サ,许可，准许，允许,许可，准许，允许,夜12時まで営業することが許可されました。,夜12時まで営業することが許可されました。,获准营业到夜里12点。,获准营业到夜里12点。,original_book,,使用原书例句与原书中文译文。,True
n3_2230,2230,N3,22,142,144,気楽,きらく,形动,舒畅，舒适，舒服；无忧无虑,舒畅，舒适，舒服；无忧无虑,初めは緊張していましたが、だんだん気楽な気持ちになってきました。,初めは緊張していましたが、だんだん気楽な気持ちになってきました。,最初有些紧张，逐渐放松了心情。,最初有些紧张，逐渐放松了心情。,original_book,,使用原书例句与原书中文译文。,True
n3_2231,2231,N3,22,142,144,キリスト教,キリストきょう,名,基督教,基督教,世界史の授業でキリスト教の歴史について学んだ。,世界史の授業でキリスト教の歴史について学んだ。,在世界历史课上学习了基督教的历史。,在世界历史课上学习了基督教的历史。,original_book,,使用原书例句与原书中文译文。,True
n3_2232,2232,N3,22,142,144,ぐらぐら,ぐらぐら,副·自サ,摇晃，摆动，不稳定,摇晃，摆动，不稳定,古い机の足がぐらぐらして、修理する必要がある。,古い机の足がぐらぐらして、修理する必要がある。,老桌子的桌腿在晃，需要修一下。,老桌子的桌腿在晃，需要修一下。,original_book,,使用原书例句与原书中文译文。,True
n3_2233,2233,N3,22,142,144,クラブ活動,クラブかつどう,名,俱乐部活动，社团活动,俱乐部活动，社团活动,高校ではサッカーのクラブ活動に参加して、チームワークを学んだ。,高校ではサッカーのクラブ活動に参加して、チームワークを学んだ。,我上高中时参加了足球社团，学会了团队合作。,我上高中时参加了足球社团，学会了团队合作。,original_book,,使用原书例句与原书中文译文。,True
n3_2234,2234,N3,22,142,144,月給,げっきゅう,名,月薪,月薪,月給はいくら頂けますか。,月給はいくら頂けますか。,能给我多少月薪？,能给我多少月薪？,original_book,,使用原书例句与原书中文译文。,True
n3_2235,2235,N3,22,142,144,減少,げんしょう,名·他自サ,减少,减少,不景気で収 入が減少しました。,不景気で収入が減少しました。,由于经济不景气，收入减少了。,由于经济不景气，收入减少了。,original_book,,使用原书例句与原书中文译文。,True
n3_2236,2236,N3,22,142,144,原料,げんりょう,名,原料,原料,このお菓子を作る原料は小麦粉です。,このお菓子を作る原料は小麦粉です。,制作这款点心的原料是小麦粉。,制作这款点心的原料是小麦粉。,original_book,,使用原书例句与原书中文译文。,True
n3_2237,2237,N3,22,142,144,語学,ごがく,名,语言；外语,语言；外语,彼は語学が得意で、英語と日本語を話せます。,彼は語学が得意で、英語と日本語を話せます。,他擅长语言，能说英语和日语。,他擅长语言，能说英语和日语。,original_book,,使用原书例句与原书中文译文。,True
n3_2238,2238,N3,22,142,144,越す,こす,自五,越过，跨过；胜过，超过；迁居,越过，跨过；胜过，超过；迁居,日本で冬を越す燕もいます。,日本で冬を越す燕もいます。,也有燕子在日本过冬。,也有燕子在日本过冬。,original_book,,使用原书例句与原书中文译文。,True
n3_2239,2239,N3,22,142,144,小指,こゆび,名,小指头，小指,小指头，小指,小指は主に人の人格、表現力を現します。,小指は主に人の人格、表現力を現します。,小指能体现一个人的人格和表现力。,小指能体现一个人的人格和表现力。,original_book,,使用原书例句与原书中文译文。,True
n3_2240,2240,N3,22,142,144,御覧,ごらん,名,看，观赏,看，观赏,ご覧の通り元気になりました。,ご覧の通り元気になりました。,如您所见，我已经康复了。,如您所见，我已经康复了。,original_book,,使用原书例句与原书中文译文。,True
n3_2241,2241,N3,22,142,144,紺,こん,名,藏青，藏蓝,藏青，藏蓝,山田さんは紺の背広を買いました。,山田さんは紺の背広を買いました。,山田先生买了藏青色的西装。,山田先生买了藏青色的西装。,original_book,,使用原书例句与原书中文译文。,True
n3_2242,2242,N3,22,143,145,覚ます,さます,他五,弄醒；唤醒；使觉醒，使清醒,弄醒；唤醒；使觉醒，使清醒,子どもの声で目を覚ましました。,子どもの声で目を覚ましました。,被孩子的声音吵醒了。,被孩子的声音吵醒了。,original_book,,使用原书例句与原书中文译文。,True
n3_2243,2243,N3,22,143,145,山林,さんりん,名,山林，山上的树林,山林，山上的树林,日本の山林が外資に買われています。,日本の山林が外資に買われています。,日本的山林正被外资收购。,日本的山林正被外资收购。,original_book,,使用原书例句与原书中文译文。,True
n3_2244,2244,N3,22,143,145,明々後日,しあさって,名,大后天,大后天,明々後日は日曜です。,明々後日は日曜です。,大后天是周日。,大后天是周日。,original_book,,使用原书例句与原书中文译文。,True
n3_2245,2245,N3,22,143,145,塩辛い,しおからい,形,咸的,咸的,汗をなめたら塩辛い味がしました。,汗をなめたら塩辛い味がしました。,舔了舔汗，发现有一股咸味。,舔了舔汗，发现有一股咸味。,original_book,,使用原书例句与原书中文译文。,True
n3_2246,2246,N3,22,143,145,資源,しげん,名,资源,资源,天然資源に乏しいです。,天然資源に乏しいです。,缺乏天然资源。,缺乏天然资源。,original_book,,使用原书例句与原书中文译文。,True
n3_2247,2247,N3,22,143,145,実行,じっこう,名·他サ,实行,实行,予定どおりに実行します。,予定どおりに実行します。,按照预定计划实行。,按照预定计划实行。,original_book,,使用原书例句与原书中文译文。,True
n3_2248,2248,N3,22,143,145,地盤,じばん,名,地基,地基,この家は地盤がしっかりしていません。,この家は地盤がしっかりしていません。,这栋房子地基不牢固。,这栋房子地基不牢固。,original_book,,使用原书例句与原书中文译文。,True
n3_2249,2249,N3,22,143,145,紙幣,しへい,名,纸币，钞票,纸币，钞票,紙幣を百万円ずつに束ねます。,紙幣を百万円ずつに束ねます。,将每一百万日元钞票扎成一捆。,将每一百万日元钞票扎成一捆。,original_book,,使用原书例句与原书中文译文。,True
n3_2250,2250,N3,22,143,145,重点,じゅうてん,名,重点,重点,英語に重点を置いて勉強します。,英語に重点を置いて勉強します。,将英语作为重点学习。,将英语作为重点学习。,original_book,,使用原书例句与原书中文译文。,True
n3_2251,2251,N3,22,143,145,受信,じゅしん,名·他サ,接收；收信,接收；收信,メールを受信したら、すぐに確認した。,メールを受信したら、すぐに確認した。,收到短信后，我立即进行了核实。,收到短信后，我立即进行了核实。,original_book,,使用原书例句与原书中文译文。,True
n3_2252,2252,N3,22,143,145,出版社,しゅっぱんしゃ,名,出版社,出版社,この本は有名な出版社から出された。,この本は有名な出版社から出された。,这本书是由一家知名出版社出版的。,这本书是由一家知名出版社出版的。,original_book,,使用原书例句与原书中文译文。,True
n3_2253,2253,N3,22,143,145,出品,しゅっぴん,名·自サ,展出作品,展出作品,フリーマーケットでいくつかの物を出品した。,フリーマーケットでいくつかの物を出品した。,我在跳蚤市场上摆出了几个物品出售。,我在跳蚤市场上摆出了几个物品出售。,original_book,,使用原书例句与原书中文译文。,True
n3_2254,2254,N3,22,143,145,仕様がない,しようがない,词,（惯）没办法；……得没办法，……得不得了,（惯）没办法；……得没办法，……得不得了,雨が降ってきたので、遠足を中止するしか仕様がない。,雨が降ってきたので、遠足を中止するしか仕様がない。,因为下起雨来了，只能取消远足。,因为下起雨来了，只能取消远足。,original_book,,使用原书例句与原书中文译文。,True
n3_2255,2255,N3,22,143,145,乗客,じょうきゃく,名,乘客；旅客,乘客；旅客,バスの乗 客が増加します。,バスの乗客が増加します。,公交车乘客增加。,公交车乘客增加。,original_book,,使用原书例句与原书中文译文。,True
n3_2256,2256,N3,22,143,145,植物,しょくぶつ,名,植物,植物,植物の作りを解説します。,植物の作りを解説します。,讲解如何种植植物。,讲解如何种植植物。,original_book,,使用原书例句与原书中文译文。,True
n3_2257,2257,N3,22,143,145,心臓,しんぞう,名,心脏,心脏,そのニュースを聞いて心臓が止まるほど驚きました。,そのニュースを聞いて心臓が止まるほど驚きました。,听到那则消息非常惊讶，心脏几乎都要停止跳动了。,听到那则消息非常惊讶，心脏几乎都要停止跳动了。,original_book,,使用原书例句与原书中文译文。,True
n3_2258,2258,N3,22,143,145,救う,すくう,他五,救助；挽救,救助；挽救,彼はほかの人びとを救おうとして死んだ。,彼はほかの人びとを救おうとして死んだ。,他为了挽救他人的性命牺牲了。,他为了挽救他人的性命牺牲了。,original_book,,使用原书例句与原书中文译文。,True
n3_2259,2259,N3,22,143,145,勧める,すすめる,他一,建议；劝,建议；劝,いやがるのを無理に勧めても仕方がない。,いやがるのを無理に勧めても仕方がない。,他自己不喜欢，再劝他也没有用。,他自己不喜欢，再劝他也没有用。,original_book,,使用原书例句与原书中文译文。,True
n3_2260,2260,N3,22,143,145,拗ねる,すねる,自一,闹别扭,闹别扭,子供が拗ねている。,子供が拗ねている。,孩子在闹别扭。,孩子在闹别扭。,original_book,,使用原书例句与原书中文译文。,True
n3_2261,2261,N3,22,143,145,製造,せいぞう,名·他サ,制造,制造,ここは菓子を製造する工場だ。,ここは菓子を製造する工場だ。,这里是生产点心的工厂。,这里是生产点心的工厂。,original_book,,使用原书例句与原书中文译文。,True
n3_2262,2262,N3,22,144,146,センター,センター,名,中心区；中心；中心（机构）,中心区；中心；中心（机构）,ショッピングセンターで買い物する。,ショッピングセンターで買い物する。,在购物中心购物。,在购物中心购物。,original_book,,使用原书例句与原书中文译文。,True
n3_2263,2263,N3,22,144,146,速度,そくど,名,速度,速度,この近くに小学校があるから、速度を落としたほうがいい。,この近くに小学校があるから、速度を落としたほうがいい。,这附近有小学，最好减速行驶。,这附近有小学，最好减速行驶。,original_book,,使用原书例句与原书中文译文。,True
n3_2264,2264,N3,22,144,146,逸れる,それる,自一,偏离目标（方向、话题）,偏离目标（方向、话题）,二人のその話は、問題から逸れていると思います。,二人のその話は、問題から逸れていると思います。,我感觉两个人的谈话偏离了问题。,我感觉两个人的谈话偏离了问题。,original_book,,使用原书例句与原书中文译文。,True
n3_2265,2265,N3,22,144,146,揃える,そろえる,他一,使……汇集，聚集；使齐备，凑齐；摆整齐；使……一致，整齐,使……汇集，聚集；使齐备，凑齐；摆整齐；使……一致，整齐,子供たちは声を揃えて歌っている。,子供たちは声を揃えて歌っている。,孩子们齐声歌唱。,孩子们齐声歌唱。,original_book,,使用原书例句与原书中文译文。,True
n3_2266,2266,N3,22,144,146,大陸,たいりく,名,大陆,大陆,日本はアジア大陸の東側にある。,日本はアジア大陸の東側にある。,日本位于亚洲大陆的东侧。,日本位于亚洲大陆的东侧。,original_book,,使用原书例句与原书中文译文。,True
n3_2267,2267,N3,22,144,146,妥当,だとう,名·自サ·形动,妥当,妥当,この計画の推し進め方はまったく妥当である。,この計画の推し進め方はまったく妥当である。,这个计划的推行方案非常稳妥。,这个计划的推行方案非常稳妥。,original_book,,使用原书例句与原书中文译文。,True
n3_2268,2268,N3,22,144,146,誕生,たんじょう,名·自サ,出生，诞生,出生，诞生,誕生日が過ぎた。,誕生日が過ぎた。,生日已经过了。,生日已经过了。,original_book,,使用原书例句与原书中文译文。,True
n3_2269,2269,N3,22,144,146,地帯,ちたい,名,地带,地带,揚子江の水は広大な平原地帯をうるおす。,揚子江の水は広大な平原地帯をうるおす。,长江水滋润了广袤的平原地带。,长江水滋润了广袤的平原地带。,original_book,,使用原书例句与原书中文译文。,True
n3_2270,2270,N3,22,144,146,注射,ちゅうしゃ,名·他サ,注射,注射,病院でインフルエンザの予防接種として注射を受けた。,病院でインフルエンザの予防接種として注射を受けた。,为预防流感接种疫苗，她在医院接受了注射。,在医院接种了流感疫苗。,corrected,实质误译,原句没有女性主语；整句表达接受流感预防接种。,True
n3_2271,2271,N3,22,144,146,長所,ちょうしょ,名,优点，长处,优点，长处,その長所は同時に短所でもある。,その長所は同時に短所でもある。,那个长处同时也是短板。,那个长处同时也是短板。,original_book,,使用原书例句与原书中文译文。,True
n3_2272,2272,N3,22,144,146,通訳,つうやく,名·他サ,口译,口译,ちょっと通訳していただけませんか。,ちょっと通訳していただけませんか。,能请您翻译一下吗？,能请您翻译一下吗？,original_book,,使用原书例句与原书中文译文。,True
n3_2273,2273,N3,22,144,146,繋げる,つなげる,他一,接，接合,接，接合,短い紐を繋げて長くする。,短い紐を繋げて長くする。,将短绳子连接成长的。,将短绳子连接成长的。,original_book,,使用原书例句与原书中文译文。,True
n3_2274,2274,N3,22,144,146,常に,つねに,副,时常，总是,时常，总是,彼らの判断は常に誤っている。,彼らの判断は常に誤っている。,他们的判断时常出错。,他们的判断时常出错。,original_book,,使用原书例句与原书中文译文。,True
n3_2275,2275,N3,22,144,146,梅雨,つゆ,名,梅雨，梅雨季节,梅雨，梅雨季节,梅雨の季節はものがかびてしまう。,梅雨の季節はものがかびてしまう。,梅雨季节，东西都发霉了。,梅雨季节，东西都发霉了。,original_book,,使用原书例句与原书中文译文。,True
n3_2276,2276,N3,22,144,146,テスト,テスト,名·他サ,试验，测验，考试，检验；彩排,试验，测验，考试，检验；彩排,その器具の耐久力を実際にテストした。,その器具の耐久力を実際にテストした。,实际测试了那个器具的耐久力。,实际测试了那个器具的耐久力。,original_book,,使用原书例句与原书中文译文。,True
n3_2277,2277,N3,22,144,146,電卓,でんたく,名,电子计算器,电子计算器,ネットで小型の電卓を購入したら、使いやすくて嬉しかった。,ネットで小型の電卓を購入したら、使いやすくて嬉しかった。,网购了小型计算器，非常好用，这让我很开心。,网购了小型计算器，非常好用，这让我很开心。,original_book,,使用原书例句与原书中文译文。,True
n3_2278,2278,N3,22,144,146,天皇,てんのう,名,天皇,天皇,皇太子が天皇の位に就く。,皇太子が天皇の位に就く。,皇太子即位为天皇。,皇太子即位为天皇。,original_book,,使用原书例句与原书中文译文。,True
n3_2279,2279,N3,22,145,147,展覧,てんらん,名·他サ,展览,展览,日本画の展覧会を催す。,日本画の展覧会を催す。,举办日本画展览会。,举办日本画展览会。,original_book,,使用原书例句与原书中文译文。,True
n3_2280,2280,N3,22,145,147,土地,とち,名,土地，耕地；土壤，土质；当地，某地方，地区；地，地皮；领土,土地，耕地；土壤，土质；当地，某地方，地区；地，地皮；领土,この土地は昔から私の家族のものだ。,この土地は昔から私の家族のものだ。,这块土地从很久以前就是我家的。,这块土地从很久以前就是我家的。,original_book,,使用原书例句与原书中文译文。,True
n3_2281,2281,N3,22,145,147,途中下車,とちゅうげしゃ,名·自サ,中途下车,中途下车,友達と会うために、電車で途中下車した。,友達と会うために、電車で途中下車した。,为了和朋友见面，乘坐电车时在中途下车了。,为了和朋友见面，乘坐电车时在中途下车了。,original_book,,使用原书例句与原书中文译文。,True
n3_2282,2282,N3,22,145,147,とっくに,とっくに,副,很早，已经,很早，已经,授業はとっくに終わっている。,授業はとっくに終わっている。,课早就上完了。,课早就上完了。,original_book,,使用原书例句与原书中文译文。,True
n3_2283,2283,N3,22,145,147,整う,ととのう,自五,整齐，端正,整齐，端正,食事の用意がととのった。,食事の用意がととのった。,用餐准备完毕。,用餐准备完毕。,original_book,,使用原书例句与原书中文译文。,True
n3_2284,2284,N3,22,145,147,怒鳴る,どなる,自五,大声喊，怒喊,大声喊，怒喊,弟 と騒いで父に怒鳴られた。,弟と騒いで父に怒鳴られた。,和弟弟打闹被父亲怒叱了。,和弟弟打闹被父亲怒叱了。,original_book,,使用原书例句与原书中文译文。,True
n3_2285,2285,N3,22,145,147,飛ばす,とばす,他五,使……飞，放；溅，喷；飞驰，疾驰,使……飞，放；溅，喷；飞驰，疾驰,事件が起こると新聞社はすぐに記者を飛ばした。,事件が起こると新聞社はすぐに記者を飛ばした。,事件一发生，报社就立马派记者赶到现场了。,事件一发生，报社就立马派记者赶到现场了。,original_book,,使用原书例句与原书中文译文。,True
n3_2286,2286,N3,22,145,147,泊める,とめる,他一,留住，留宿,留住，留宿,一晩泊めてください。,一晩泊めてください。,请留宿一晚。,请留宿一晚。,original_book,,使用原书例句与原书中文译文。,True
n3_2287,2287,N3,22,145,147,握る,にぎる,他五,握；抓；捏饭团（寿司）；掌握,握；抓；捏饭团（寿司）；掌握,何か私たちの秘密を握っているようだ。,何か私たちの秘密を握っているようだ。,好像掌握了我们的某个秘密。,好像掌握了我们的某个秘密。,original_book,,使用原书例句与原书中文译文。,True
n3_2288,2288,N3,22,145,147,パス,パス,名·自サ,免票，月票；通行证；及格,免票，月票；通行证；及格,大学の入試にパスした。,大学の入試にパスした。,通过了大学入学考试。,通过了大学入学考试。,original_book,,使用原书例句与原书中文译文。,True
n3_2289,2289,N3,22,145,147,罰,ばつ,名,惩罚，处罚,惩罚，处罚,厳しい罰を受ける。,厳しい罰を受ける。,受到严厉的惩罚。,受到严厉的惩罚。,original_book,,使用原书例句与原书中文译文。,True
n3_2290,2290,N3,22,145,147,幅,はば,名,宽度，幅面；幅度，范围,宽度，幅面；幅度，范围,規則の運用にはある程度の幅を持たせるべきだ。,規則の運用にはある程度の幅を持たせるべきだ。,实施规定应该留有一定的余地。,实施规定应该留有一定的余地。,original_book,,使用原书例句与原书中文译文。,True
n3_2291,2291,N3,22,145,147,バランス,バランス,名·自サ,平衡,平衡,貿易のバランスを図る。,貿易のバランスを図る。,谋求贸易平衡。,谋求贸易平衡。,original_book,,使用原书例句与原书中文译文。,True
n3_2292,2292,N3,22,145,147,ビニール,ビニール,名,塑料,塑料,ビニールのテーブル掛けをかけている。,ビニールのテーブル掛けをかけている。,铺上塑料桌布。,铺上塑料桌布。,original_book,,使用原书例句与原书中文译文。,True
n3_2293,2293,N3,22,145,147,付近,ふきん,名,附近，一带,附近，一带,この付近に交番がありますか。,この付近に交番がありますか。,这附近有派出所吗？,这附近有派出所吗？,original_book,,使用原书例句与原书中文译文。,True
n3_2294,2294,N3,22,145,147,不幸,ふこう,名·形动,不幸，厄运，倒霉,不幸，厄运，倒霉,怪我をしなかったのは不幸中の幸いだった。,怪我をしなかったのは不幸中の幸いだった。,没有受伤是不幸中的万幸。,没有受伤是不幸中的万幸。,original_book,,使用原书例句与原书中文译文。,True
n3_2295,2295,N3,22,145,147,平均点,へいきんてん,名,平均分,平均分,クラスの平均点が上がったので、先生が喜んでいた。,クラスの平均点が上がったので、先生が喜んでいた。,班级平均分提高了，老师很高兴。,班级平均分提高了，老师很高兴。,original_book,,使用原书例句与原书中文译文。,True
n3_2296,2296,N3,22,145,147,ペース,ペース,名,步调；球速,步调；球速,長距離走では、自分のペースを保つことが大切だ。,長距離走では、自分のペースを保つことが大切だ。,在长跑中，保持自己的节奏很重要。,在长跑中，保持自己的节奏很重要。,original_book,,使用原书例句与原书中文译文。,True
n3_2297,2297,N3,22,146,148,ヘッドホン,ヘッドホン,名,头戴式受话器，耳机,头戴式受话器，耳机,ヘッドホンを使って音楽を聴くと、もっと集中できる。,ヘッドホンを使って音楽を聴くと、もっと集中できる。,用耳机听音乐听得更专注。,用耳机听音乐听得更专注。,original_book,,使用原书例句与原书中文译文。,True
n3_2298,2298,N3,22,146,148,ヘリコプター,ヘリコプター,名,直升机,直升机,ヘリコプターで現場に飛んだ。,ヘリコプターで現場に飛んだ。,乘直升机赶赴现场了。,乘直升机赶赴现场了。,original_book,,使用原书例句与原书中文译文。,True
n3_2299,2299,N3,22,146,148,便,べん,名·接尾,便利，方便,便利，方便,ここは交通の便が悪く、バスは2時間に一本しかない。,ここは交通の便が悪く、バスは2時間に一本しかない。,这里交通不便，每两个小时只有一班公交车。,这里交通不便，每两个小时只有一班公交车。,original_book,,使用原书例句与原书中文译文。,True
n3_2300,2300,N3,22,146,148,歩,ほ,名,步,步,歩を急がせる。,歩を急がせる。,加快脚步。,加快脚步。,original_book,,使用原书例句与原书中文译文。,True
n3_2301,2301,N3,22,146,148,棒,ぼう,名,棍子，棒子,棍子，棒子,棒を担ぐ。,棒を担ぐ。,扛着棒子。,扛着棒子。,original_book,,使用原书例句与原书中文译文。,True
n3_2302,2302,N3,22,146,148,坊や,ぼうや,名,小朋友，小宝宝；你；儿子；男孩儿,小朋友，小宝宝；你；儿子；男孩儿,いつまでたっても坊やで困る。,いつまでたっても坊やで困る。,总是长不大，让人犯愁。,总是长不大，让人犯愁。,original_book,,使用原书例句与原书中文译文。,True
n3_2303,2303,N3,22,146,148,方々,ほうぼう,名,各处，到处,各处，到处,世界の方々から日本に来る。,世界の方々から日本に来る。,从世界各地来到日本。,从世界各地来到日本。,original_book,,使用原书例句与原书中文译文。,True
n3_2304,2304,N3,22,146,148,麻雀,マージャン,名,麻将（牌）,麻将（牌）,マージャンクラブでマージャンをする。,マージャンクラブでマージャンをする。,在麻将俱乐部打麻将。,在麻将俱乐部打麻将。,original_book,,使用原书例句与原书中文译文。,True
n3_2305,2305,N3,22,146,148,まさに,まさに,副,真正；的确，确实；快要，将，即将，将要,真正；的确，确实；快要，将，即将，将要,それはまさに私の言いたいところだ。,それはまさに私の言いたいところだ。,那正是我想说的。,那正是我想说的。,original_book,,使用原书例句与原书中文译文。,True
n3_2306,2306,N3,22,146,148,饅頭,まんじゅう,名,馒头，包子,馒头，包子,わが店にはおいしい人気のまんじゅうが数々あり、今でも愛されています。,わが店にはおいしい人気のまんじゅうが数々あり、今でも愛されています。,我们店里有多款美味的包子深受大家喜爱，至今还很受欢迎。,我们店里有多款美味的包子深受大家喜爱，至今还很受欢迎。,original_book,,使用原书例句与原书中文译文。,True
n3_2307,2307,N3,22,146,148,ミルク,ミルク,名,牛奶,牛奶,子供をミルクで育てる。,子供をミルクで育てる。,让孩子喝牛奶长大。,让孩子喝牛奶长大。,original_book,,使用原书例句与原书中文译文。,True
n3_2308,2308,N3,22,146,148,名,めい,名·接尾,名，名字；知名，有名,名，名字；知名，有名,彼の姓は田中で、名は一郎です。,彼の姓は田中で、名は一郎です。,他的姓是田中，名字是一郎。,他的姓是田中，名字是一郎。,original_book,,使用原书例句与原书中文译文。,True
n3_2309,2309,N3,22,146,148,嫁,よめ,名,儿媳妇；妻子；新娘,儿媳妇；妻子；新娘,去年長女を嫁にやりました。,去年長女を嫁にやりました。,去年长女出嫁了。,去年长女出嫁了。,original_book,,使用原书例句与原书中文译文。,True
n3_2310,2310,N3,22,146,148,料,りょう,接尾,费用，代价,费用，代价,携帯電話の使用料プランや割引サービス、各サービスの料金などをご紹介します。,携帯電話の使用料プランや割引サービス、各サービスの料金などをご紹介します。,为您介绍手机的费用套餐、折扣优惠和各项服务的费用明细等。,为您介绍手机的费用套餐、折扣优惠和各项服务的费用明细等。,original_book,,使用原书例句与原书中文译文。,True
n3_2311,2311,N3,22,147,149,列,れつ,名,队，行列，列；排，行；队伍，队列,队，行列，列；排，行；队伍，队列,兵隊の列が家の前を通り過ぎて行った。,兵隊の列が家の前を通り過ぎて行った。,军队经过家门口，走远了。,军队经过家门口，走远了。,original_book,,使用原书例句与原书中文译文。,True
n3_2312,2312,N3,22,147,149,恋愛,れんあい,名·自サ,恋爱,恋爱,高校時代には、クラスメートの恋愛話で盛り上がったものだ。,高校時代には、クラスメートの恋愛話で盛り上がったものだ。,上高中的时候，大家常常热烈地讨论同班同学的恋爱故事。,上高中的时候，大家常常热烈地讨论同班同学的恋爱故事。,original_book,,使用原书例句与原书中文译文。,True
n3_2313,2313,N3,22,147,149,レンタル,レンタル,名,租赁,租赁,私たちはパーティー用にレンタルルームを予約しました。,私たちはパーティー用にレンタルルームを予約しました。,我们预订了一间供租用的房间来举办聚会。,我们预订了一间供租用的房间来举办聚会。,original_book,,使用原书例句与原书中文译文。,True
n3_2314,2314,N3,22,147,149,レンタルビデオ,レンタルビデオ,名,租赁录像带,租赁录像带,昔はよくレンタルビデオ屋さんに行きました。,昔はよくレンタルビデオ屋さんに行きました。,过去常常去录像带租赁店。,过去常常去录像带租赁店。,original_book,,使用原书例句与原书中文译文。,True
n3_2315,2315,N3,22,147,149,わざと,わざと,副,故意地，特意地,故意地，特意地,わざとうそをついたのです。,わざとうそをついたのです。,故意撒了谎。,故意撒了谎。,original_book,,使用原书例句与原书中文译文。,True
n3_2316,2316,N3,23,148,150,アップ,アップ,名·自サ,增高，提高,增高，提高,数学の成績がアップしました。,数学の成績がアップしました。,数学成绩提高了。,数学成绩提高了。,original_book,,使用原书例句与原书中文译文。,True
n3_2317,2317,N3,23,148,150,粗筋,あらすじ,名,梗概，概要,梗概，概要,では、さっそくこの映画の粗筋をご紹介いたしましょう。,では、さっそくこの映画の粗筋をご紹介いたしましょう。,下面我给大家介绍一下这部电影的梗概。,下面我给大家介绍一下这部电影的梗概。,original_book,,使用原书例句与原书中文译文。,True
n3_2318,2318,N3,23,148,150,合わせる,あわせる,他一,合起，合并；加在一起,合起，合并；加在一起,力を合わせて働きます。,力を合わせて働きます。,通力合作。,通力合作。,original_book,,使用原书例句与原书中文译文。,True
n3_2319,2319,N3,23,148,150,痛み,いたみ,名,痛，疼,痛，疼,夕べ、腹に激しい痛みを感じました。,夕べ、腹に激しい痛みを感じました。,昨晚肚子疼得厉害。,昨晚肚子疼得厉害。,original_book,,使用原书例句与原书中文译文。,True
n3_2320,2320,N3,23,148,150,痛む,いたむ,自五,疼痛；苦恼，悲痛,疼痛；苦恼，悲痛,傷が痛むので眠れませんでした。,傷が痛むので眠れませんでした。,伤口疼，无法入睡。,伤口疼，无法入睡。,original_book,,使用原书例句与原书中文译文。,True
n3_2321,2321,N3,23,148,150,一遍に,いっぺんに,副,一次，一下子；同时，一起,一次，一下子；同时，一起,部屋の掃除をいっぺんに全部終わらせた。,部屋の掃除をいっぺんに全部終わらせた。,一口气把房间全部打扫完了。,一口气把房间全部打扫完了。,original_book,,使用原书例句与原书中文译文。,True
n3_2322,2322,N3,23,148,150,一方通行,いっぽうつうこう,名,单行道，单向通行,单行道，单向通行,この道は一方通行なので、反対からは入れない。,この道は一方通行なので、反対からは入れない。,这条路是单行道，不能从反方向驶入。,这条路是单行道，不能从反方向驶入。,original_book,,使用原书例句与原书中文译文。,True
n3_2323,2323,N3,23,148,150,印鑑,いんかん,名,印章,印章,契約書には、印鑑を押す必要がある。,契約書には、印鑑を押す必要がある。,合同上需要加盖印章。,合同上需要加盖印章。,original_book,,使用原书例句与原书中文译文。,True
n3_2324,2324,N3,23,148,150,インク,インク,名,墨水,墨水,インクの補充が必要なので、買いに行きます。,インクの補充が必要なので、買いに行きます。,因为要补充墨水了，所以去买。,因为要补充墨水了，所以去买。,original_book,,使用原书例句与原书中文译文。,True
n3_2325,2325,N3,23,148,150,宇宙,うちゅう,名,宇宙,宇宙,広い宇宙の中に星がどのぐらいあるか、知っていますか。,広い宇宙の中に星がどのぐらいあるか、知っていますか。,你知道广袤的宇宙中有多少颗星星吗？,你知道广袤的宇宙中有多少颗星星吗？,original_book,,使用原书例句与原书中文译文。,True
n3_2326,2326,N3,23,148,150,沿岸,えんがん,名,沿岸；沿海,沿岸；沿海,沿岸地帯は風が強いです。,沿岸地帯は風が強いです。,沿海地区风比较大。,沿海地区风比较大。,original_book,,使用原书例句与原书中文译文。,True
n3_2327,2327,N3,23,148,150,親指,おやゆび,名,（手脚的）拇指,（手脚的）拇指,靴の親指の所が窮屈です。,靴の親指の所が窮屈です。,鞋的大脚趾处有些紧。,鞋的大脚趾处有些紧。,original_book,,使用原书例句与原书中文译文。,True
n3_2328,2328,N3,23,148,150,開始,かいし,名·自他サ,开始,开始,九時から店の営業を開始します。,九時から店の営業を開始します。,九点开始营业。,九点开始营业。,original_book,,使用原书例句与原书中文译文。,True
n3_2329,2329,N3,23,148,150,角度,かくど,名,角度；立场,角度；立场,もう一度角度を変えて考えてみましょう。,もう一度角度を変えて考えてみましょう。,再换个角度思考一下吧。,再换个角度思考一下吧。,original_book,,使用原书例句与原书中文译文。,True
n3_2330,2330,N3,23,149,151,下線,かせん,名,下划线,下划线,下線のついた言葉の意味を説明しなさい。,下線のついた言葉の意味を説明しなさい。,请解释画下划线的词的意思。,请解释画下划线的词的意思。,original_book,,使用原书例句与原书中文译文。,True
n3_2331,2331,N3,23,149,151,髪の毛,かみのけ,名,头发,头发,男性には髪の毛が長い女性が魅力的です。,男性には髪の毛が長い女性が魅力的です。,男人认为头发长的女性有魅力。,男人认为头发长的女性有魅力。,original_book,,使用原书例句与原书中文译文。,True
n3_2332,2332,N3,23,149,151,皮,かわ,名,皮，外皮,皮，外皮,リンゴは皮のままで食べてもいいです。,リンゴは皮のままで食べてもいいです。,苹果可以带皮吃。,苹果可以带皮吃。,original_book,,使用原书例句与原书中文译文。,True
n3_2333,2333,N3,23,149,151,間隔,かんかく,名,间隔,间隔,バスは十分間隔で運行します。,バスは十分間隔で運行します。,公交车每隔十分钟发车。,公交车每隔十分钟发车。,original_book,,使用原书例句与原书中文译文。,True
n3_2334,2334,N3,23,149,151,関西,かんさい,名,关西（通常指以京都、大阪、神户为中心的地区）,关西（通常指以京都、大阪、神户为中心的地区）,母親は関西の出身です。,母親は関西の出身です。,妈妈是关西人。,妈妈是关西人。,original_book,,使用原书例句与原书中文译文。,True
n3_2335,2335,N3,23,149,151,元日,がんじつ,名,元旦,元旦,元日は一年の最初の日で、国民の祝日です。,元日は一年の最初の日で、国民の祝日です。,元旦是一年的第一天，是法定节日。,元旦是一年的第一天，是法定节日。,original_book,,使用原书例句与原书中文译文。,True
n3_2336,2336,N3,23,149,151,逆,ぎゃく,名·形动,逆；倒；反,逆；倒；反,あの人はいつも言うこととやることが逆です。,あの人はいつも言うこととやることが逆です。,那个人一贯言行相悖。,那个人一贯言行相悖。,original_book,,使用原书例句与原书中文译文。,True
n3_2337,2337,N3,23,149,151,恐怖,きょうふ,名·他自サ,恐怖，恐惧，害怕,恐怖，恐惧，害怕,恐怖で思わず大声を出してしまいました。,恐怖で思わず大声を出してしまいました。,由于恐惧，不由得大喊了出来。,由于恐惧，不由得大喊了出来。,original_book,,使用原书例句与原书中文译文。,True
n3_2338,2338,N3,23,149,151,禁煙,きんえん,名·自サ,禁止吸烟,禁止吸烟,会社で禁煙して三月めになります。,会社で禁煙して三月めになります。,公司禁烟将进入第三个月了。,公司禁烟将进入第三个月了。,original_book,,使用原书例句与原书中文译文。,True
n3_2339,2339,N3,23,149,151,クリーム,クリーム,名,奶油，乳油；雪糕，冰激凌；雪花膏：（皮）鞋油,奶油，乳油；雪糕，冰激凌；雪花膏：（皮）鞋油,スキンケアには保湿のためにクリームを使っている。,スキンケアには保湿のためにクリームを使っている。,我在护肤时使用乳霜来保湿。,我在护肤时使用乳霜来保湿。,original_book,,使用原书例句与原书中文译文。,True
n3_2340,2340,N3,23,149,151,包む,くるむ,名,包，裹，卷（他五）,包，裹，卷（他五）,寒い日は暖かい毛布に包むと心地よい。,寒い日は暖かい毛布に包むと心地よい。,寒冷的日子里，裹着暖和的毯子让人感觉很舒服。,寒冷的日子里，裹着暖和的毯子让人感觉很舒服。,original_book,,使用原书例句与原书中文译文。,True
n3_2341,2341,N3,23,149,151,グルメ,グルメ,名,美食家,美食家,彼女はグルメで、美味しいレストランをたくさん知っている。,彼女はグルメで、美味しいレストランをたくさん知っている。,她是美食家，知道很多菜品美味的餐厅。,她是美食家，知道很多菜品美味的餐厅。,original_book,,使用原书例句与原书中文译文。,True
n3_2342,2342,N3,23,149,151,謙譲,けんじょう,名·形动,谦让，谦逊,谦让，谦逊,あの人には謙譲の美徳が見られません。,あの人には謙譲の美徳が見られません。,看不出他有谦虚的美德。,看不出他有谦虚的美德。,original_book,,使用原书例句与原书中文译文。,True
n3_2343,2343,N3,23,149,151,穀物,こくもつ,名,粮食，谷物,粮食，谷物,米や麦などはみんな穀物です。,米や麦などはみんな穀物です。,稻米和大麦都是谷物。,稻米和大麦都是谷物。,original_book,,使用原书例句与原书中文译文。,True
n3_2344,2344,N3,23,149,151,古典,こてん,名,古书，古籍,古书，古籍,中国の古典的な本を見ました。,中国の古典的な本を見ました。,看到了中国的古典书籍。,看到了中国的古典书籍。,original_book,,使用原书例句与原书中文译文。,True
n3_2345,2345,N3,23,149,151,今学期,こんがっき,名,这学期,这学期,今学期の試験の準備はどうですか。,今学期の試験の準備はどうですか。,这学期考试准备得如何？,这学期考试准备得如何？,original_book,,使用原书例句与原书中文译文。,True
n3_2346,2346,N3,23,149,151,コンセント,コンセント,词,（和concentric+plug)（名）插座，万能插口,（和concentric+plug)（名）插座，万能插口,このコンセントが超格好いいです。,このコンセントが超格好いいです。,这个插座非常酷。,这个插座非常酷。,original_book,,使用原书例句与原书中文译文。,True
n3_2347,2347,N3,23,149,151,コンピューター,コンピューター,名,电子计算机,电子计算机,我が社は給与部門を完全にコンピューター化した。,我が社は給与部門を完全にコンピューター化した。,我们公司的供应部门全部实现了计算机化。,我们公司的供应部门全部实现了计算机化。,original_book,,使用原书例句与原书中文译文。,True
n3_2348,2348,N3,23,149,151,昨日,さくじつ,名,昨天,昨天,昨日帰京しました。,昨日帰京しました。,昨天回东京了。,昨天回东京了。,original_book,,使用原书例句与原书中文译文。,True
n3_2349,2349,N3,23,150,152,詩,し,名,诗，诗歌,诗，诗歌,宮沢賢治の童話と詩を掲載します。,宮沢賢治の童話と詩を掲載します。,登载宫泽贤治的童话和诗歌。,登载宫泽贤治的童话和诗歌。,original_book,,使用原书例句与原书中文译文。,True
n3_2350,2350,N3,23,150,152,失恋,しつれん,名·自サ,失恋,失恋,彼は失恋しました。,彼は失恋しました。,他失恋了。,他失恋了。,original_book,,使用原书例句与原书中文译文。,True
n3_2351,2351,N3,23,150,152,市内,しない,名,市内,市内,家は市内にあります。,家は市内にあります。,家在市内。,家在市内。,original_book,,使用原书例句与原书中文译文。,True
n3_2352,2352,N3,23,150,152,首相,しゅしょう,名,首相，总理大臣,首相，总理大臣,議会が首相を指名します。,議会が首相を指名します。,议会指定首相人选。,议会指定首相人选。,original_book,,使用原书例句与原书中文译文。,True
n3_2353,2353,N3,23,150,152,巡査,じゅんさ,名,警察，巡查,警察，巡查,20年も巡査をしています。,20年も巡査をしています。,做巡警工作长达20年了。,做巡警工作长达20年了。,original_book,,使用原书例句与原书中文译文。,True
n3_2354,2354,N3,23,150,152,定規,じょうぎ,名,规尺；标准,规尺；标准,図面を描く時、定規を使って線を引いた。,図面を描く時、定規を使って線を引いた。,画图纸时，用尺子画了线。,画图纸时，用尺子画了线。,original_book,,使用原书例句与原书中文译文。,True
n3_2355,2355,N3,23,150,152,上機嫌,じょうきげん,名·形动,兴高采烈,兴高采烈,試験に合格して、彼は一日中 上機嫌だった。,試験に合格して、彼は一日中上機嫌だった。,他通过了考试，一整天心情都很好。,他通过了考试，一整天心情都很好。,original_book,,使用原书例句与原书中文译文。,True
n3_2356,2356,N3,23,150,152,消極的,しょうきょくてき,形动,消极的,消极的,消 極的な態度をとります。,消極的な態度をとります。,采取消极的态度。,采取消极的态度。,original_book,,使用原书例句与原书中文译文。,True
n3_2357,2357,N3,23,150,152,条件,じょうけん,名,条件,条件,一日だけという条件で借ります。,一日だけという条件で借ります。,以只借一天为条件借出。,以只借一天为条件借出。,original_book,,使用原书例句与原书中文译文。,True
n3_2358,2358,N3,23,150,152,上司,じょうし,名,上司,上司,上司にプロジェクトの進捗を報告した。,上司にプロジェクトの進捗を報告した。,我向上级汇报了项目进展。,我向上级汇报了项目进展。,original_book,,使用原书例句与原书中文译文。,True
n3_2359,2359,N3,23,150,152,障子,しょうじ,名,（日式房屋门框上糊纸的）拉门；隔扇；屏风,（日式房屋门框上糊纸的）拉门；隔扇；屏风,壁に耳あり、障子に目あり。,壁に耳あり、障子に目あり。,隔墙有耳。,隔墙有耳。,original_book,,使用原书例句与原书中文译文。,True
n3_2360,2360,N3,23,150,152,常識,じょうしき,名,常识,常识,常識で判断すればすぐ分かることです。,常識で判断すればすぐ分かることです。,只要用常识判断便知。,只要用常识判断便知。,original_book,,使用原书例句与原书中文译文。,True
n3_2361,2361,N3,23,150,152,乗車,じょうしゃ,名·自サ,乘车，上车,乘车，上车,京都駅で大阪行きの電車に乗車します。,京都駅で大阪行きの電車に乗車します。,在京都站乘坐开往大阪的电车。,在京都站乘坐开往大阪的电车。,original_book,,使用原书例句与原书中文译文。,True
n3_2362,2362,N3,23,150,152,書類,しょるい,名,文件,文件,書類に目を通します。,書類に目を通します。,浏览文件。,浏览文件。,original_book,,使用原书例句与原书中文译文。,True
n3_2363,2363,N3,23,150,152,シリーズ,シリーズ,名,系列，一套；丛书,系列，一套；丛书,その物語はシリーズで出版されています。,その物語はシリーズで出版されています。,那个故事以系列书籍的形式出版了。,那个故事以系列书籍的形式出版了。,original_book,,使用原书例句与原书中文译文。,True
n3_2364,2364,N3,23,150,152,資料,しりょう,名,资料,资料,人口問題に関する資料を集めます。,人口問題に関する資料を集めます。,收集关于人口问题的资料。,收集关于人口问题的资料。,original_book,,使用原书例句与原书中文译文。,True
n3_2365,2365,N3,23,150,152,シルク,シルク,名,丝绸,丝绸,シルクロードを行きます。,シルクロードを行きます。,走丝绸之路。,走丝绸之路。,original_book,,使用原书例句与原书中文译文。,True
n3_2366,2366,N3,23,150,152,神話,しんわ,名,神话,神话,日本神話とは日本に伝わる神話のことです。,日本神話とは日本に伝わる神話のことです。,日本神话是指流传于日本的神话。,日本神话是指流传于日本的神话。,original_book,,使用原书例句与原书中文译文。,True
n3_2367,2367,N3,23,150,152,済まない,すまない,词,（连）对不起，抱歉，过意不去,（连）对不起，抱歉，过意不去,彼には済まないことをした。,彼には済まないことをした。,做了对不起他的事情。,做了对不起他的事情。,original_book,,使用原书例句与原书中文译文。,True
n3_2368,2368,N3,23,151,153,製品,せいひん,名,产品,产品,製品を市場に出す。,製品を市場に出す。,将产品投放到市场上。,将产品投放到市场上。,original_book,,使用原书例句与原书中文译文。,True
n3_2369,2369,N3,23,151,153,正方形,せいほうけい,名,正方形,正方形,この料理を作るには、まず茄子を大きめの正方形に切らなければならない。,この料理を作るには、まず茄子を大きめの正方形に切らなければならない。,做这道菜，得先将茄子切成正方形的大块。,做这道菜，得先将茄子切成正方形的大块。,original_book,,使用原书例句与原书中文译文。,True
n3_2370,2370,N3,23,151,153,セール,セール,名,廉售，贱卖，大减价,廉售，贱卖，大减价,あの店で衣料品の年末セールをやっている。,あの店で衣料品の年末セールをやっている。,那家店在做服装的年末促销。,那家店在做服装的年末促销。,original_book,,使用原书例句与原书中文译文。,True
n3_2371,2371,N3,23,151,153,倉庫,そうこ,名,仓库，库房,仓库，库房,福島から運んできた品物は全部倉庫に入れた。,福島から運んできた品物は全部倉庫に入れた。,从福岛运来的货物全部存入仓库了。,从福岛运来的货物全部存入仓库了。,original_book,,使用原书例句与原书中文译文。,True
n3_2372,2372,N3,23,151,153,そっくり,そっくり,副,全部，完全；一模一样,全部，完全；一模一样,あの子はお母さんそっくりになってきた。,あの子はお母さんそっくりになってきた。,那个孩子越长越像妈妈了。,那个孩子越长越像妈妈了。,original_book,,使用原书例句与原书中文译文。,True
n3_2373,2373,N3,23,151,153,揃う,そろう,自五,汇集，聚集；齐全；整齐，一致,汇集，聚集；齐全；整齐，一致,子どもの入学用品がそろった。,子どもの入学用品がそろった。,孩子的入学用品已经备齐了。,孩子的入学用品已经备齐了。,original_book,,使用原书例句与原书中文译文。,True
n3_2374,2374,N3,23,151,153,戦う·闘う,たたかう,自五,打仗，战斗,打仗，战斗,寒さと戦いながら北の海を進む。,寒さと戦いながら北の海を進む。,顶着寒冷向北方的海洋前进。,顶着寒冷向北方的海洋前进。,original_book,,使用原书例句与原书中文译文。,True
n3_2375,2375,N3,23,151,153,種,たね,名,种子；原因,种子；原因,おもちゃが子どもたちのけんかの種になります。,おもちゃが子どもたちのけんかの種になります。,玩具是孩子们争吵的祸根。,玩具是孩子们争吵的祸根。,original_book,,使用原书例句与原书中文译文。,True
n3_2376,2376,N3,23,151,153,長短,ちょうたん,名,长的和短的；长处和短处,长的和短的；长处和短处,彼ら夫婦は各々長短相補っている。,彼ら夫婦は各々長短相補っている。,他们夫妻俩长短互补。,他们夫妻俩长短互补。,original_book,,使用原书例句与原书中文译文。,True
n3_2377,2377,N3,23,151,153,著者,ちょしゃ,名,著者，作者,著者，作者,この本の著者は父の知り合いです。,この本の著者は父の知り合いです。,这本书的作者是我父亲的朋友。,这本书的作者是我父亲的朋友。,original_book,,使用原书例句与原书中文译文。,True
n3_2378,2378,N3,23,151,153,定員,ていいん,名,定额（人员）；规定人数,定额（人员）；规定人数,出席者が定員に達しないため会は延期になった。,出席者が定員に達しないため会は延期になった。,因没有达到规定的人数，会议延期召开。,因没有达到规定的人数，会议延期召开。,original_book,,使用原书例句与原书中文译文。,True
n3_2379,2379,N3,23,151,153,伝統,でんとう,名,传统,传统,歌舞伎の伝統を守る。,歌舞伎の伝統を守る。,守护歌舞伎的传统。,守护歌舞伎的传统。,original_book,,使用原书例句与原书中文译文。,True
n3_2380,2380,N3,23,151,153,同様,どうよう,名·形动,一样,一样,昨年同様のお引き立てをお願いします。,昨年同様のお引き立てをお願いします。,请您今年如去年一样多加关照。,请您今年如去年一样多加关照。,original_book,,使用原书例句与原书中文译文。,True
n3_2381,2381,N3,23,151,153,徒歩,とほ,名,徒步,徒步,駅から学校までは徒歩で10分かかる。,駅から学校までは徒歩で10分かかる。,从火车站步行到学校需要10分钟。,从火车站步行到学校需要10分钟。,original_book,,使用原书例句与原书中文译文。,True
n3_2382,2382,N3,23,151,153,泊まり,とまり,名,过夜，住宿,过夜，住宿,友達の家にお泊まりに行った。,友達の家にお泊まりに行った。,去朋友家过夜了。,去朋友家过夜了。,original_book,,使用原书例句与原书中文译文。,True
n3_2383,2383,N3,23,151,153,留める,とめる,他一,固定住；系，扣；留在，记住,固定住；系，扣；留在，记住,議論をその問題だけに留める。,議論をその問題だけに留める。,讨论只围绕那个问题展开。,讨论只围绕那个问题展开。,original_book,,使用原书例句与原书中文译文。,True
n3_2384,2384,N3,23,151,153,兎も角,ともかく,副,不管怎样；姑且不论,不管怎样；姑且不论,10代の子どもならともかく、あの年で分別のない話だ。,10代の子どもならともかく、あの年で分別のない話だ。,要是十几岁的孩子也就算了，都那么大了还说那种话，真是不懂事。,要是十几岁的孩子也就算了，都那么大了还说那种话，真是不懂事。,original_book,,使用原书例句与原书中文译文。,True
n3_2385,2385,N3,23,151,153,ドレス,ドレス,名,女式西装，女礼服,女式西装，女礼服,新調の衣装を着てドレスアップしている。,新調の衣装を着てドレスアップしている。,穿着新做的衣服出席。,穿着新做的衣服出席。,original_book,,使用原书例句与原书中文译文。,True
n3_2386,2386,N3,23,152,154,トン,トン,名,吨,吨,この船は何トンですか。,この船は何トンですか。,这艘船有多少吨？,这艘船有多少吨？,original_book,,使用原书例句与原书中文译文。,True
n3_2387,2387,N3,23,152,154,どんどん,どんどん,副,接连不断，一个劲儿地,接连不断，一个劲儿地,大ぜいでやったので、仕事がどんどん片付いた。,大ぜいでやったので、仕事がどんどん片付いた。,因为很多人一起做，所以工作很快就做完了。,因为很多人一起做，所以工作很快就做完了。,original_book,,使用原书例句与原书中文译文。,True
n3_2388,2388,N3,23,152,154,流す,ながす,他五,冲走；使流走；流出；流放,冲走；使流走；流出；流放,トイレの水を流す。,トイレの水を流す。,冲马桶。,冲马桶。,original_book,,使用原书例句与原书中文译文。,True
n3_2389,2389,N3,23,152,154,流れ,ながれ,名,流，流动；河流；潮流，趋势,流，流动；河流；潮流，趋势,人の流れに逆らって歩く。,人の流れに逆らって歩く。,在人群中逆行。,在人群中逆行。,original_book,,使用原书例句与原书中文译文。,True
n3_2390,2390,N3,23,152,154,流れる,ながれる,自一,流，流动；传播，传开,流，流动；传播，传开,川は市内を流れている。,川は市内を流れている。,这条河流经市区。,这条河流经市区。,original_book,,使用原书例句与原书中文译文。,True
n3_2391,2391,N3,23,152,154,入門,にゅうもん,名·自サ,进入门内；拜师；初学；入门书,进入门内；拜师；初学；入门书,「スキー入門」を買った。,「スキー入門」を買った。,买了《滑雪入门》。,买了《滑雪入门》。,original_book,,使用原书例句与原书中文译文。,True
n3_2392,2392,N3,23,152,154,能力,のうりょく,名,能力,能力,能力を上げる。,能力を上げる。,提高能力。,提高能力。,original_book,,使用原书例句与原书中文译文。,True
n3_2393,2393,N3,23,152,154,墓,はか,名,坟，墓，坟墓,坟，墓，坟墓,墓に花束を供える。,墓に花束を供える。,为逝者献花。,为逝者献花。,original_book,,使用原书例句与原书中文译文。,True
n3_2394,2394,N3,23,152,154,放れる,はなれる,自一,脱开，脱离,脱开，脱离,犬が鎖から放れる。,犬が鎖から放れる。,狗挣脱锁链。,狗挣脱锁链。,original_book,,使用原书例句与原书中文译文。,True
n3_2395,2395,N3,23,152,154,省く,はぶく,他五,节省，减去；省略；去掉，除掉,节省，减去；省略；去掉，除掉,手間を省く。,手間を省く。,省事。,省事。,original_book,,使用原书例句与原书中文译文。,True
n3_2396,2396,N3,23,152,154,犯罪,はんざい,名,犯罪,犯罪,犯罪を防ぐ。,犯罪を防ぐ。,防止犯罪。,防止犯罪。,original_book,,使用原书例句与原书中文译文。,True
n3_2397,2397,N3,23,152,154,判断,はんだん,名·他サ,判断,判断,人を見かけで判断するものではない。,人を見かけで判断するものではない。,不要凭外表判断一个人。,不要凭外表判断一个人。,original_book,,使用原书例句与原书中文译文。,True
n3_2398,2398,N3,23,152,154,批判,ひはん,名·他サ,批判，批评，评论,批判，批评，评论,周囲の批判を受ける。,周囲の批判を受ける。,接受周围人的批评。,接受周围人的批评。,original_book,,使用原书例句与原书中文译文。,True
n3_2399,2399,N3,23,152,154,昼寝,ひるね,名·自サ,午睡，午觉,午睡，午觉,昼寝をする。,昼寝をする。,睡午觉。,睡午觉。,original_book,,使用原书例句与原书中文译文。,True
n3_2400,2400,N3,23,152,154,広がる,ひろがる,自五,变宽，拓宽，舒展扩展；蔓延,变宽，拓宽，舒展扩展；蔓延,洪水は全村に広がった。,洪水は全村に広がった。,洪水淹了整个村庄。,洪水淹了整个村庄。,original_book,,使用原书例句与原书中文译文。,True
n3_2401,2401,N3,23,152,154,振り仮名,ふりがな,名,注音假名,注音假名,住所に振り仮名をつける。,住所に振り仮名をつける。,给住址标上注音假名。,给住址标上注音假名。,original_book,,使用原书例句与原书中文译文。,True
n3_2402,2402,N3,23,152,154,噴火,ふんか,名·自サ,（火山）喷火,（火山）喷火,富士山は噴火しない火山だ。,富士山は噴火しない火山だ。,富士山是休眠火山。,富士山是休眠火山。,original_book,,使用原书例句与原书中文译文。,True
n3_2403,2403,N3,23,152,154,編,へん,名·接尾,编，编辑，编纂,编，编辑，编纂,本書はA氏の編にかかる。,本書はA氏の編にかかる。,本书是由A编著的。,本书是由A编著的。,original_book,,使用原书例句与原书中文译文。,True
n3_2404,2404,N3,23,152,154,変換,へんかん,名·自他サ,转换,转换,外国語を母国語に変換するのは、時に難しい。,外国語を母国語に変換するのは、時に難しい。,有时，把外语转换成母语是一件难事。,有时，把外语转换成母语是一件难事。,original_book,,使用原书例句与原书中文译文。,True
n3_2405,2405,N3,23,152,154,返却,へんきゃく,名·他サ,归还,归还,図書館の本は期限までに返却しなければならない。,図書館の本は期限までに返却しなければならない。,图书馆的书必须按时归还。,图书馆的书必须按时归还。,original_book,,使用原书例句与原书中文译文。,True
n3_2406,2406,N3,23,152,154,ペンギン,ペンギン,名,企鹅,企鹅,動物園でペンギンの水泳を見るのが好きだ。,動物園でペンギンの水泳を見るのが好きだ。,我喜欢在动物园看企鹅游泳。,我喜欢在动物园看企鹅游泳。,original_book,,使用原书例句与原书中文译文。,True
n3_2407,2407,N3,23,152,154,法学,ほうがく,名,法学,法学,彼女は法学部に進学して、弁護士になることを目指している。,彼女は法学部に進学して、弁護士になることを目指している。,她的目标是考入法学院，成为一名律师。,她的目标是考入法学院，成为一名律师。,original_book,,使用原书例句与原书中文译文。,True
n3_2408,2408,N3,23,153,155,法学部,ほうがくぶ,名,法学系,法学系,大学では法学部に進学する予定だ。,大学では法学部に進学する予定だ。,计划上了大学进入法学系学习。,计划上了大学进入法学系学习。,original_book,,使用原书例句与原书中文译文。,True
n3_2409,2409,N3,23,153,155,帚,ほうき,名,扫帚,扫帚,庭の落ち葉を掃くために、ほうきを使った。,庭の落ち葉を掃くために、ほうきを使った。,用扫帚扫了院子里的落叶。,用扫帚扫了院子里的落叶。,original_book,,使用原书例句与原书中文译文。,True
n3_2410,2410,N3,23,153,155,報告,ほうこく,名·他サ,报告；汇报,报告；汇报,事件の顛末を報告する。,事件の顛末を報告する。,汇报事件始末。,汇报事件始末。,original_book,,使用原书例句与原书中文译文。,True
n3_2411,2411,N3,23,153,155,満員,まんいん,名,名额已满；满员，满座,名额已满；满员，满座,申込受付は満員のため締め切ります。,申込受付は満員のため締め切ります。,因满员而终止受理申请。,因满员而终止受理申请。,original_book,,使用原书例句与原书中文译文。,True
n3_2412,2412,N3,23,153,155,ミーティング,ミーティング,名,会议，集会,会议，集会,仕事で、効率の良いミーティングのやり方、コツがありましたら教えてください。,仕事で、効率の良いミーティングのやり方、コツがありましたら教えてください。,请您告诉我如何在工作中高效率地开会。,请您告诉我如何在工作中高效率地开会。,original_book,,使用原书例句与原书中文译文。,True
n3_2413,2413,N3,23,153,155,民謡,みんよう,名,民谣，民歌,民谣，民歌,現在第一線で活躍している民謡歌手の歌声をインタビューを交えてお届けします。,現在第一線で活躍している民謡歌手の歌声をインタビューを交えてお届けします。,在访谈过程中请您欣赏现在一线民谣歌手的歌声。,在访谈过程中请您欣赏现在一线民谣歌手的歌声。,original_book,,使用原书例句与原书中文译文。,True
n3_2414,2414,N3,23,153,155,免許,めんきょ,名·他サ,批准，许可；许可证，执照,批准，许可；许可证，执照,免許を取得する。,免許を取得する。,取得许可。,取得许可。,original_book,,使用原书例句与原书中文译文。,True
n3_2415,2415,N3,23,153,155,メンバー,メンバー,名,会员,会员,あのチームには粒よりのメンバーが揃っている。,あのチームには粒よりのメンバーが揃っている。,那个团队尽是精英队员。,那个团队尽是精英队员。,original_book,,使用原书例句与原书中文译文。,True
n3_2416,2416,N3,23,153,155,愉快,ゆかい,名·形动,愉快；有意思,愉快；有意思,こうして時々お会いできるのは大変愉快なことです。,こうして時々お会いできるのは大変愉快なことです。,这样偶尔能够见面是非常令人愉快的。,这样偶尔能够见面是非常令人愉快的。,original_book,,使用原书例句与原书中文译文。,True
n3_2417,2417,N3,23,153,155,宜しく,よろしく,副·寒,适当；请关照，请指教,适当；请关照，请指教,新しい職場での挨拶として、「これから宜しくお願いします」と言った。,新しい職場での挨拶として、「これから宜しくお願いします」と言った。,她到了新单位，对同事们说：“今后请多多关照。”,她到了新单位，对同事们说：“今后请多多关照。”,original_book,,使用原书例句与原书中文译文。,True
n3_2418,2418,N3,23,153,155,リスト,リスト,名,名单，目录，一览表,名单，目录，一览表,彼の名前は候補者リストにある。,彼の名前は候補者リストにある。,他的名字出现在候选人名单中。,他的名字出现在候选人名单中。,original_book,,使用原书例句与原书中文译文。,True
n3_2419,2419,N3,23,153,155,リラックス,リラックス,名·自サ,松弛，轻松,松弛，轻松,このいすに座るとリラックスした気分になる。,このいすに座るとリラックスした気分になる。,坐在这把椅子上会感觉很放松。,坐在这把椅子上会感觉很放松。,original_book,,使用原书例句与原书中文译文。,True
n3_2420,2420,N3,23,153,155,ワールド,ワールド,名,世界,世界,ここは沖縄の歴史·文化·自然を丸ごと体験できるすばらしいワールドです。,ここは沖縄の歴史·文化·自然を丸ごと体験できるすばらしいワールドです。,这里是一个精彩的世界，能够让人全方位体验冲绳的历史、文化、自然。,这里是一个精彩的世界，能够让人全方位体验冲绳的历史、文化、自然。,original_book,,使用原书例句与原书中文译文。,True
n3_2421,2421,N3,24,154,156,あらゆる,あらゆる,连体,所有，一切,所有，一切,私たちは利用できるあらゆるものを利用しなければなりません。,私たちは利用できるあらゆるものを利用しなければなりません。,我们必须利用所有可以利用的东西。,我们必须利用所有可以利用的东西。,original_book,,使用原书例句与原书中文译文。,True
n3_2422,2422,N3,24,154,156,あれこれ,あれこれ,代·副,这个那个，种种,这个那个，种种,あれこれ考えてちっとも眠れませんでした。,あれこれ考えてちっとも眠れませんでした。,想了很多，根本睡不着。,想了很多，根本睡不着。,original_book,,使用原书例句与原书中文译文。,True
n3_2423,2423,N3,24,154,156,あれほど,あれほど,副,那样，那么,那样，那么,あれほど頑固な人は見たことがありません。,あれほど頑固な人は見たことがありません。,没见过那么顽固的人。,没见过那么顽固的人。,original_book,,使用原书例句与原书中文译文。,True
n3_2424,2424,N3,24,154,156,アレルギー,アレルギー,名,过敏反应,过敏反应,あいつの声を聞いただけでアレルギーが起こります。,あいつの声を聞いただけでアレルギーが起こります。,光是听到他的声音就会过敏。,光是听到他的声音就会过敏。,original_book,,使用原书例句与原书中文译文。,True
n3_2425,2425,N3,24,154,156,イタリア,イタリア,名,意大利,意大利,私はイタリア料理が大好きだ。,私はイタリア料理が大好きだ。,我非常喜欢意大利菜。,我非常喜欢意大利菜。,original_book,,使用原书例句与原书中文译文。,True
n3_2426,2426,N3,24,154,156,位置,いち,名·自サ,位置,位置,地図で今いる位置を確かめます。,地図で今いる位置を確かめます。,通过地图确认现在所处的位置。,通过地图确认现在所处的位置。,original_book,,使用原书例句与原书中文译文。,True
n3_2427,2427,N3,24,154,156,飲酒,いんしゅ,名·自サ,饮酒,饮酒,飲酒運転は法律で禁止されている。,飲酒運転は法律で禁止されている。,酒后驾车是被法律禁止的。,酒后驾车是被法律禁止的。,original_book,,使用原书例句与原书中文译文。,True
n3_2428,2428,N3,24,154,156,印象的,いんしょうてき,形动,有强烈印象，令人印象深刻,有强烈印象，令人印象深刻,彼女の歌声はとても印象的で、忘れられない。,彼女の歌声はとても印象的で、忘れられない。,她的歌声令人印象深刻，难以忘怀。,她的歌声令人印象深刻，难以忘怀。,original_book,,使用原书例句与原书中文译文。,True
n3_2429,2429,N3,24,154,156,インターネット,インターネット,名,因特网,因特网,最近はインターネットでニュースを読むことが多くなった。,最近はインターネットでニュースを読むことが多くなった。,最近，人们越来越经常在互联网上浏览新闻了。,最近，人们越来越经常在互联网上浏览新闻了。,original_book,,使用原书例句与原书中文译文。,True
n3_2430,2430,N3,24,154,156,インタビュー,インタビュー,名·自サ,采访,采访,彼は市長にインタビューすることになっている。,彼は市長にインタビューすることになっている。,他要采访市长。,他要采访市长。,original_book,,使用原书例句与原书中文译文。,True
n3_2431,2431,N3,24,154,156,インチ,インチ,名,英寸,英寸,1フィートは12インチである。,1フィートは12インチである。,1英尺等于12英寸。,1英尺等于12英寸。,original_book,,使用原书例句与原书中文译文。,True
n3_2432,2432,N3,24,154,156,エンジン,エンジン,名,发动机,发动机,やっとエンジンがかかった。,やっとエンジンがかかった。,总算发动起来了。,总算发动起来了。,original_book,,使用原书例句与原书中文译文。,True
n3_2433,2433,N3,24,154,156,お年寄り·年寄り,おとしより・としより,名,老年人,老年人,お年寄りの面倒を見ます。,お年寄りの面倒を見ます。,照顾老年人。,照顾老年人。,original_book,,使用原书例句与原书中文译文。,True
n3_2434,2434,N3,24,154,156,オペラ,オペラ,名,歌剧,歌剧,彼はオペラの歌ばかり歌っていました。,彼はオペラの歌ばかり歌っていました。,他只唱歌剧。,他只唱歌剧。,original_book,,使用原书例句与原书中文译文。,True
n3_2435,2435,N3,24,154,156,御参り,おまいり,名·自サ,参拜神佛，拜庙,参拜神佛，拜庙,神社へ御参りに行きます。,神社へ御参りに行きます。,去神社参拜。,去神社参拜。,original_book,,使用原书例句与原书中文译文。,True
n3_2436,2436,N3,24,155,157,思い掛けない,おもいがけない,形,意想不到的；偶然的,意想不到的；偶然的,ここで彼に会おうとは思いがけなかったです。,ここで彼に会おうとは思いがけなかったです。,没想到在这儿能碰见他。,没想到在这儿能碰见他。,original_book,,使用原书例句与原书中文译文。,True
n3_2437,2437,N3,24,155,157,カバー,カバー,名·他サ,覆盖物，外皮，套子；弥补，补偿,覆盖物，外皮，套子；弥补，补偿,本に布製のカバーをかけます。,本に布製のカバーをかけます。,将书套上布制的书皮。,将书套上布制的书皮。,original_book,,使用原书例句与原书中文译文。,True
n3_2438,2438,N3,24,155,157,下半身,かはんしん,名,下半身,下半身,人の体の、腰から下の部分を下半身と言います。,人の体の、腰から下の部分を下半身と言います。,人体腰部以下的部位称作下半身。,人体腰部以下的部位称作下半身。,original_book,,使用原书例句与原书中文译文。,True
n3_2439,2439,N3,24,155,157,感謝,かんしゃ,名·自他サ,感谢,感谢,先生のご指導を深く感謝いたします。,先生のご指導を深く感謝いたします。,我非常感谢老师的指导。,我非常感谢老师的指导。,original_book,,使用原书例句与原书中文译文。,True
n3_2440,2440,N3,24,155,157,看板,かんばん,名,招牌；广告牌,招牌；广告牌,その店の看板には「営業 中」と大きく書かれていた。,その店の看板には「営業中」と大きく書かれていた。,那家店的招牌上写着“正在营业”几个大字。,那家店的招牌上写着“正在营业”几个大字。,original_book,,使用原书例句与原书中文译文。,True
n3_2441,2441,N3,24,155,157,期限,きげん,名,期限,期限,このビザの期限は何日までですか。,このビザの期限は何日までですか。,这个签证到哪天过期？,这个签证到哪天过期？,original_book,,使用原书例句与原书中文译文。,True
n3_2442,2442,N3,24,155,157,気体,きたい,名,气体,气体,気体は一定の形がなく自由に流動します。,気体は一定の形がなく自由に流動します。,气体没有特定的形状，自由流动。,气体没有特定的形状，自由流动。,original_book,,使用原书例句与原书中文译文。,True
n3_2443,2443,N3,24,155,157,議長,ぎちょう,名,主席，议长,主席，议长,議長は普通議員の中から選ばれます。,議長は普通議員の中から選ばれます。,议长从普通议员中选出。,议长从普通议员中选出。,original_book,,使用原书例句与原书中文译文。,True
n3_2444,2444,N3,24,155,157,共通,きょうつう,名·自サ·形动,共同,共同,二人に共通する点はどちらも頭がいいことでしょう。,二人に共通する点はどちらも頭がいいことでしょう。,两个人的共同点是都很聪明。,两个人的共同点是都很聪明。,original_book,,使用原书例句与原书中文译文。,True
n3_2445,2445,N3,24,155,157,癖,くせ,名,癖性，癖好,癖性，癖好,弟 は話しながら顎を撫でる癖があります。,弟は話しながら顎を撫でる癖があります。,弟弟有边说话边摸下巴的习惯。,弟弟有边说话边摸下巴的习惯。,original_book,,使用原书例句与原书中文译文。,True
n3_2446,2446,N3,24,155,157,クリスマス,クリスマス,名,圣诞节,圣诞节,今年のクリスマスは家族でパーティーをする予定だ。,今年のクリスマスは家族でパーティーをする予定だ。,计划今年圣诞节和家人一起办一场聚会。,计划今年圣诞节和家人一起办一场聚会。,original_book,,使用原书例句与原书中文译文。,True
n3_2447,2447,N3,24,155,157,クリック,クリック,名·他サ,点击；单击,点击；单击,ウェブサイトで情報を見るときは、リンクをクリックする。,ウェブサイトで情報を見るときは、リンクをクリックする。,在网站上查看信息时要点击链接。,在网站上查看信息时要点击链接。,original_book,,使用原书例句与原书中文译文。,True
n3_2448,2448,N3,24,155,157,契約,けいやく,名·他サ,契约，合同,契约，合同,会社との契約が切れるまでにまだ2年以上あります。,会社との契約が切れるまでにまだ2年以上あります。,和公司的合同还有两年多到期。,和公司的合同还有两年多到期。,original_book,,使用原书例句与原书中文译文。,True
n3_2449,2449,N3,24,155,157,高学年,こうがくねん,名,小学高年级,小学高年级,彼は高学年のクラスの担任の先生です。,彼は高学年のクラスの担任の先生です。,他是高年级的班主任。,他是高年级的班主任。,original_book,,使用原书例句与原书中文译文。,True
n3_2450,2450,N3,24,155,157,故郷,こきょう,名,故乡，家乡，老家,故乡，家乡，老家,故郷は東京から千キロ以上離れています。,故郷は東京から千キロ以上離れています。,老家离东京有一千多千米。,老家离东京有一千多千米。,original_book,,使用原书例句与原书中文译文。,True
n3_2451,2451,N3,24,156,158,擦る,こする,他五,擦，揉,擦，揉,泥を擦って落とします。,泥を擦って落とします。,把泥巴搓掉。,把泥巴搓掉。,original_book,,使用原书例句与原书中文译文。,True
n3_2452,2452,N3,24,156,158,諺,ことわざ,名,谚语，俗语,谚语，俗语,「時は金なり」という 諺 があります。,「時は金なり」という諺があります。,有句谚语叫“时间就是金钱”。,有句谚语叫“时间就是金钱”。,original_book,,使用原书例句与原书中文译文。,True
n3_2453,2453,N3,24,156,158,殺す,ころす,他五,杀死，弄死,杀死，弄死,首を締めて殺す。,首を締めて殺す。,用绳子勒死。,用绳子勒死。,original_book,,使用原书例句与原书中文译文。,True
n3_2454,2454,N3,24,156,158,先程,さきほど,副,刚才，方才，刚过去不久,刚才，方才，刚过去不久,彼は先程帰ったばかりです。,彼は先程帰ったばかりです。,他刚刚回去了。,他刚刚回去了。,original_book,,使用原书例句与原书中文译文。,True
n3_2455,2455,N3,24,156,158,さて,さて,副,一旦，果真；那么，就,一旦，果真；那么，就,さて机に向かうと、勉強する気がなくなります。,さて机に向かうと、勉強する気がなくなります。,而一旦坐在书桌旁，就没有了学习的劲头。,而一旦坐在书桌旁，就没有了学习的劲头。,original_book,,使用原书例句与原书中文译文。,True
n3_2456,2456,N3,24,156,158,様々,さまざま,形动,形形色色，各种，各式各样,形形色色，各种，各式各样,人の性格は様様です。,人の性格は様様です。,人的性格各式各样。,人的性格各式各样。,original_book,,使用原书例句与原书中文译文。,True
n3_2457,2457,N3,24,156,158,刺激,しげき,名·他サ,刺激,刺激,この薬は舌に強い刺激を与えます。,この薬は舌に強い刺激を与えます。,这个药对舌头有强烈的刺激。,这个药对舌头有强烈的刺激。,original_book,,使用原书例句与原书中文译文。,True
n3_2458,2458,N3,24,156,158,従う,したがう,自五,跟随；服从；按照；伴随；顺；沿,跟随；服从；按照；伴随；顺；沿,案内人に従って見学します。,案内人に従って見学します。,跟随导游参观。,跟随导游参观。,original_book,,使用原书例句与原书中文译文。,True
n3_2459,2459,N3,24,156,158,従って,したがって,接续,因此，因而，所以,因此，因而，所以,毎日遊んでばかりいて、従って学校の成績も悪いです。,毎日遊んでばかりいて、従って学校の成績も悪いです。,每天都玩，因此学习成绩也差。,每天都玩，因此学习成绩也差。,original_book,,使用原书例句与原书中文译文。,True
n3_2460,2460,N3,24,156,158,自宅,じたく,名,自己的住宅,自己的住宅,自宅の電話番号と職場の電話番号をお教えします。,自宅の電話番号と職場の電話番号をお教えします。,我把家里的电话和单位的电话告诉您。,我把家里的电话和单位的电话告诉您。,original_book,,使用原书例句与原书中文译文。,True
n3_2461,2461,N3,24,156,158,収入,しゅうにゅう,名,收入，所得,收入，所得,安定した収 入を得ます。,安定した収入を得ます。,获得稳定的收入。,获得稳定的收入。,original_book,,使用原书例句与原书中文译文。,True
n3_2462,2462,N3,24,156,158,消化,しょうか,名·他サ,消化；理解，掌握,消化；理解，掌握,これは消化が悪いです。,これは消化が悪いです。,这个很难消化。,这个很难消化。,original_book,,使用原书例句与原书中文译文。,True
n3_2463,2463,N3,24,156,158,紹介,しょうかい,名·他サ,介绍,介绍,その方に紹介してください。,その方に紹介してください。,请把我介绍给那个人。,请把我介绍给那个人。,original_book,,使用原书例句与原书中文译文。,True
n3_2464,2464,N3,24,156,158,奨学金,しょうがくきん,名,奖学金，助学金,奖学金，助学金,彼は全額の奨学金をもらって大学へ行きました。,彼は全額の奨学金をもらって大学へ行きました。,他获得全额奖学金去上大学了。,他获得全额奖学金去上大学了。,original_book,,使用原书例句与原书中文译文。,True
n3_2465,2465,N3,24,156,158,上級,じょうきゅう,名,上一级，高一级；高年级,上一级，高一级；高年级,上 級学校に進学します。,上級学校に進学します。,升入高一级的学校。,升入高一级的学校。,original_book,,使用原书例句与原书中文译文。,True
n3_2466,2466,N3,24,156,158,少数,しょうすう,名,少数,少数,クラスの中で、少数の生徒だけがバスケットボール部に入っている。,クラスの中で、少数の生徒だけがバスケットボール部に入っている。,班上只有少数学生加入了篮球队。,班上只有少数学生加入了篮球队。,original_book,,使用原书例句与原书中文译文。,True
n3_2467,2467,N3,24,156,158,商店街,しょうてんがい,名,商业街,商业街,週末は、近くの商店街で買い物をする。,週末は、近くの商店街で買い物をする。,周末在附近的商业街购物。,周末在附近的商业街购物。,original_book,,使用原书例句与原书中文译文。,True
n3_2468,2468,N3,24,157,159,小児科,しょうにか,名,儿科,儿科,妹 が熱を出したので、小児科に連れて行った。,妹が熱を出したので、小児科に連れて行った。,妹妹发烧了，我带她去了儿科。,妹妹发烧了，我带她去了儿科。,original_book,,使用原书例句与原书中文译文。,True
n3_2469,2469,N3,24,157,159,証明書,しょうめいしょ,名,证件，证明书,证件，证明书,彼は資格証明書を提出して、その職 業に就くことができました。,彼は資格証明書を提出して、その職業に就くことができました。,他提交了资格证书，成功地开始从事这一职业了。,他提交了资格证书，成功地开始从事这一职业了。,original_book,,使用原书例句与原书中文译文。,True
n3_2470,2470,N3,24,157,159,省略,しょうりゃく,名·他サ,省略,省略,レポートを短くするために、いくつかの部分を省 略した。,レポートを短くするために、いくつかの部分を省略した。,为了缩短论文，省略了几个部分的内容。,为了缩短论文，省略了几个部分的内容。,original_book,,使用原书例句与原书中文译文。,True
n3_2471,2471,N3,24,157,159,少量,しょうりょう,名,少量,少量,このレシピでは、少 量の砂糖を加えるだけで十分だ。,このレシピでは、少量の砂糖を加えるだけで十分だ。,按照这个食谱，加入少量糖就足够了。,按照这个食谱，加入少量糖就足够了。,original_book,,使用原书例句与原书中文译文。,True
n3_2472,2472,N3,24,157,159,汁,しる,名,汁液；汤,汁液；汤,ミカンを絞って汁を料理に入れます。,ミカンを絞って汁を料理に入れます。,把橘子挤出汁，放入菜里。,把橘子挤出汁，放入菜里。,original_book,,使用原书例句与原书中文译文。,True
n3_2473,2473,N3,24,157,159,スタイル,スタイル,名,文体；（服装等）款式,文体；（服装等）款式,彼の文章のスタイルは独特だ。,彼の文章のスタイルは独特だ。,他的文章文体很独特。,他的文章文体很独特。,original_book,,使用原书例句与原书中文译文。,True
n3_2474,2474,N3,24,157,159,素敵,すてき,形动,极好，极漂亮,极好，极漂亮,すてきな考えが浮かんだ。,すてきな考えが浮かんだ。,冒出了一个非常棒的想法。,冒出了一个非常棒的想法。,original_book,,使用原书例句与原书中文译文。,True
n3_2475,2475,N3,24,157,159,迫る,せまる,自五,靠近，接近；临近，逼近；急迫，急促,靠近，接近；临近，逼近；急迫，急促,噴出した溶岩が人家に迫る。,噴出した溶岩が人家に迫る。,火山喷出的熔岩逼近民房。,火山喷出的熔岩逼近民房。,original_book,,使用原书例句与原书中文译文。,True
n3_2476,2476,N3,24,157,159,全国,ぜんこく,名,全国,全国,この放送は全国に中継された。,この放送は全国に中継された。,这个节目在全国范围内被转播了。,这个节目在全国范围内被转播了。,original_book,,使用原书例句与原书中文译文。,True
n3_2477,2477,N3,24,157,159,洗剤,せんざい,名,洗涤剂,洗涤剂,洗い方が正しければ、大量の洗剤を使わなくても汚れは落ちる。,洗い方が正しければ、大量の洗剤を使わなくても汚れは落ちる。,只要洗涤方法正确，不使用大量洗涤剂也可去除污垢。,只要洗涤方法正确，不使用大量洗涤剂也可去除污垢。,original_book,,使用原书例句与原书中文译文。,True
n3_2478,2478,N3,24,157,159,前者,ぜんしゃ,名,前者,前者,同じ作家だが、前者は小説、後者は随筆で名高い。,同じ作家だが、前者は小説、後者は随筆で名高い。,同样是作家，前者擅长小说，后者在随笔领域声望很高。,同样是作家，前者擅长小说，后者在随笔领域声望很高。,original_book,,使用原书例句与原书中文译文。,True
n3_2479,2479,N3,24,157,159,操作,そうさ,名·他サ,操作（机器）；运作（资金）,操作（机器）；运作（资金）,新しいパソコンを購入したが、操作方法がまだ分からない。,新しいパソコンを購入したが、操作方法がまだ分からない。,买了新的电脑，可还不太会操作。,买了新的电脑，可还不太会操作。,original_book,,使用原书例句与原书中文译文。,True
n3_2480,2480,N3,24,157,159,其れ其れ,それぞれ,名·副,各，分别，各个，每个,各，分别，各个，每个,地方によってそれぞれ習慣が違う。,地方によってそれぞれ習慣が違う。,习惯因地区而各不相同。,习惯因地区而各不相同。,original_book,,使用原书例句与原书中文译文。,True
n3_2481,2481,N3,24,157,159,それなら,それなら,接续,如果是那样，要是那样，那么,如果是那样，要是那样，那么,それなら、なぜ早く知らせなかったの？,それなら、なぜ早く知らせなかったの？,如果是那样的话，为什么不早点儿通知呢？,如果是那样的话，为什么不早点儿通知呢？,original_book,,使用原书例句与原书中文译文。,True
n3_2482,2482,N3,24,157,159,尊敬,そんけい,名·他サ,尊敬,尊敬,彼は尊敬に値する人物だ。,彼は尊敬に値する人物だ。,他是一位值得尊敬的人物。,他是一位值得尊敬的人物。,original_book,,使用原书例句与原书中文译文。,True
n3_2483,2483,N3,24,157,159,但し,ただし,接续,但，但是，不过,但，但是，不过,明日臨時休校。但し、教 職員は登校すること。,明日臨時休校。但し、教職員は登校すること。,明天临时停课，不过教职工要来校上班。,明天临时停课，不过教职工要来校上班。,original_book,,使用原书例句与原书中文译文。,True
n3_2484,2484,N3,24,157,159,発つ,たつ,自五,出发，出行,出发，出行,今朝上野から発って、午後４時に青森に着きました。,今朝上野から発って、午後４時に青森に着きました。,早上从上野出发，下午4点到达青森。,早上从上野出发，下午4点到达青森。,original_book,,使用原书例句与原书中文译文。,True
n3_2485,2485,N3,24,158,160,建つ,たつ,自五,建起（建筑物）,建起（建筑物）,駅前に新しいビルが建つ。,駅前に新しいビルが建つ。,车站前建起一栋新楼。,车站前建起一栋新楼。,original_book,,使用原书例句与原书中文译文。,True
n3_2486,2486,N3,24,158,160,達する,たっする,自他サ,到达，抵达；达到,到达，抵达；达到,その損失は300万円以上に達する。,その損失は300万円以上に達する。,损失达300万日元以上。,损失达300万日元以上。,original_book,,使用原书例句与原书中文译文。,True
n3_2487,2487,N3,24,158,160,地域,ちいき,名,地域,地域,地域ごとに代表を選ぶ。,地域ごとに代表を選ぶ。,分地区选代表。,分地区选代表。,original_book,,使用原书例句与原书中文译文。,True
n3_2488,2488,N3,24,158,160,超過,ちょうか,名·自サ,超过,超过,今月の支出はすでに予算を超過している。,今月の支出はすでに予算を超過している。,这个月的支出已经超出了预算。,这个月的支出已经超出了预算。,original_book,,使用原书例句与原书中文译文。,True
n3_2489,2489,N3,24,158,160,就ける,つける,他一,使就座，坐下；就，使……从事,使就座，坐下；就，使……从事,式典が始まると、来賓たちはそれぞれの指定された席に就けるよう 促された。,式典が始まると、来賓たちはそれぞれの指定された席に就けるよう促された。,典礼一开始，来宾们就被催着到指定座位上就座了。,典礼一开始，来宾们就被催着到指定座位上就座了。,original_book,,使用原书例句与原书中文译文。,True
n3_2490,2490,N3,24,158,160,積む,つむ,他五,堆积；装运，装载；积累，积蓄，积攒,堆积；装运，装载；积累，积蓄，积攒,机の上に本を山のように積む。,机の上に本を山のように積む。,书桌上书本堆积如山。,书桌上书本堆积如山。,original_book,,使用原书例句与原书中文译文。,True
n3_2491,2491,N3,24,158,160,吊る,つる,自他五,挂；吊起,挂；吊起,夏の夜、彼女は寝室のベッドの上に蚊帳を吊って、蚊から身を守った。,夏の夜、彼女は寝室のベッドの上に蚊帳を吊って、蚊から身を守った。,夏天的夜晚，她在卧室的床上挂上蚊帐，以保护自己免受蚊子的侵扰。,夏天的夜晚，她在卧室的床上挂上蚊帐，以保护自己免受蚊子的侵扰。,original_book,,使用原书例句与原书中文译文。,True
n3_2492,2492,N3,24,158,160,出鱈目,でたらめ,名·形动,荒唐，胡说，瞎说；胡闹，乱七八糟,荒唐，胡说，瞎说；胡闹，乱七八糟,彼の書く英語は文法が出鱈目だ。,彼の書く英語は文法が出鱈目だ。,他写的英语语法乱七八糟。,他写的英语语法乱七八糟。,original_book,,使用原书例句与原书中文译文。,True
n3_2493,2493,N3,24,158,160,天候,てんこう,名,天气,天气,天候が不順で稲のできが悪い。,天候が不順で稲のできが悪い。,由于气候不好，稻子的收成很差。,由于气候不好，稻子的收成很差。,original_book,,使用原书例句与原书中文译文。,True
n3_2494,2494,N3,24,158,160,独身,どくしん,名,独身,独身,いま独身で暮らしている人が多くなってきた。,いま独身で暮らしている人が多くなってきた。,现在过着单身生活的人越来越多。,现在过着单身生活的人越来越多。,original_book,,使用原书例句与原书中文译文。,True
n3_2495,2495,N3,24,158,160,トラブル,トラブル,名,纠纷，纠葛；纷争；麻烦；故障，事故，损坏,纠纷，纠葛；纷争；麻烦；故障，事故，损坏,旅行中にちょっとしたトラブルに巻き込まれた。,旅行中にちょっとしたトラブルに巻き込まれた。,旅行中遇到了小麻烦。,旅行中遇到了小麻烦。,original_book,,使用原书例句与原书中文译文。,True
n3_2496,2496,N3,24,158,160,とりあえず,とりあえず,副,先；匆忙；立刻,先；匆忙；立刻,とりあえず、宿題を終わらせてから遊びに行く。,とりあえず、宿題を終わらせてから遊びに行く。,先做完作业再去玩。,先做完作业再去玩。,original_book,,使用原书例句与原书中文译文。,True
n3_2497,2497,N3,24,158,160,捕る,とる,他五,抓住,抓住,森から子ぎつねを捕ってきた。,森から子ぎつねを捕ってきた。,从森林里捉来了一只小狐狸。,从森林里捉来了一只小狐狸。,original_book,,使用原书例句与原书中文译文。,True
n3_2498,2498,N3,24,158,160,無くす,なくす,他五,丢，丢失，丢掉；丧失，失掉,丢，丢失，丢掉；丧失，失掉,一度無くしたものはなかなか戻らない。,一度無くしたものはなかなか戻らない。,一旦失去便难以挽回。,一旦失去便难以挽回。,original_book,,使用原书例句与原书中文译文。,True
n3_2499,2499,N3,24,158,160,匂い·臭い,におい,名,味儿，气味；气息,味儿，气味；气息,料理のにおいがする。,料理のにおいがする。,闻到饭菜的香味。,闻到饭菜的香味。,original_book,,使用原书例句与原书中文译文。,True
n3_2500,2500,N3,24,159,161,匂う·臭う,におう,自五,散发香味,散发香味,彼女のハンカチから香水が匂った。,彼女のハンカチから香水が匂った。,她的手帕有香水味道。,她的手帕有香水味道。,original_book,,使用原书例句与原书中文译文。,True
n3_2501,2501,N3,24,159,161,俄か·俄,にわか,名·形动,突然，忽然，骤然；马上，立刻,突然，忽然，骤然；马上，立刻,病 状が俄かに変化した。,病状が俄かに変化した。,病情突然变化了。,病情突然变化了。,original_book,,使用原书例句与原书中文译文。,True
n3_2502,2502,N3,24,159,161,濡らす,ぬらす,他五,浸湿，沾湿，淋湿,浸湿，沾湿，淋湿,涙に頬を濡らしながら謝った。,涙に頬を濡らしながら謝った。,流着泪道歉。,流着泪道歉。,original_book,,使用原书例句与原书中文译文。,True
n3_2503,2503,N3,24,159,161,農民,のうみん,名,农民,农民,土地を持たない貧しい農民だった。,土地を持たない貧しい農民だった。,以前是没有土地的贫苦农民。,以前是没有土地的贫苦农民。,original_book,,使用原书例句与原书中文译文。,True
n3_2504,2504,N3,24,159,161,挟まる,はさまる,自五,夹,夹,母と妻の間に挟まって閉口している。,母と妻の間に挟まって閉口している。,夹在母亲和妻子中间左右为难。,夹在母亲和妻子中间左右为难。,original_book,,使用原书例句与原书中文译文。,True
n3_2505,2505,N3,24,159,161,早口,はやくち,名,说话快，嘴快,说话快，嘴快,彼女はあまり早口なのでよく聞き取れない。,彼女はあまり早口なのでよく聞き取れない。,她说话说得很快，常令人听不懂。,她说话说得很快，常令人听不懂。,original_book,,使用原书例句与原书中文译文。,True
n3_2506,2506,N3,24,159,161,反省,はんせい,名·他サ,反省，检讨自己,反省，检讨自己,寝る前にその日の行いを反省することにしている。,寝る前にその日の行いを反省することにしている。,习惯在睡前反省当天的行为。,习惯在睡前反省当天的行为。,original_book,,使用原书例句与原书中文译文。,True
n3_2507,2507,N3,24,159,161,引っ掛かる,ひっかかる,自五,挂上；卡住；牵连，连累,挂上；卡住；牵连，连累,計略に引っ掛かる。,計略に引っ掛かる。,上当。,上当。,original_book,,使用原书例句与原书中文译文。,True
n3_2508,2508,N3,24,159,161,標準,ひょうじゅん,名,标准，基准,标准，基准,標 準を定める。,標準を定める。,定标准。,定标准。,original_book,,使用原书例句与原书中文译文。,True
n3_2509,2509,N3,24,159,161,塞がる,ふさがる,自五,关，闭；堵，塞；占用，占满,关，闭；堵，塞；占用，占满,3時はふさがっていますが5時には空きます。,3時はふさがっていますが5時には空きます。,3点正拥堵，5点就通畅了。,3点正拥堵，5点就通畅了。,original_book,,使用原书例句与原书中文译文。,True
n3_2510,2510,N3,24,159,161,増やす·殖やす,ふやす,他五,繁殖，增殖，增加,繁殖，增殖，增加,子供は毎日語彙を増やしていく。,子供は毎日語彙を増やしていく。,孩子的词汇量每天都在增加。,孩子的词汇量每天都在增加。,original_book,,使用原书例句与原书中文译文。,True
n3_2511,2511,N3,24,159,161,返信,へんしん,名,回信，回电,回信，回电,メールの返信を忘れていたので、今すぐにでも返さなければいけない。,メールの返信を忘れていたので、今すぐにでも返さなければいけない。,忘记回复邮件了，现在必须马上回复。,忘记回复邮件了，现在必须马上回复。,original_book,,使用原书例句与原书中文译文。,True
n3_2512,2512,N3,24,159,161,ポイント,ポイント,名,要点；分数,要点；分数,このカードで買い物をすると、ポイントがたまる。,このカードで買い物をすると、ポイントがたまる。,用这张卡购物，可以累积积分。,用这张卡购物，可以累积积分。,original_book,,使用原书例句与原书中文译文。,True
n3_2513,2513,N3,24,159,161,冒険,ぼうけん,名·自サ,冒险,冒险,命がけの冒険してみる価値がある。,命がけの冒険してみる価値がある。,值得用性命做赌注去冒险。,值得用性命做赌注去冒险。,original_book,,使用原书例句与原书中文译文。,True
n3_2514,2514,N3,24,159,161,宝石,ほうせき,名,宝石,宝石,そのネックレスには美しい宝石が使われている。,そのネックレスには美しい宝石が使われている。,那条项链用了漂亮的宝石。,那条项链用了漂亮的宝石。,original_book,,使用原书例句与原书中文译文。,True
n3_2515,2515,N3,24,159,161,訪日,ほうにち,名·自サ,访日,访日,訪日外国人観光客の数が近年増加している。,訪日外国人観光客の数が近年増加している。,近年来，访日外国游客的数量在增加。,近年来，访日外国游客的数量在增加。,original_book,,使用原书例句与原书中文译文。,True
n3_2516,2516,N3,24,159,161,本来,ほんらい,名,本来，原来,本来，原来,本来は良いものでも使い方によって悪くもなる。,本来は良いものでも使い方によって悪くもなる。,本来是好的东西，也会因恶意使用而起到坏作用。,本来是好的东西，也会因恶意使用而起到坏作用。,original_book,,使用原书例句与原书中文译文。,True
n3_2517,2517,N3,24,160,162,巻く,まく,自他五,卷，卷上；缠绕；围，包围,卷，卷上；缠绕；围，包围,海が渦を巻いていた。,海が渦を巻いていた。,海上起了漩涡。,海上起了漩涡。,original_book,,使用原书例句与原书中文译文。,True
n3_2518,2518,N3,24,160,162,真っ白い,まっしろい,形,雪白，纯白，洁白,雪白，纯白，洁白,真っ白いカンガルーの赤ちゃんが生まれたよ。,真っ白いカンガルーの赤ちゃんが生まれたよ。,一只雪白的袋鼠宝宝诞生了呢。,一只雪白的袋鼠宝宝诞生了呢。,original_book,,使用原书例句与原书中文译文。,True
n3_2519,2519,N3,24,160,162,真似る,まねる,他一,模仿，仿效，效法,模仿，仿效，效法,あひるの鳴き声をまねてみんなを笑わせた。,あひるの鳴き声をまねてみんなを笑わせた。,模仿鸭子的叫声把大家逗笑了。,模仿鸭子的叫声把大家逗笑了。,original_book,,使用原书例句与原书中文译文。,True
n3_2520,2520,N3,24,160,162,向き,むき,名,方向；适合；倾向，趋向,方向；适合；倾向，趋向,ご希望の向きにはパンフレットをお送りします。,ご希望の向きにはパンフレットをお送りします。,我们会按照您的希望寄送手册。,我们会按照您的希望寄送手册。,original_book,,使用原书例句与原书中文译文。,True
n3_2521,2521,N3,24,160,162,向く,むく,自五,向，朝，对；倾向，趋向；适合，对路,向，朝，对；倾向，趋向；适合，对路,どこを向いても美しい花ばかりだった。,どこを向いても美しい花ばかりだった。,不管面向何方，都是鲜花盛开。,不管面向何方，都是鲜花盛开。,original_book,,使用原书例句与原书中文译文。,True
n3_2522,2522,N3,24,160,162,姪,めい,名,侄女，外甥女,侄女，外甥女,姪の結婚式に出た。,姪の結婚式に出た。,参加了侄女的婚礼。,参加了侄女的婚礼。,original_book,,使用原书例句与原书中文译文。,True
n3_2523,2523,N3,24,160,162,申し込み,もうしこみ,名,要求；申请,要求；申请,申し込みの期限は明後日です。,申し込みの期限は明後日です。,申请的截止日期是后天。,申请的截止日期是后天。,original_book,,使用原书例句与原书中文译文。,True
n3_2524,2524,N3,24,160,162,申込書,もうしこみしょ,名,申请书,申请书,申込書に必要事項を記入する。,申込書に必要事項を記入する。,在申请书上填写必要事项。,在申请书上填写必要事项。,original_book,,使用原书例句与原书中文译文。,True
n3_2525,2525,N3,24,160,162,申し込む,もうしこむ,他五,提议，提出；申请，应征，报名；预约,提议，提出；申请，应征，报名；预约,早目にお申し込み願います。,早目にお申し込み願います。,请提前提出申请。,请提前提出申请。,original_book,,使用原书例句与原书中文译文。,True
n3_2526,2526,N3,24,160,162,若々しい,わかわかしい,形,年轻，朝气蓬勃,年轻，朝气蓬勃,彼女は若々しく見える。,彼女は若々しく見える。,她看起来很年轻。,她看起来很年轻。,original_book,,使用原书例句与原书中文译文。,True
n3_2527,2527,N3,25,161,163,揚げる,あげる,他一,炸,炸,母はてんぷらを揚げます。,母はてんぷらを揚げます。,妈妈要做炸虾。,妈妈要做炸虾。,original_book,,使用原书例句与原书中文译文。,True
n3_2528,2528,N3,25,161,163,当たり前,あたりまえ,名·形动,当然，应该,当然，应该,借りたものを返すのは当たり前です。,借りたものを返すのは当たり前です。,返还借来的东西是理所应当的。,返还借来的东西是理所应当的。,original_book,,使用原书例句与原书中文译文。,True
n3_2529,2529,N3,25,161,163,泉,いずみ,名,泉，泉水,泉，泉水,力が泉のように湧き出ます。,力が泉のように湧き出ます。,力量如泉水般涌出。,力量如泉水般涌出。,original_book,,使用原书例句与原书中文译文。,True
n3_2530,2530,N3,25,161,163,一家,いっか,名,一所房子；一家；一家子,一所房子；一家；一家子,一家で娘の誕生日を祝います。,一家で娘の誕生日を祝います。,全家人一起庆祝女儿生日。,全家人一起庆祝女儿生日。,original_book,,使用原书例句与原书中文译文。,True
n3_2531,2531,N3,25,161,163,いつの間にか,いつのまにか,副,不知不觉,不知不觉,火はいつの間にか消えていました。,火はいつの間にか消えていました。,火不知什么时候灭了。,火不知什么时候灭了。,original_book,,使用原书例句与原书中文译文。,True
n3_2532,2532,N3,25,161,163,一方,いっぽう,名·接续,一个方向；另一方面,一个方向；另一方面,人の波が一方に流れます。,人の波が一方に流れます。,人潮向一个方向涌动。,人潮向一个方向涌动。,original_book,,使用原书例句与原书中文译文。,True
n3_2533,2533,N3,25,161,163,インストール,インストール,名·他サ,安装,安装,新しいソフトウェアをパソコンにインストールした。,新しいソフトウェアをパソコンにインストールした。,在电脑上安装了新软件。,在电脑上安装了新软件。,original_book,,使用原书例句与原书中文译文。,True
n3_2534,2534,N3,25,161,163,インターン,インターン,名,实习,实习,夏休みには企業でのインターンを体験する予定だ。,夏休みには企業でのインターンを体験する予定だ。,暑假期间，我计划到企业去体验实习。,暑假期间，我计划到企业去体验实习。,original_book,,使用原书例句与原书中文译文。,True
n3_2535,2535,N3,25,161,163,ウェア,ウェア,名,衣着，衣服,衣着，衣服,今日のジョギングには新しいスポーツウェアを着た。,今日のジョギングには新しいスポーツウェアを着た。,今天慢跑时，我穿了一件新的运动服。,今天慢跑时，我穿了一件新的运动服。,original_book,,使用原书例句与原书中文译文。,True
n3_2536,2536,N3,25,161,163,浮かぶ,うかぶ,自五,漂浮；想起；浮现,漂浮；想起；浮现,死んだ魚が水面に浮かんできました。,死んだ魚が水面に浮かんできました。,死鱼浮出了水面。,死鱼浮出了水面。,original_book,,使用原书例句与原书中文译文。,True
n3_2537,2537,N3,25,161,163,煙突,えんとつ,名,烟筒，烟囱,烟筒，烟囱,煙突が高いです。,煙突が高いです。,烟囱很高。,烟囱很高。,original_book,,使用原书例句与原书中文译文。,True
n3_2538,2538,N3,25,161,163,奥,おく,名,里头，内部,里头，内部,引き出しの奥を探します。,引き出しの奥を探します。,找找抽屉里面。,找找抽屉里面。,original_book,,使用原书例句与原书中文译文。,True
n3_2539,2539,N3,25,161,163,大人しい,おとなしい,形,老实，温顺，听话,老实，温顺，听话,この猫は随分おとなしいです。,この猫は随分おとなしいです。,这只猫非常温顺。,这只猫非常温顺。,original_book,,使用原书例句与原书中文译文。,True
n3_2540,2540,N3,25,162,164,思いやる,おもいやる,他五,体谅，同情，体贴，关怀,体谅，同情，体贴，关怀,彼はいつも他人の気持ちを思いやる優しい人です。,彼はいつも他人の気持ちを思いやる優しい人です。,他很体贴，总是考虑他人的感受。,他很体贴，总是考虑他人的感受。,original_book,,使用原书例句与原书中文译文。,True
n3_2541,2541,N3,25,162,164,数,かず,名,数，数目,数，数目,うちの子はまだ数を数えることができません。,うちの子はまだ数を数えることができません。,我家孩子还不会数数。,我家孩子还不会数数。,original_book,,使用原书例句与原书中文译文。,True
n3_2542,2542,N3,25,162,164,我慢,がまん,名·他サ,忍耐，忍受，自制,忍耐，忍受，自制,あの人にはもう我慢ができません。,あの人にはもう我慢ができません。,我忍受不了那个人了。,我忍受不了那个人了。,original_book,,使用原书例句与原书中文译文。,True
n3_2543,2543,N3,25,162,164,彼氏,かれし,名·代,他，那一位；男朋友,他，那一位；男朋友,妹 に彼氏ができたらしいです。,妹に彼氏ができたらしいです。,妹妹好像有男朋友了。,妹妹好像有男朋友了。,original_book,,使用原书例句与原书中文译文。,True
n3_2544,2544,N3,25,162,164,帰宅,きたく,名·自サ,回家,回家,父は毎日6時に会社から帰宅します。,父は毎日6時に会社から帰宅します。,爸爸每天六点从公司回家。,爸爸每天六点从公司回家。,original_book,,使用原书例句与原书中文译文。,True
n3_2545,2545,N3,25,162,164,休暇,きゅうか,名,休假,休假,1週間の休暇を取って北海道に行きます。,1週間の休暇を取って北海道に行きます。,休假一个星期去北海道。,休假一个星期去北海道。,original_book,,使用原书例句与原书中文译文。,True
n3_2546,2546,N3,25,162,164,給食,きゅうしょく,名·自サ,供给饮食，提供伙食,供给饮食，提供伙食,日本では、小·中·高等学校では給 食制度があります。,日本では、小·中·高等学校では給食制度があります。,在日本，小学、初中、高中都有配餐制度。,在日本，小学、初中、高中都有配餐制度。,original_book,,使用原书例句与原书中文译文。,True
n3_2547,2547,N3,25,162,164,管,くだ,名,管子,管子,ゴムの管で水を吸い上げます。,ゴムの管で水を吸い上げます。,用橡胶管子将水吸上来。,用橡胶管子将水吸上来。,original_book,,使用原书例句与原书中文译文。,True
n3_2548,2548,N3,25,162,164,苦しめる,くるしめる,他一,使痛苦，欺负，折磨,使痛苦，欺负，折磨,歯の痛みに苦しめられて一晩中眠れませんでした。,歯の痛みに苦しめられて一晩中眠れませんでした。,牙疼得一晚上无法入睡。,牙疼得一晚上无法入睡。,original_book,,使用原书例句与原书中文译文。,True
n3_2549,2549,N3,25,162,164,クレーム,クレーム,名,索赔，要求赔偿损失,索赔，要求赔偿损失,商品に不満があったので、店にクレームをつけた。,商品に不満があったので、店にクレームをつけた。,因为对商品不满意，所以向店家索赔了。,因为对商品不满意，所以向店家索赔了。,original_book,,使用原书例句与原书中文译文。,True
n3_2550,2550,N3,25,162,164,ぐんぐん,ぐんぐん,副,用力，使劲；很快地，迅速地，突飞猛进；稳步地，不断地,用力，使劲；很快地，迅速地，突飞猛进；稳步地，不断地,この数ヶ月で身長がぐんぐん伸びた。,この数ヶ月で身長がぐんぐん伸びた。,这几个月来身高快速增长。,这几个月来身高快速增长。,original_book,,使用原书例句与原书中文译文。,True
n3_2551,2551,N3,25,162,164,掲示板,けいじばん,名,公告牌，布告栏，布告板,公告牌，布告栏，布告板,学校の掲示板には様々なイベント情報が掲載されている。,学校の掲示板には様々なイベント情報が掲載されている。,学校公告栏上发布着各种各样的活动信息。,学校公告栏上发布着各种各样的活动信息。,original_book,,使用原书例句与原书中文译文。,True
n3_2552,2552,N3,25,162,164,外科,げか,名,外科,外科,外科は手術によって傷や病気を治す医学です。,外科は手術によって傷や病気を治す医学です。,外科是通过手术治疗伤病的医学领域。,外科是通过手术治疗伤病的医学领域。,original_book,,使用原书例句与原书中文译文。,True
n3_2553,2553,N3,25,162,164,限界,げんかい,名,界限，范围,界限，范围,力の限界までやってみます。,力の限界までやってみます。,我会尽全力一试。,我会尽全力一试。,original_book,,使用原书例句与原书中文译文。,True
n3_2554,2554,N3,25,162,164,小麦,こむぎ,名,小麦,小麦,品種や気候風土によって小麦の特性はさまざまです。,品種や気候風土によって小麦の特性はさまざまです。,由于品种和气候风土不同，小麦的特性多种多样。,由于品种和气候风土不同，小麦的特性多种多样。,original_book,,使用原书例句与原书中文译文。,True
n3_2555,2555,N3,25,162,164,爽やか,さわやか,形动,清爽；爽朗,清爽；爽朗,気分が爽やかになります。,気分が爽やかになります。,心情会爽快许多。,心情会爽快许多。,original_book,,使用原书例句与原书中文译文。,True
n3_2556,2556,N3,25,162,164,幸せ,しあわせ,名·形动,幸福,幸福,二人は結婚して幸せな家庭を作りました。,二人は結婚して幸せな家庭を作りました。,两个人结婚，组成了幸福的家庭。,两个人结婚，组成了幸福的家庭。,original_book,,使用原书例句与原书中文译文。,True
n3_2557,2557,N3,25,162,164,喋る,しゃべる,他五,说；讲；说出,说；讲；说出,彼は普段あまり喋りません。,彼は普段あまり喋りません。,他平时不爱讲话。,他平时不爱讲话。,original_book,,使用原书例句与原书中文译文。,True
n3_2558,2558,N3,25,163,165,障害,しょうがい,名,障碍；妨碍；损害,障碍；妨碍；损害,彼は障害を乗り越えて、成功を収めました。,彼は障害を乗り越えて、成功を収めました。,他克服障碍，取得了成功。,他克服障碍，取得了成功。,original_book,,使用原书例句与原书中文译文。,True
n3_2559,2559,N3,25,163,165,使用料,しようりょう,名,使用费,使用费,この施設の使用料は一時間につき1000円だ。,この施設の使用料は一時間につき1000円だ。,这个设施的使用费是每小时1000日元。,这个设施的使用费是每小时1000日元。,original_book,,使用原书例句与原书中文译文。,True
n3_2560,2560,N3,25,163,165,助手席,じょしゅせき,名,副驾驶座,副驾驶座,車に乗る時、友達はいつも助手席に座る。,車に乗る時、友達はいつも助手席に座る。,朋友坐车时总是坐在副驾驶的位置上。,朋友坐车时总是坐在副驾驶的位置上。,original_book,,使用原书例句与原书中文译文。,True
n3_2561,2561,N3,25,163,165,初旬,しょじゅん,名,上旬,上旬,月の初旬には、重要な会議が予定されている。,月の初旬には、重要な会議が予定されている。,计划月初将召开一个重要会议。,计划月初将召开一个重要会议。,original_book,,使用原书例句与原书中文译文。,True
n3_2562,2562,N3,25,163,165,初対面,しょたいめん,名,初次见面,初次见面,あの人とはその時が初対面でした。,あの人とはその時が初対面でした。,那时我和那个人是初次见面。,那时我和那个人是初次见面。,original_book,,使用原书例句与原书中文译文。,True
n3_2563,2563,N3,25,163,165,しょっちゅう,しょっちゅう,副,经常,经常,彼女はしょっちゅう遅刻するので、困っている。,彼女はしょっちゅう遅刻するので、困っている。,她经常迟到，这让人很为难。,她经常迟到，这让人很为难。,original_book,,使用原书例句与原书中文译文。,True
n3_2564,2564,N3,25,163,165,しょっぱい,しょっぱい,形,咸,咸,このスープは少ししょっぱい味がする。,このスープは少ししょっぱい味がする。,这汤有点儿咸。,这汤有点儿咸。,original_book,,使用原书例句与原书中文译文。,True
n3_2565,2565,N3,25,163,165,女優,じょゆう,名,女演员,女演员,あの有名な女優は新しい映画に出演するそうだ。,あの有名な女優は新しい映画に出演するそうだ。,听说那个著名的女演员将出演新电影。,听说那个著名的女演员将出演新电影。,original_book,,使用原书例句与原书中文译文。,True
n3_2566,2566,N3,25,163,165,白髪,しらが,名,白发,白发,年を取るにつれて、白髪が増えてきた。,年を取るにつれて、白髪が増えてきた。,随着年龄的增长，白头发越来越多了。,随着年龄的增长，白头发越来越多了。,original_book,,使用原书例句与原书中文译文。,True
n3_2567,2567,N3,25,163,165,進学,しんがく,名·自サ,升学,升学,来年は大学に進学します。,来年は大学に進学します。,明年升入大学。,明年升入大学。,original_book,,使用原书例句与原书中文译文。,True
n3_2568,2568,N3,25,163,165,親類,しんるい,名,亲属，亲戚,亲属，亲戚,あの人はわたしの遠い親類にあたります。,あの人はわたしの遠い親類にあたります。,他是我的远房亲戚。,他是我的远房亲戚。,original_book,,使用原书例句与原书中文译文。,True
n3_2569,2569,N3,25,163,165,既に,すでに,副,已经,已经,これは既に周知の事実となっている。,これは既に周知の事実となっている。,这已经成为众所周知的事实了。,这已经成为众所周知的事实了。,original_book,,使用原书例句与原书中文译文。,True
n3_2570,2570,N3,25,163,165,是非とも,ぜひとも,副,一定，务必，无论如何,一定，务必，无论如何,是非ともお出かけください。,是非ともお出かけください。,请一定要出席。,请一定要出席。,original_book,,使用原书例句与原书中文译文。,True
n3_2571,2571,N3,25,163,165,速達,そくたつ,名,快信，快件，速寄,快信，快件，速寄,ここから大阪まで小 包を速達で送ると1000円ぐらいかかる。,ここから大阪まで小包を速達で送ると1000円ぐらいかかる。,从这里用快递寄送包裹到大阪的话要1000日元左右。,从这里用快递寄送包裹到大阪的话要1000日元左右。,original_book,,使用原书例句与原书中文译文。,True
n3_2572,2572,N3,25,163,165,倒す,たおす,他五,打倒，推倒，打败，推翻,打倒，推倒，打败，推翻,話に夢中になってビール瓶を倒してしまった。,話に夢中になってビール瓶を倒してしまった。,聊得起劲，打翻了啤酒瓶。,聊得起劲，打翻了啤酒瓶。,original_book,,使用原书例句与原书中文译文。,True
n3_2573,2573,N3,25,163,165,只·徒,ただ,名·副·接续,普通的，一般的；免费,普通的，一般的；免费,それが社長の耳にはいったら、ただではすまないだろう。,それが社長の耳にはいったら、ただではすまないだろう。,那件事如果让总经理知道了，应该轻易翻不了篇。,那件事如果让总经理知道了，应该轻易翻不了篇。,original_book,,使用原书例句与原书中文译文。,True
n3_2574,2574,N3,25,163,165,頼る,たよる,他五,投靠；依赖，依靠,投靠；依赖，依靠,人に頼らないのが彼の主義だ。,人に頼らないのが彼の主義だ。,他坚持不依赖别人。,他坚持不依赖别人。,original_book,,使用原书例句与原书中文译文。,True
n3_2575,2575,N3,25,163,165,抽象,ちゅうしょう,名·他サ,抽象,抽象,この絵はあまりにも抽 象的なので、どう見ても分からない。,この絵はあまりにも抽象的なので、どう見ても分からない。,这幅画太抽象，怎么看都看不懂。,这幅画太抽象，怎么看都看不懂。,original_book,,使用原书例句与原书中文译文。,True
n3_2576,2576,N3,25,163,165,漬ける·浸ける,つける,他一,浸泡；腌菜,浸泡；腌菜,服をとっぷりと水に浸ける。,服をとっぷりと水に浸ける。,将衣服全部浸到水里。,将衣服全部浸到水里。,original_book,,使用原书例句与原书中文译文。,True
n3_2577,2577,N3,25,163,165,釣り,つり,名,（「お釣り」是其礼貌形）钓鱼；零钱，找头,（「お釣り」是其礼貌形）钓鱼；零钱，找头,彼は魚釣りの名人です。,彼は魚釣りの名人です。,他是个钓鱼高手。,他是个钓鱼高手。,original_book,,使用原书例句与原书中文译文。,True
n3_2578,2578,N3,25,164,166,凸凹,でこぼこ,名·自サ·形动,凹凸不平；弯弯曲曲，参差不齐,凹凸不平；弯弯曲曲，参差不齐,生産高は所によってでこぼこがある。,生産高は所によってでこぼこがある。,产量根据地区参差不齐。,产量根据地区参差不齐。,original_book,,使用原书例句与原书中文译文。,True
n3_2579,2579,N3,25,164,166,尖る,とがる,自五,尖；（神经）过敏,尖；（神经）过敏,つま先のとがった靴はいま流行っている。,つま先のとがった靴はいま流行っている。,现在流行尖头鞋。,现在流行尖头鞋。,original_book,,使用原书例句与原书中文译文。,True
n3_2580,2580,N3,25,164,166,とんでもない,とんでもない,形,意外，出乎意料，意想不到；不合情理；毫无道理，荒唐；不像话；哪里的话（用于否定对方的话）,意外，出乎意料，意想不到；不合情理；毫无道理，荒唐；不像话；哪里的话（用于否定对方的话）,彼はとんでもない量の本を読んでいる。,彼はとんでもない量の本を読んでいる。,他阅读了大量书籍。,他阅读了大量书籍。,original_book,,使用原书例句与原书中文译文。,True
n3_2581,2581,N3,25,164,166,内科,ないか,名,内科,内科,風邪の症 状で内科を受診した。,風邪の症状で内科を受診した。,因出现感冒症状到内科就诊了。,因出现感冒症状到内科就诊了。,original_book,,使用原书例句与原书中文译文。,True
n3_2582,2582,N3,25,164,166,内部,ないぶ,名,内部；里面,内部；里面,機械の故障は内部の問題だった。,機械の故障は内部の問題だった。,机器的故障是内部的问题。,机器的故障是内部的问题。,original_book,,使用原书例句与原书中文译文。,True
n3_2583,2583,N3,25,164,166,長生き,ながいき,名·自サ,长寿,长寿,健康的な生活で長生きできると言われている。,健康的な生活で長生きできると言われている。,健康的生活方式被认为可以让人长寿。,健康的生活方式被认为可以让人长寿。,original_book,,使用原书例句与原书中文译文。,True
n3_2584,2584,N3,25,164,166,流し台,ながしだい,名,水槽,水槽,流し台で野菜を洗った。,流し台で野菜を洗った。,在水槽里洗了菜。,在水槽里洗了菜。,original_book,,使用原书例句与原书中文译文。,True
n3_2585,2585,N3,25,164,166,何故なら,なぜなら,接续,因为，原因是,因为，原因是,もう我慢できない。何故なら彼の態度はあまりにもひどい。,もう我慢できない。何故なら彼の態度はあまりにもひどい。,我已经忍无可忍了。因为他的态度实在太恶劣。,我已经忍无可忍了。因为他的态度实在太恶劣。,original_book,,使用原书例句与原书中文译文。,True
n3_2586,2586,N3,25,164,166,南北,なんぼく,名,南北，南方和北方,南北，南方和北方,川は南北に流れている。,川は南北に流れている。,小河的流向是南北方向的。,小河的流向是南北方向的。,original_book,,使用原书例句与原书中文译文。,True
n3_2587,2587,N3,25,164,166,畑·畠,はたけ,名,旱田，田地,旱田，田地,畑を耕す。,畑を耕す。,耕田。,耕田。,original_book,,使用原书例句与原书中文译文。,True
n3_2588,2588,N3,25,164,166,発揮,はっき,名·他サ,发挥，施展,发挥，施展,彼は実務家として腕前を発揮している。,彼は実務家として腕前を発揮している。,他作为实业家发挥着才能。,他作为实业家发挥着才能。,original_book,,使用原书例句与原书中文译文。,True
n3_2589,2589,N3,25,164,166,跳ねる,はねる,自一,跳，跳跃；溅，飞溅,跳，跳跃；溅，飞溅,ズボンに泥が跳ねる。,ズボンに泥が跳ねる。,裤子溅上了泥点。,裤子溅上了泥点。,original_book,,使用原书例句与原书中文译文。,True
n3_2590,2590,N3,25,164,166,流行り,はやり,名,流行趋势,流行趋势,最新の流行りのファッションをチェックするのが好きだ。,最新の流行りのファッションをチェックするのが好きだ。,我喜欢跟进最新流行时尚的信息。,我喜欢跟进最新流行时尚的信息。,original_book,,使用原书例句与原书中文译文。,True
n3_2591,2591,N3,25,164,166,流行る,はやる,自五,流行，时髦，时兴,流行，时髦，时兴,革のコートがはやってきた。,革のコートがはやってきた。,开始流行皮大衣了。,开始流行皮大衣了。,original_book,,使用原书例句与原书中文译文。,True
n3_2592,2592,N3,25,164,166,ビル,ビル,名,票据，账单,票据，账单,電話料金のビルが届きました。,電話料金のビルが届きました。,收到了电话费账单。,收到了电话费账单。,original_book,,使用原书例句与原书中文译文。,True
n3_2593,2593,N3,25,164,166,ビルディング,ビルディング,名,大楼，建筑物,大楼，建筑物,会社はビルディングの賃貸、施設運営などの事業を展開しています。,会社はビルディングの賃貸、施設運営などの事業を展開しています。,公司经营建筑物出租、设施运营等业务。,公司经营建筑物出租、设施运营等业务。,original_book,,使用原书例句与原书中文译文。,True
n3_2594,2594,N3,25,164,166,無沙汰·ご無沙汰,ぶさた・ごぶさた,名·自サ,久未通信，久疏问候；少见，久违,久未通信，久疏问候；少见，久违,久しくごぶさたしました。,久しくごぶさたしました。,好久不见。,好久不见。,original_book,,使用原书例句与原书中文译文。,True
n3_2595,2595,N3,25,164,166,プラットホーム,プラットホーム,名,月台,月台,上りプラットホームで人を出迎える。,上りプラットホームで人を出迎える。,在上行线月台接人。,在上行线月台接人。,original_book,,使用原书例句与原书中文译文。,True
n3_2596,2596,N3,25,165,167,プレー,プレー,名·自サ,游戏，玩耍；比赛,游戏，玩耍；比赛,あのチームは荒っぽいプレーをするので有名だ。,あのチームは荒っぽいプレーをするので有名だ。,那支队以球风粗野而闻名。,那支队以球风粗野而闻名。,original_book,,使用原书例句与原书中文译文。,True
n3_2597,2597,N3,25,165,167,暴力,ぼうりょく,名,暴力,暴力,学校での暴力問題が社会的な関心事となっている。,学校での暴力問題が社会的な関心事となっている。,校园暴力问题成为社会关注的焦点。,校园暴力问题成为社会关注的焦点。,original_book,,使用原书例句与原书中文译文。,True
n3_2598,2598,N3,25,165,167,ホームラン,ホームラン,名,全垒打,全垒打,彼の打ったホームランで、チームは勝利を手にした。,彼の打ったホームランで、チームは勝利を手にした。,他打出一记全垒打，让球队获得了胜利。,他打出一记全垒打，让球队获得了胜利。,original_book,,使用原书例句与原书中文译文。,True
n3_2599,2599,N3,25,165,167,ボクシング,ボクシング,名,拳击,拳击,ボクシングの試合をする。,ボクシングの試合をする。,进行拳击比赛。,进行拳击比赛。,original_book,,使用原书例句与原书中文译文。,True
n3_2600,2600,N3,25,165,167,保険,ほけん,名,保险；保修,保险；保修,車を運転する際には、自動車保険に加入しておくことが大切だ。,車を運転する際には、自動車保険に加入しておくことが大切だ。,开车时，预先参保车险很重要。,开车时，预先参保车险很重要。,original_book,,使用原书例句与原书中文译文。,True
n3_2601,2601,N3,25,165,167,補講,ほこう,名·自他サ,补课,补课,理解できなかった部分は、補講で学ぶ予定だ。,理解できなかった部分は、補講で学ぶ予定だ。,针对没听懂的部分，我计划通过补课来学习。,针对没听懂的部分，我计划通过补课来学习。,original_book,,使用原书例句与原书中文译文。,True
n3_2602,2602,N3,25,165,167,補習,ほしゅう,名·他サ,补习,补习,夏休みに数学の補習授業を受けることにした。,夏休みに数学の補習授業を受けることにした。,我决定暑假上数学补习班了。,我决定暑假上数学补习班了。,original_book,,使用原书例句与原书中文译文。,True
n3_2603,2603,N3,25,165,167,保証,ほしょう,名·他サ,保证；担保,保证；担保,この製品には2年間の保証が付いている。,この製品には2年間の保証が付いている。,购买本产品可享受两年保修。,购买本产品可享受两年保修。,original_book,,使用原书例句与原书中文译文。,True
n3_2604,2604,N3,25,165,167,保証書,ほしょうしょ,名,保证书；保修证,保证书；保修证,製品のトラブルがあったときのために、保証書は大事に保管しておく。,製品のトラブルがあったときのために、保証書は大事に保管しておく。,保修凭证要妥善保管，以备产品出现故障时用。,保修凭证要妥善保管，以备产品出现故障时用。,original_book,,使用原书例句与原书中文译文。,True
n3_2605,2605,N3,25,165,167,真似,まね,名·自他サ,学；仿效，模仿,学；仿效，模仿,私にはあんな真似は出来ない。,私にはあんな真似は出来ない。,我可做不出那种事。,我可做不出那种事。,original_book,,使用原书例句与原书中文译文。,True
n3_2606,2606,N3,25,165,167,マフラー,マフラー,名,围巾,围巾,冬のおしゃれはマフラーの巻き方、結び方で決まる。,冬のおしゃれはマフラーの巻き方、結び方で決まる。,冬天的时尚取决于围巾的围法和打结方法。,冬天的时尚取决于围巾的围法和打结方法。,original_book,,使用原书例句与原书中文译文。,True
n3_2607,2607,N3,25,165,167,ミリ,ミリ,名,千分之一，毫,千分之一，毫,ミリは国際単位系における接頭辞の一つです。,ミリは国際単位系における接頭辞の一つです。,“毫”是国际单位制中的一个接头词。,“毫”是国际单位制中的一个接头词。,original_book,,使用原书例句与原书中文译文。,True
n3_2608,2608,N3,25,165,167,ヨーロッパ,ヨーロッパ,名,欧洲,欧洲,夏休みにヨーロッパへ旅行に行く。,夏休みにヨーロッパへ旅行に行く。,暑假去欧洲旅行。,暑假去欧洲旅行。,original_book,,使用原书例句与原书中文译文。,True
n3_2609,2609,N3,25,165,167,和服,わふく,名,和服，日本式服装,和服，日本式服装,和服は日本人の民族服で、日本古来の様式の衣服で「呉服」とも呼ばれている。,和服は日本人の民族服で、日本古来の様式の衣服で「呉服」とも呼ばれている。,和服是日本人的民族服装，是日本自古就有的衣服样式，又称“吴服”。,和服是日本人的民族服装，是日本自古就有的衣服样式，又称“吴服”。,original_book,,使用原书例句与原书中文译文。,True
n3_2610,2610,N3,26,166,168,慌てる,あわてる,自一,惊慌，着慌，慌张,惊慌，着慌，慌张,地震のときは慌ててはいけません。,地震のときは慌ててはいけません。,遇到地震时不要慌张。,遇到地震时不要慌张。,original_book,,使用原书例句与原书中文译文。,True
n3_2611,2611,N3,26,166,168,案,あん,名,意见，方案,意见，方案,来週の会議に案を提出するつもりです。,来週の会議に案を提出するつもりです。,打算在下周的会议上提出方案。,打算在下周的会议上提出方案。,original_book,,使用原书例句与原书中文译文。,True
n3_2612,2612,N3,26,166,168,何時までも,いつまでも,副,无论到什么时候，永远,无论到什么时候，永远,いつまでも忘れられない。,いつまでも忘れられない。,永远也无法忘记。,永远也无法忘记。,original_book,,使用原书例句与原书中文译文。,True
n3_2613,2613,N3,26,166,168,緯度,いど,名,纬度,纬度,緯度が高いところに住む人ほど目が大きい。,緯度が高いところに住む人ほど目が大きい。,人越是住在高纬度的地方，眼睛越大。,人越是住在高纬度的地方，眼睛越大。,original_book,,使用原书例句与原书中文译文。,True
n3_2614,2614,N3,26,166,168,移動,いどう,名·自他サ,移动，转移,移动，转移,道路工事でバス停が移動しました。,道路工事でバス停が移動しました。,公交车站的位置因道路施工迁移了。,公交车站的位置因道路施工迁移了。,original_book,,使用原书例句与原书中文译文。,True
n3_2615,2615,N3,26,166,168,インテリア,インテリア,名,室内装饰；室内用具,室内装饰；室内用具,新しい部屋のインテリアを考えるのが楽しい。,新しい部屋のインテリアを考えるのが楽しい。,考虑新房间的室内装饰是一件让人开心的事。,考虑新房间的室内装饰是一件让人开心的事。,original_book,,使用原书例句与原书中文译文。,True
n3_2616,2616,N3,26,166,168,ウェブサイト,ウェブサイト,名,网站，网络站点,网站，网络站点,明日のプレゼンテーションのために、いくつかのウェブサイトで情報を集めた。,明日のプレゼンテーションのために、いくつかのウェブサイトで情報を集めた。,为了明天的演讲，我在几个网站上收集了信息。,为了明天的演讲，我在几个网站上收集了信息。,original_book,,使用原书例句与原书中文译文。,True
n3_2617,2617,N3,26,166,168,ウェブページ,ウェブページ,名,网页,网页,彼は自分の趣味に関するウェブページを作っている。,彼は自分の趣味に関するウェブページを作っている。,他正在制作一个关于自己兴趣爱好的网页。,他正在制作一个关于自己兴趣爱好的网页。,original_book,,使用原书例句与原书中文译文。,True
n3_2618,2618,N3,26,166,168,オイル,オイル,名,油，石油，汽油,油，石油，汽油,現在、世界中の多くの新興企業が、植物や動物性油脂から精製したオイルを用いて、さまざまな燃料の開発を進めている。,現在、世界中の多くの新興企業が、植物や動物性油脂から精製したオイルを用いて、さまざまな燃料の開発を進めている。,现在世界各地众多新兴企业都在推进使用由植物和动物性油脂提炼出的油开发各种燃料。,现在世界各地众多新兴企业都在推进使用由植物和动物性油脂提炼出的油开发各种燃料。,original_book,,使用原书例句与原书中文译文。,True
n3_2619,2619,N3,26,166,168,奢る,おごる,自五,奢侈，铺张；请客,奢侈，铺张；请客,彼女は口が奢っています。,彼女は口が奢っています。,她对吃很讲究。,她对吃很讲究。,original_book,,使用原书例句与原书中文译文。,True
n3_2620,2620,N3,26,166,168,オフ,オフ,名,关掉；停止,关掉；停止,スイッチはオフになっている。,スイッチはオフになっている。,开关关着。,开关关着。,original_book,,使用原书例句与原书中文译文。,True
n3_2621,2621,N3,26,166,168,オフィス,オフィス,名,办公室，公司,办公室，公司,オフィスには緊張感があります。,オフィスには緊張感があります。,办公室里气氛紧张。,办公室里气氛紧张。,original_book,,使用原书例句与原书中文译文。,True
n3_2622,2622,N3,26,166,168,貝,かい,名,贝；贝壳,贝；贝壳,あそこで貝を拾っている男の子が 弟 ですよ。,あそこで貝を拾っている男の子が弟ですよ。,在那里拾贝壳的男孩儿是我弟弟。,在那里拾贝壳的男孩儿是我弟弟。,original_book,,使用原书例句与原书中文译文。,True
n3_2623,2623,N3,26,167,169,かえって,かえって,副,反倒，反而,反倒，反而,道が込んでいるときは、自動車より歩くほうがかえって速いです。,道が込んでいるときは、自動車より歩くほうがかえって速いです。,道路拥挤的时候，开车还不如走路快。,道路拥挤的时候，开车还不如走路快。,original_book,,使用原书例句与原书中文译文。,True
n3_2624,2624,N3,26,167,169,書き取り,かきとり,名,抄写，听写，记录,抄写，听写，记录,学生は毎日授業を受ける前に書き取りの練習をしています。,学生は毎日授業を受ける前に書き取りの練習をしています。,学生每天上课前都做听写练习。,学生每天上课前都做听写练习。,original_book,,使用原书例句与原书中文译文。,True
n3_2625,2625,N3,26,167,169,架ける,かける,他一,架上；铺上,架上；铺上,車の通行量の多い道に歩道橋を架けます。,車の通行量の多い道に歩道橋を架けます。,在车流量大的道路架设过街天桥。,在车流量大的道路架设过街天桥。,original_book,,使用原书例句与原书中文译文。,True
n3_2626,2626,N3,26,167,169,がっかり,がっかり,副·自サ,心灰意懒，失望,心灰意懒，失望,試合に負けてがっかりします。,試合に負けてがっかりします。,输掉了比赛，我很失望。,输掉了比赛，我很失望。,original_book,,使用原书例句与原书中文译文。,True
n3_2627,2627,N3,26,167,169,学期,がっき,名,学期,学期,いよいよ新学期が始まります。,いよいよ新学期が始まります。,新学期就要开始了。,新学期就要开始了。,original_book,,使用原书例句与原书中文译文。,True
n3_2628,2628,N3,26,167,169,楽器,がっき,名,乐器,乐器,あの人は二つの楽器を同時に演奏することができます。,あの人は二つの楽器を同時に演奏することができます。,那个人可以同时演奏两种乐器。,那个人可以同时演奏两种乐器。,original_book,,使用原书例句与原书中文译文。,True
n3_2629,2629,N3,26,167,169,基本,きほん,名,基本，基础,基本，基础,日本語を基本から始めます。,日本語を基本から始めます。,从基础开始学日语。,从基础开始学日语。,original_book,,使用原书例句与原书中文译文。,True
n3_2630,2630,N3,26,167,169,義務,ぎむ,名,义务,义务,国民はみんな教育を受ける義務があります。,国民はみんな教育を受ける義務があります。,全体国民都有接受教育的义务。,全体国民都有接受教育的义务。,original_book,,使用原书例句与原书中文译文。,True
n3_2631,2631,N3,26,167,169,キャッシュカード,キャッシュカード,名,现金支付卡,现金支付卡,この商品はキャッシュカードで支払ってもいいです。,この商品はキャッシュカードで支払ってもいいです。,这个商品也可以刷储蓄卡支付。,这个商品也可以刷储蓄卡支付。,original_book,,使用原书例句与原书中文译文。,True
n3_2632,2632,N3,26,167,169,キャプテン,キャプテン,名,队长，机长，船长；主将,队长，机长，船长；主将,野球チームのキャプテンをしている。,野球チームのキャプテンをしている。,担任棒球队队长。,担任棒球队队长。,original_book,,使用原书例句与原书中文译文。,True
n3_2633,2633,N3,26,167,169,教材,きょうざい,名,教材,教材,新聞を教材として使う学校が多いです。,新聞を教材として使う学校が多いです。,好多学校把报纸作为教学素材。,好多学校把报纸作为教学素材。,original_book,,使用原书例句与原书中文译文。,True
n3_2634,2634,N3,26,167,169,教師,きょうし,名,教师，教员，老师,教师，教员，老师,この学校は英語の教師が足りません。,この学校は英語の教師が足りません。,这所学校缺少英语老师。,这所学校缺少英语老师。,original_book,,使用原书例句与原书中文译文。,True
n3_2635,2635,N3,26,167,169,教授,きょうじゅ,名·他サ,教授,教授,あの教授は講義が面白くて、学生に人気が高いです。,あの教授は講義が面白くて、学生に人気が高いです。,那个教授讲课很风趣，非常受学生欢迎。,那个教授讲课很风趣，非常受学生欢迎。,original_book,,使用原书例句与原书中文译文。,True
n3_2636,2636,N3,26,167,169,恐縮,きょうしゅく,名·自サ,不好意思；对不起,不好意思；对不起,恐 縮ですが電話を貸してください。,恐縮ですが電話を貸してください。,不好意思，请把电话借给我用一下。,不好意思，请把电话借给我用一下。,original_book,,使用原书例句与原书中文译文。,True
n3_2637,2637,N3,26,167,169,くしゃみ,くしゃみ,名,喷嚏,喷嚏,彼は風邪を引いて大きなくしゃみをいくつもしました。,彼は風邪を引いて大きなくしゃみをいくつもしました。,他感冒了，打了好几个大喷嚏。,他感冒了，打了好几个大喷嚏。,original_book,,使用原书例句与原书中文译文。,True
n3_2638,2638,N3,26,167,169,敬老の日,けいろうのひ,名,敬老日,敬老日,敬老の日には祖父母に感謝の気持ちを伝えた。,敬老の日には祖父母に感謝の気持ちを伝えた。,敬老节那天，我向祖父母表达了感激之情。,敬老节那天，我向祖父母表达了感激之情。,original_book,,使用原书例句与原书中文译文。,True
n3_2639,2639,N3,26,167,169,化粧品,けしょうひん,名,化妆品,化妆品,化粧品を使って、肌のケアをしっかりと行う。,化粧品を使って、肌のケアをしっかりと行う。,用化妆品做好皮肤护理。,用化妆品做好皮肤护理。,original_book,,使用原书例句与原书中文译文。,True
n3_2640,2640,N3,26,167,169,げっぷ,げっぷ,名,打嗝,打嗝,食事を急いで食べると、げっぷが出やすくなる。,食事を急いで食べると、げっぷが出やすくなる。,吃饭吃得太急的话容易打嗝。,吃饭吃得太急的话容易打嗝。,original_book,,使用原书例句与原书中文译文。,True
n3_2641,2641,N3,26,168,170,言語,げんご,名,语言,语言,言語は思想を表現し伝達する手段です。,言語は思想を表現し伝達する手段です。,语言是表达并传递思想的手段。,语言是表达并传递思想的手段。,original_book,,使用原书例句与原书中文译文。,True
n3_2642,2642,N3,26,168,170,健康,けんこう,名·形动,健康；健全,健康；健全,健康な人に病人の気持ちは分かりません。,健康な人に病人の気持ちは分かりません。,健康的人是无法了解病人的心情的。,健康的人是无法了解病人的心情的。,original_book,,使用原书例句与原书中文译文。,True
n3_2643,2643,N3,26,168,170,原稿,げんこう,名,草稿，稿子,草稿，稿子,あの雑誌社は原稿を募集しています。,あの雑誌社は原稿を募集しています。,那个杂志社正在征集稿件。,那个杂志社正在征集稿件。,original_book,,使用原书例句与原书中文译文。,True
n3_2644,2644,N3,26,168,170,健康診断,けんこうしんだん,名,健康检查，身体检查，体检,健康检查，身体检查，体检,毎年、健康診断を受けて、体の状態をチェックしている。,毎年、健康診断を受けて、体の状態をチェックしている。,每年都接受体检，检查身体状态。,每年都接受体检，检查身体状态。,original_book,,使用原书例句与原书中文译文。,True
n3_2645,2645,N3,26,168,170,ゴール,ゴール,名·自サ,终点；球门；目标,终点；球门；目标,選手はゴールに向かってボールを蹴りました。,選手はゴールに向かってボールを蹴りました。,足球运动员瞄准球门踢球。,足球运动员瞄准球门踢球。,original_book,,使用原书例句与原书中文译文。,True
n3_2646,2646,N3,26,168,170,ゴールデンウィーク,ゴールデンウィーク,名,黄金周,黄金周,ゴールデンウィークは何をするつもりですか。,ゴールデンウィークは何をするつもりですか。,黄金周打算做什么？,黄金周打算做什么？,original_book,,使用原书例句与原书中文译文。,True
n3_2647,2647,N3,26,168,170,誤解,ごかい,名·他サ,误解，误会,误解，误会,それについてはいろいろな誤解があります。,それについてはいろいろな誤解があります。,关于那件事有好多误会。,关于那件事有好多误会。,original_book,,使用原书例句与原书中文译文。,True
n3_2648,2648,N3,26,168,170,国会,こっかい,名,国会，议会,国会，议会,国会で予算案が審議されます。,国会で予算案が審議されます。,国会审议预算案。,国会审议预算案。,original_book,,使用原书例句与原书中文译文。,True
n3_2649,2649,N3,26,168,170,コック,コック,名,厨师,厨师,若いコックは料理の見習いをしている。,若いコックは料理の見習いをしている。,年轻的厨师正在学习厨艺。,年轻的厨师正在学习厨艺。,original_book,,使用原书例句与原书中文译文。,True
n3_2650,2650,N3,26,168,170,冷める,さめる,自一,（热的东西）变冷；（热情，兴趣）降低，减退,（热的东西）变冷；（热情，兴趣）降低，减退,お茶がすこし冷めるまで待ちなさい。,お茶がすこし冷めるまで待ちなさい。,等茶稍微放凉一下。,等茶稍微放凉一下。,original_book,,使用原书例句与原书中文译文。,True
n3_2651,2651,N3,26,168,170,錆びる,さびる,自一,生锈，长锈,生锈，长锈,せっかくの腕も使わないと錆びます。,せっかくの腕も使わないと錆びます。,精湛的手艺不用也会生疏的。,精湛的手艺不用也会生疏的。,original_book,,使用原书例句与原书中文译文。,True
n3_2652,2652,N3,26,168,170,酸性,さんせい,名,酸性,酸性,植物は酸性の土壌で生育します。,植物は酸性の土壌で生育します。,植物在酸性土壤中生长。,植物在酸性土壤中生长。,original_book,,使用原书例句与原书中文译文。,True
n3_2653,2653,N3,26,168,170,事務,じむ,名,事务,事务,彼女には長い事務の経験があります。,彼女には長い事務の経験があります。,她有很长时间的事务性工作经验。,她有很长时间的事务性工作经验。,original_book,,使用原书例句与原书中文译文。,True
n3_2654,2654,N3,26,168,170,受話器,じゅわき,名,听筒，耳机,听筒，耳机,いったん受話器を置いてしばらくお待ちください。,いったん受話器を置いてしばらくお待ちください。,请放下听筒稍等一下。,请放下听筒稍等一下。,original_book,,使用原书例句与原书中文译文。,True
n3_2655,2655,N3,26,168,170,正面,しょうめん,名,正面，对面,正面，对面,ぼくの正面に李君が座っています。,ぼくの正面に李君が座っています。,我对面坐着小李。,我对面坐着小李。,original_book,,使用原书例句与原书中文译文。,True
n3_2656,2656,N3,26,168,170,市立,しりつ,名,市立,市立,私たちの住んでいる市には市立の図書館がある。,私たちの住んでいる市には市立の図書館がある。,我们住的这座城市有一所市立图书馆。,我们住的这座城市有一所市立图书馆。,original_book,,使用原书例句与原书中文译文。,True
n3_2657,2657,N3,26,168,170,じろじろ,じろじろ,副,盯着看，观望,盯着看，观望,駅で見知らぬ人にじろじろと見られて、ちょっと照れてしまった。,駅で見知らぬ人にじろじろと見られて、ちょっと照れてしまった。,车站里有个陌生人一直盯着我看，看得我有点儿害羞了。,车站里有个陌生人一直盯着我看，看得我有点儿害羞了。,original_book,,使用原书例句与原书中文译文。,True
n3_2658,2658,N3,26,168,170,皺,しわ,名,皱纹；褶皱,皱纹；褶皱,シャツに皺がついているので、アイロンをかけなければいけない。,シャツに皺がついているので、アイロンをかけなければいけない。,衬衫上有褶皱，得熨一下。,衬衫上有褶皱，得熨一下。,original_book,,使用原书例句与原书中文译文。,True
n3_2659,2659,N3,26,168,170,新車,しんしゃ,名,新车,新车,彼は新車を買ったばかりで、とても嬉しそうだ。,彼は新車を買ったばかりで、とても嬉しそうだ。,他刚买了一辆新车，看起来很高兴。,他刚买了一辆新车，看起来很高兴。,original_book,,使用原书例句与原书中文译文。,True
n3_2660,2660,N3,26,168,170,人生,じんせい,名,人生,人生,幸福な人生を送ります。,幸福な人生を送ります。,过幸福的人生。,过幸福的人生。,original_book,,使用原书例句与原书中文译文。,True
n3_2661,2661,N3,26,168,170,成功,せいこう,名·自サ,成功,成功,少しばかりの成功で得意になった。,少しばかりの成功で得意になった。,因小小的成功而骄傲了。,因小小的成功而骄傲了。,original_book,,使用原书例句与原书中文译文。,True
n3_2662,2662,N3,26,169,171,全集,ぜんしゅう,名,全集,全集,買い物のついでに、甥のために児童文学全集を買った。,買い物のついでに、甥のために児童文学全集を買った。,买东西时顺便给外甥买了儿童文学全集。,买东西时顺便给外甥买了儿童文学全集。,original_book,,使用原书例句与原书中文译文。,True
n3_2663,2663,N3,26,169,171,増減,ぞうげん,名·自他サ,增减,增减,収 入は月によって増減がある。,収入は月によって増減がある。,收入每月有多有少。,收入每月有多有少。,original_book,,使用原书例句与原书中文译文。,True
n3_2664,2664,N3,26,169,171,蕎麦,そば,名,荞麦；荞麦面,荞麦；荞麦面,日本人は大晦日に年越し蕎麦を食べる習慣がある。,日本人は大晦日に年越し蕎麦を食べる習慣がある。,日本人有除夕吃荞麦面条跨年的习惯。,日本人有除夕吃荞麦面条跨年的习惯。,original_book,,使用原书例句与原书中文译文。,True
n3_2665,2665,N3,26,169,171,直ちに,ただちに,副,立刻，当即，马上,立刻，当即，马上,そこから直ちに結論を出すには根拠が不十分だ。,そこから直ちに結論を出すには根拠が不十分だ。,由此当即得出结论未免根据不足。,由此当即得出结论未免根据不足。,original_book,,使用原书例句与原书中文译文。,True
n3_2666,2666,N3,26,169,171,谷,たに,名,山谷，沟谷；低谷,山谷，沟谷；低谷,不注意のため谷に落ちてしまいました。,不注意のため谷に落ちてしまいました。,因为不小心跌落山谷了。,因为不小心跌落山谷了。,original_book,,使用原书例句与原书中文译文。,True
n3_2667,2667,N3,26,169,171,調子,ちょうし,名,语调；状态，情形；情况，样子,语调；状态，情形；情况，样子,今朝どうも体の調子が悪いようです。,今朝どうも体の調子が悪いようです。,今早感觉身体不适。,今早感觉身体不适。,original_book,,使用原书例句与原书中文译文。,True
n3_2668,2668,N3,26,169,171,通じて,つうじて,副·连,总的说来，一般地说,总的说来，一般地说,一年を通じて雨が少ない。,一年を通じて雨が少ない。,全年少雨。,全年少雨。,original_book,,使用原书例句与原书中文译文。,True
n3_2669,2669,N3,26,169,171,通じる,つうじる,自他一,通往，通向；通（电）；领会，理解，沟通；精通，通晓,通往，通向；通（电）；领会，理解，沟通；精通，通晓,やっと私の話が通じた。,やっと私の話が通じた。,（对方）终于理解我的意思了。,（对方）终于理解我的意思了。,original_book,,使用原书例句与原书中文译文。,True
n3_2670,2670,N3,26,169,171,詰まる,つまる,自五,塞满，挤满；堵塞，堵住,塞满，挤满；堵塞，堵住,予定が詰まって、手が離せない。,予定が詰まって、手が離せない。,计划排满了，无法抽身。,计划排满了，无法抽身。,original_book,,使用原书例句与原书中文译文。,True
n3_2671,2671,N3,26,169,171,出迎え,でむかえ,名,迎接，迎接的人,迎接，迎接的人,駅での暖かい出迎えに心から感謝している。,駅での暖かい出迎えに心から感謝している。,由衷感激大家在车站热情地欢迎（我们）。,由衷感激大家在车站热情地欢迎（我们）。,original_book,,使用原书例句与原书中文译文。,True
n3_2672,2672,N3,26,169,171,出迎える,でむかえる,他一,出迎，迎接,出迎，迎接,停車場でたくさんの人に出迎えられた。,停車場でたくさんの人に出迎えられた。,在停车场受到了很多人的迎接。,在停车场受到了很多人的迎接。,original_book,,使用原书例句与原书中文译文。,True
n3_2673,2673,N3,26,169,171,電力,でんりょく,名,电力,电力,暑い夏は電力の消費量が多い。,暑い夏は電力の消費量が多い。,炎热的夏天耗电量大。,炎热的夏天耗电量大。,original_book,,使用原书例句与原书中文译文。,True
n3_2674,2674,N3,26,169,171,溶かす·融かす·解かす,とかす,他五,溶解，融化,溶解，融化,砂糖を水に溶かす。,砂糖を水に溶かす。,把糖溶解在水里。,把糖溶解在水里。,original_book,,使用原书例句与原书中文译文。,True
n3_2675,2675,N3,26,169,171,取れる,とれる,自一,脱落；消除；收获,脱落；消除；收获,ぶどう酒はぶどうから取れる。,ぶどう酒はぶどうから取れる。,葡萄酒是用葡萄酿制的。,葡萄酒是用葡萄酿制的。,original_book,,使用原书例句与原书中文译文。,True
n3_2676,2676,N3,26,169,171,仲直り,なかなおり,名·自サ,和好；回光返照,和好；回光返照,喧嘩した友達と仲直りした。,喧嘩した友達と仲直りした。,和吵过架的朋友和好了。,和吵过架的朋友和好了。,original_book,,使用原书例句与原书中文译文。,True
n3_2677,2677,N3,26,169,171,慰める,なぐさめる,他一,安慰，宽慰；慰问，慰劳,安慰，宽慰；慰问，慰劳,美しい景色を見ていると心が慰められる。,美しい景色を見ていると心が慰められる。,看到美丽的景色，心灵能得到安慰。,看到美丽的景色，心灵能得到安慰。,original_book,,使用原书例句与原书中文译文。,True
n3_2678,2678,N3,26,169,171,夏日,なつび,名,夏日,夏日,今年の夏日は特に暑かった。,今年の夏日は特に暑かった。,今年夏天特别热。,今年夏天特别热。,original_book,,使用原书例句与原书中文译文。,True
n3_2679,2679,N3,26,169,171,名札,なふだ,名,姓名牌，名牌，名签,姓名牌，名牌，名签,新しいクラスで、全員に名札が配られた。,新しいクラスで、全員に名札が配られた。,在新的班级里，每个人都拿到了自己的姓名牌。,在新的班级里，每个人都拿到了自己的姓名牌。,original_book,,使用原书例句与原书中文译文。,True
n3_2680,2680,N3,26,170,172,日常,にちじょう,名,日常，平时,日常，平时,日常の心がけが大切だ。,日常の心がけが大切だ。,日常留心很重要。,日常留心很重要。,original_book,,使用原书例句与原书中文译文。,True
n3_2681,2681,N3,26,170,172,発売,はつばい,名·他サ,卖，发售，出售,卖，发售，出售,新製品を発売する。,新製品を発売する。,出售新商品。,出售新商品。,original_book,,使用原书例句与原书中文译文。,True
n3_2682,2682,N3,26,170,172,花嫁,はなよめ,名,新娘，新妇,新娘，新妇,我が娘の花嫁姿は大変きれいだ。,我が娘の花嫁姿は大変きれいだ。,我女儿的新娘装非常漂亮。,我女儿的新娘装非常漂亮。,original_book,,使用原书例句与原书中文译文。,True
n3_2683,2683,N3,26,170,172,羽·羽根,はね,名,羽毛，翎毛,羽毛，翎毛,羽をばたばたさせる。,羽をばたばたさせる。,振翅飞翔。,振翅飞翔。,original_book,,使用原书例句与原书中文译文。,True
n3_2684,2684,N3,26,170,172,張る,はる,自他五,伸展，展开；膨胀；紧张；覆盖,伸展，展开；膨胀；紧张；覆盖,湖 に氷が張った。,湖に氷が張った。,湖面结冰了。,湖面结冰了。,original_book,,使用原书例句与原书中文译文。,True
n3_2685,2685,N3,26,170,172,紐,ひも,名,细绳,细绳,小包の紐を解く。,小包の紐を解く。,解开系包裹的带子。,解开系包裹的带子。,original_book,,使用原书例句与原书中文译文。,True
n3_2686,2686,N3,26,170,172,美容,びよう,名,美容,美容,美容と健康のためにジョギングをしています。,美容と健康のためにジョギングをしています。,为了美貌和健康而跑步。,为了美貌和健康而跑步。,original_book,,使用原书例句与原书中文译文。,True
n3_2687,2687,N3,26,170,172,広々·広広,ひろびろ,副·自サ,宽广，辽阔，广阔，宽敞，开阔,宽广，辽阔，广阔，宽敞，开阔,この道路は広広している。,この道路は広広している。,这条路很宽阔。,这条路很宽阔。,original_book,,使用原书例句与原书中文译文。,True
n3_2688,2688,N3,26,170,172,膨らむ,ふくらむ,自五,鼓起，膨胀，凸起,鼓起，膨胀，凸起,希望に胸が膨らんでいた。,希望に胸が膨らんでいた。,满怀希望。,满怀希望。,original_book,,使用原书例句与原书中文译文。,True
n3_2689,2689,N3,26,170,172,縁,ふち,名,边，缘；框,边，缘；框,がけの縁から転げ落ちる。,がけの縁から転げ落ちる。,从悬崖的边缘滚落。,从悬崖的边缘滚落。,original_book,,使用原书例句与原书中文译文。,True
n3_2690,2690,N3,26,170,172,振る,ふる,他五,挥，摆；撒，丢，掷；放弃；拒绝，甩,挥，摆；撒，丢，掷；放弃；拒绝，甩,警官が手を振って人波を前進させた。,警官が手を振って人波を前進させた。,警察挥着手引导人流前行。,警察挥着手引导人流前行。,original_book,,使用原书例句与原书中文译文。,True
n3_2691,2691,N3,26,170,172,雰囲気,ふんいき,名,气氛，氛围,气氛，氛围,学問的雰囲気の中で育った。,学問的雰囲気の中で育った。,在学术氛围中长大。,在学术氛围中长大。,original_book,,使用原书例句与原书中文译文。,True
n3_2692,2692,N3,26,170,172,文房具,ぶんぼうぐ,名,文具,文具,文房具のセットを買う。,文房具のセットを買う。,买文具套装。,买文具套装。,original_book,,使用原书例句与原书中文译文。,True
n3_2693,2693,N3,26,170,172,ほうれん草,ほうれんそう,名,菠菜,菠菜,ほうれん草を買って料理を作る。,ほうれん草を買って料理を作る。,买菠菜做菜。,买菠菜做菜。,original_book,,使用原书例句与原书中文译文。,True
n3_2694,2694,N3,26,170,172,細め,ほそめ,名·形动,稍细,稍细,彼女は細めの目をして、遠くの看板をじっと見つめていた。,彼女は細めの目をして、遠くの看板をじっと見つめていた。,她眯着眼睛，凝视着远处的招牌。,她眯着眼睛，凝视着远处的招牌。,original_book,,使用原书例句与原书中文译文。,True
n3_2695,2695,N3,26,170,172,ほっと,ほっと,副·自サ,叹气；放心,叹气；放心,テストが終わって、ほっと一息ついた。,テストが終わって、ほっと一息ついた。,考试结束后，我终于松了一口气。,考试结束后，我终于松了一口气。,original_book,,使用原书例句与原书中文译文。,True
n3_2696,2696,N3,26,171,173,歩道橋,ほどうきょう,名,人行过街天桥,人行过街天桥,この歩道橋を渡ると学校に直接行ける。,この歩道橋を渡ると学校に直接行ける。,过了这座天桥就能直接到学校。,过了这座天桥就能直接到学校。,original_book,,使用原书例句与原书中文译文。,True
n3_2697,2697,N3,26,171,173,骨,ほね,名,骨；骨干；骨气,骨；骨干；骨气,彼はなかなか骨のある男だ。,彼はなかなか骨のある男だ。,他是一个有骨气的男人。,他是一个有骨气的男人。,original_book,,使用原书例句与原书中文译文。,True
n3_2698,2698,N3,26,171,173,微笑み,ほほえみ,名,微笑,微笑,彼女の微笑みはいつも心を温かくする。,彼女の微笑みはいつも心を温かくする。,她的微笑总是让人觉得暖心。,她的微笑总是让人觉得暖心。,original_book,,使用原书例句与原书中文译文。,True
n3_2699,2699,N3,26,171,173,微笑む,ほほえむ,自五,微笑；初放,微笑；初放,友達の冗談に微笑むしかなかった。,友達の冗談に微笑むしかなかった。,面对朋友的玩笑话，我只能微笑。,面对朋友的玩笑话，我只能微笑。,original_book,,使用原书例句与原书中文译文。,True
n3_2700,2700,N3,26,171,173,ぼろぼろ,ぼろぼろ,副·形动,破破烂烂，破烂不堪；扑簌扑簌，哩哩啦啦,破破烂烂，破烂不堪；扑簌扑簌，哩哩啦啦,古いジーンズがぼろぼろになってきた。,古いジーンズがぼろぼろになってきた。,旧牛仔裤已经变得破破烂烂的了。,旧牛仔裤已经变得破破烂烂的了。,original_book,,使用原书例句与原书中文译文。,True
n3_2701,2701,N3,26,171,173,盆地,ぼんち,名,盆地,盆地,この辺は盆地を成している。,この辺は盆地を成している。,这一带形成盆地。,这一带形成盆地。,original_book,,使用原书例句与原书中文译文。,True
n3_2702,2702,N3,26,171,173,守る·護る,まもる,他五,守，保卫，守卫；防守，保护；维护,守，保卫，守卫；防守，保护；维护,ルールを守ることは大切です。,ルールを守ることは大切です。,遵守规则是很重要的。,遵守规则是很重要的。,original_book,,使用原书例句与原书中文译文。,True
n3_2703,2703,N3,26,171,173,迷い,まよい,名,迷，错觉，迷惑,迷，错觉，迷惑,将来の進路について、まだ迷いがある。,将来の進路について、まだ迷いがある。,对于将来要走哪一条路，还是有感觉迷茫的地方。,对于将来要走哪一条路，还是有感觉迷茫的地方。,original_book,,使用原书例句与原书中文译文。,True
n3_2704,2704,N3,26,171,173,迷う,まよう,自五,迷，迷失；踌躇，迷惑；困惑，茫然失措,迷，迷失；踌躇，迷惑；困惑，茫然失措,彼に話すべきかどうか迷っている。,彼に話すべきかどうか迷っている。,不知道该不该告诉他。,不知道该不该告诉他。,original_book,,使用原书例句与原书中文译文。,True
n3_2705,2705,N3,26,171,173,まるで,まるで,副,完全，简直，全然；宛如，仿佛,完全，简直，全然；宛如，仿佛,そんなことはまるで気に掛けなかった。,そんなことはまるで気に掛けなかった。,完全没有注意到那样的事情。,完全没有注意到那样的事情。,original_book,,使用原书例句与原书中文译文。,True
n3_2706,2706,N3,26,171,173,稀·希,まれ,形动,少（有），稀，稀少，稀罕，罕见,少（有），稀，稀少，稀罕，罕见,そんな事件はまれにしか起こらない。,そんな事件はまれにしか起こらない。,那样的事情很少发生。,那样的事情很少发生。,original_book,,使用原书例句与原书中文译文。,True
n3_2707,2707,N3,26,171,173,見舞う,みまう,他五,访问，看望；探望，慰问,访问，看望；探望，慰问,この漁村はたびたび津波に見舞われる。,この漁村はたびたび津波に見舞われる。,这个渔村经常遭遇海啸。,这个渔村经常遭遇海啸。,original_book,,使用原书例句与原书中文译文。,True
n3_2708,2708,N3,26,171,173,都,みやこ,名,京城，首都,京城，首都,都を京都から東京へ移した。,都を京都から東京へ移した。,都城由京都迁往东京。,都城由京都迁往东京。,original_book,,使用原书例句与原书中文译文。,True
n3_2709,2709,N3,26,171,173,剥く,むく,他五,剥，削,剥，削,りんごの皮を剥かないで食べた。,りんごの皮を剥かないで食べた。,没削苹果皮就吃了。,没削苹果皮就吃了。,original_book,,使用原书例句与原书中文译文。,True
n3_2710,2710,N3,26,172,174,家賃,やちん,名,房租,房租,こんな大きな家なのに家賃は安い。,こんな大きな家なのに家賃は安い。,房子这么大，房租却很便宜。,房子这么大，房租却很便宜。,original_book,,使用原书例句与原书中文译文。,True
n3_2711,2711,N3,26,172,174,破れる,やぶれる,自一,破损，损伤；破碎，破坏,破损，损伤；破碎，破坏,彼女は結婚に破れて故郷に帰った。,彼女は結婚に破れて故郷に帰った。,她婚姻破裂之后回到故乡了。,她婚姻破裂之后回到故乡了。,original_book,,使用原书例句与原书中文译文。,True
n3_2712,2712,N3,26,172,174,夜中,よなか,名,夜半，半夜,夜半，半夜,彼女は毎晩夜中の2時まで起きている。,彼女は毎晩夜中の2時まで起きている。,她每晚到夜里两点才睡。,她每晚到夜里两点才睡。,original_book,,使用原书例句与原书中文译文。,True
n3_2713,2713,N3,26,172,174,料金,りょうきん,名,费用；使用费，手续费,费用；使用费，手续费,ガス料金が来月から上がる。,ガス料金が来月から上がる。,燃气费从下个月开始上涨。,燃气费从下个月开始上涨。,original_book,,使用原书例句与原书中文译文。,True
n3_2714,2714,N3,26,172,174,論文,ろんぶん,名,论文,论文,大学に学位論文を提出する。,大学に学位論文を提出する。,向大学提交学位论文。,向大学提交学位论文。,original_book,,使用原书例句与原书中文译文。,True
n3_2715,2715,N3,26,172,174,我が·我,わが,连体,我的；我们的,我的；我们的,その条件なら我が意を得たというところだ。,その条件なら我が意を得たというところだ。,那个条件令我满意。,那个条件令我满意。,original_book,,使用原书例句与原书中文译文。,True
n3_2716,2716,N3,27,173,175,アンコール,アンコール,名·自サ,重演，再来一个；返场,重演，再来一个；返场,アンコールに応じて2 曲演奏した。,アンコールに応じて2曲演奏した。,返场又演奏了两支曲子。,返场又演奏了两支曲子。,original_book,,使用原书例句与原书中文译文。,True
n3_2717,2717,N3,27,173,175,安定,あんてい,名·自サ,稳定，安定；安稳,稳定，安定；安稳,物価が安定してきました。,物価が安定してきました。,物价稳定下来了。,物价稳定下来了。,original_book,,使用原书例句与原书中文译文。,True
n3_2718,2718,N3,27,173,175,傷める,いためる,他一,弄坏，损坏；损伤,弄坏，损坏；损伤,乱暴をして傘を傷めます。,乱暴をして傘を傷めます。,雨伞用得不小心，坏了。,雨伞用得不小心，坏了。,original_book,,使用原书例句与原书中文译文。,True
n3_2719,2719,N3,27,173,175,従兄弟·従姉妹,いとこ,名,堂兄弟（姐妹），表兄弟（姐妹）,堂兄弟（姐妹），表兄弟（姐妹）,良子と私は従姉妹同士です。,良子と私は従姉妹同士です。,良子和我是堂姐妹的关系。,良子和我是堂姐妹的关系。,original_book,,使用原书例句与原书中文译文。,True
n3_2720,2720,N3,27,173,175,稲,いね,名,稻子,稻子,この地方では稲を作る農家が多いそうです。,この地方では稲を作る農家が多いそうです。,据说这个地方种植水稻的农家有很多。,据说这个地方种植水稻的农家有很多。,original_book,,使用原书例句与原书中文译文。,True
n3_2721,2721,N3,27,173,175,浮く,うく,自五,浮，漂；浮起，浮出；晃动，动摇；浮动，脱离；高兴，快活,浮，漂；浮起，浮出；晃动，动摇；浮动，脱离；高兴，快活,水泳の授業で、浮く練習をした。,水泳の授業で、浮く練習をした。,在游泳课上练习了漂浮。,在游泳课上练习了漂浮。,original_book,,使用原书例句与原书中文译文。,True
n3_2722,2722,N3,27,173,175,後ろ姿,うしろすがた,名,背影,背影,彼女の後ろ姿はとても優雅だった。,彼女の後ろ姿はとても優雅だった。,她的背影很优雅。,她的背影很优雅。,original_book,,使用原书例句与原书中文译文。,True
n3_2723,2723,N3,27,173,175,疑い,うたがい,名,疑问，怀疑；嫌疑，猜疑,疑问，怀疑；嫌疑，猜疑,彼の話にはいくつか疑いがある。,彼の話にはいくつか疑いがある。,对他的话有几点疑问。,对他的话有几点疑问。,original_book,,使用原书例句与原书中文译文。,True
n3_2724,2724,N3,27,173,175,おでこ,おでこ,名,额头，脑门儿,额头，脑门儿,おでこにしわができる原因は皮膚の老化現象や乾燥です。,おでこにしわができる原因は皮膚の老化現象や乾燥です。,额头出现皱纹的原因是皮肤老化或干燥。,额头出现皱纹的原因是皮肤老化或干燥。,original_book,,使用原书例句与原书中文译文。,True
n3_2725,2725,N3,27,173,175,ガスレンジ,ガスレンジ,名,煤气灶,煤气灶,家にガスレンジがないのでよく外食します。,家にガスレンジがないのでよく外食します。,家里没有煤气灶，所以经常在外面吃饭。,家里没有煤气灶，所以经常在外面吃饭。,original_book,,使用原书例句与原书中文译文。,True
n3_2726,2726,N3,27,173,175,カタログ,カタログ,名,目录，商品说明书,目录，商品说明书,冷蔵庫のカタログを1部お送りください。,冷蔵庫のカタログを1部お送りください。,请给我寄一本冰箱产品目录。,请给我寄一本冰箱产品目录。,original_book,,使用原书例句与原书中文译文。,True
n3_2727,2727,N3,27,173,175,キャンパス,キャンパス,名,校园；大学校园,校园；大学校园,これからキャンパスをご案内いたします。,これからキャンパスをご案内いたします。,接下来我带您参观校园。,接下来我带您参观校园。,original_book,,使用原书例句与原书中文译文。,True
n3_2728,2728,N3,27,173,175,キャンプ,キャンプ,名·自サ,露营，野营,露营，野营,森にキャンプに行く。,森にキャンプに行く。,去森林里野营。,去森林里野营。,original_book,,使用原书例句与原书中文译文。,True
n3_2729,2729,N3,27,173,175,級,きゅう,名,等级；班级，年级,等级；班级，年级,成績が悪いので上の級に行けません。,成績が悪いので上の級に行けません。,成绩不好导致不能升级。,成绩不好导致不能升级。,original_book,,使用原书例句与原书中文译文。,True
n3_2730,2730,N3,27,174,176,休講,きゅうこう,名·自サ,停止讲课，停课,停止讲课，停课,周先生は病気で休講です。,周先生は病気で休講です。,周老师因病停课。,周老师因病停课。,original_book,,使用原书例句与原书中文译文。,True
n3_2731,2731,N3,27,174,176,グランド,グランド,接头,巨大的,巨大的,あのデパートではグランドセールをやっているそうです。,あのデパートではグランドセールをやっているそうです。,听说那个商场正在打折促销。,听说那个商场正在打折促销。,original_book,,使用原书例句与原书中文译文。,True
n3_2732,2732,N3,27,174,176,クレジットカード,クレジットカード,名,信用卡,信用卡,財布の中にクレジットカードが三枚入っています。,財布の中にクレジットカードが三枚入っています。,钱包里有三张信用卡。,钱包里有三张信用卡。,original_book,,使用原书例句与原书中文译文。,True
n3_2733,2733,N3,27,174,176,現,げん,接头,现在的,现在的,ここに現住所をきちんと記入してください。,ここに現住所をきちんと記入してください。,请在这里写明您的现住址。,请在这里写明您的现住址。,original_book,,使用原书例句与原书中文译文。,True
n3_2734,2734,N3,27,174,176,言語学,げんごがく,名,语言学,语言学,大学で言語学を専攻して、さまざまな言語の構造について学んだ。,大学で言語学を専攻して、さまざまな言語の構造について学んだ。,我在大学主修语言学，学习了各种语言的结构。,我在大学主修语言学，学习了各种语言的结构。,original_book,,使用原书例句与原书中文译文。,True
n3_2735,2735,N3,27,174,176,現実,げんじつ,名,现实；实际,现实；实际,彼女には理想と現実との違いが分かりません。,彼女には理想と現実との違いが分かりません。,她分不清理想和现实。,她分不清理想和现实。,original_book,,使用原书例句与原书中文译文。,True
n3_2736,2736,N3,27,174,176,現実的,げんじつてき,形动,现实的，实际的；实惠,现实的，实际的；实惠,彼女は常に現実的なアドバイスをくれるので、頼りにしている。,彼女は常に現実的なアドバイスをくれるので、頼りにしている。,她总是给我一些实际的建议，所以让我觉得很可靠。,她总是给我一些实际的建议，所以让我觉得很可靠。,original_book,,使用原书例句与原书中文译文。,True
n3_2737,2737,N3,27,174,176,現場,げんば,名,现场,现场,事件の現場には、警察が多く集まっていた。,事件の現場には、警察が多く集まっていた。,事发现场聚集了很多警察。,事发现场聚集了很多警察。,original_book,,使用原书例句与原书中文译文。,True
n3_2738,2738,N3,27,174,176,高価,こうか,名·形动,高价，大价钱,高价，大价钱,そのブランドのバッグはとても高価だけど、とても素敵だ。,そのブランドのバッグはとても高価だけど、とても素敵だ。,那个品牌的包虽然昂贵，但非常漂亮。,那个品牌的包虽然昂贵，但非常漂亮。,original_book,,使用原书例句与原书中文译文。,True
n3_2739,2739,N3,27,174,176,国際線,こくさいせん,名,国际航线,国际航线,来年の夏休みに国際線でアメリカに行く予定だ。,来年の夏休みに国際線でアメリカに行く予定だ。,计划明年暑假乘坐国际航班去美国。,计划明年暑假乘坐国际航班去美国。,original_book,,使用原书例句与原书中文译文。,True
n3_2740,2740,N3,27,174,176,国内線,こくないせん,名,国内航线,国内航线,台風の影響で、一部の国内線の便が欠航になった。,台風の影響で、一部の国内線の便が欠航になった。,受台风影响，部分国内航班取消了。,受台风影响，部分国内航班取消了。,original_book,,使用原书例句与原书中文译文。,True
n3_2741,2741,N3,27,174,176,小匙,こさじ,名,小匙,小匙,料理には小匙で量を計ることが多い。,料理には小匙で量を計ることが多い。,做菜时，人们常常用小匙量分量。,做菜时，人们常常用小匙量分量。,original_book,,使用原书例句与原书中文译文。,True
n3_2742,2742,N3,27,174,176,小雨,こさめ,名,小雨,小雨,朝から小雨が降っていて、傘を持ってきてよかった。,朝から小雨が降っていて、傘を持ってきてよかった。,早上开始下小雨了，幸好我带了伞。,早上开始下小雨了，幸好我带了伞。,original_book,,使用原书例句与原书中文译文。,True
n3_2743,2743,N3,27,174,176,こっそり,こっそり,副,悄悄，偷偷,悄悄，偷偷,こっそりと話をします。,こっそりと話をします。,悄悄讲话。,悄悄讲话。,original_book,,使用原书例句与原书中文译文。,True
n3_2744,2744,N3,27,174,176,言付ける,ことづける,他一,托付，托带口信,托付，托带口信,明日来るように言付けます。,明日来るように言付けます。,带口信说明天来。,带口信说明天来。,original_book,,使用原书例句与原书中文译文。,True
n3_2745,2745,N3,27,174,176,異なる,ことなる,自五,不同，不一样,不同，不一样,彼と彼女は性格が異なります。,彼と彼女は性格が異なります。,他和她性格不同。,他和她性格不同。,original_book,,使用原书例句与原书中文译文。,True
n3_2746,2746,N3,27,174,176,才能,さいのう,名,才能，才干,才能，才干,彼には語学の才能があります。,彼には語学の才能があります。,他有学习语言的天赋。,他有学习语言的天赋。,original_book,,使用原书例句与原书中文译文。,True
n3_2747,2747,N3,27,174,176,削除,さくじょ,名·他サ,删掉，删除,删掉，删除,最後の1 行を削除します。,最後の1行を削除します。,删除最后一行。,删除最后一行。,original_book,,使用原书例句与原书中文译文。,True
n3_2748,2748,N3,27,174,176,作成,さくせい,名·他サ,写,写,実地調査報告書の作成にまる1日費やしました。,実地調査報告書の作成にまる1日費やしました。,整整花了一天时间写实地调查报告。,整整花了一天时间写实地调查报告。,original_book,,使用原书例句与原书中文译文。,True
n3_2749,2749,N3,27,175,177,昨年,さくねん,名,去年,去年,昨年はいろいろお世話になりました。,昨年はいろいろお世話になりました。,去年得到您的很多照顾。,去年得到您的很多照顾。,original_book,,使用原书例句与原书中文译文。,True
n3_2750,2750,N3,27,175,177,品,しな,名,物品，东西，商品,物品，东西，商品,心ばかりのお礼の品です。どうぞお受け取りください。,心ばかりのお礼の品です。どうぞお受け取りください。,这是我的一点儿心意，请笑纳。,这是我的一点儿心意，请笑纳。,original_book,,使用原书例句与原书中文译文。,True
n3_2751,2751,N3,27,175,177,終電車,しゅうでんしゃ,名,（当天的）末班电车,（当天的）末班电车,終電車に乗り遅れました。,終電車に乗り遅れました。,没赶上末班电车。,没赶上末班电车。,original_book,,使用原书例句与原书中文译文。,True
n3_2752,2752,N3,27,175,177,主要,しゅよう,名·形动,主要,主要,スイスの主要な産業は時計です。,スイスの主要な産業は時計です。,瑞士的主要产业是钟表业。,瑞士的主要产业是钟表业。,original_book,,使用原书例句与原书中文译文。,True
n3_2753,2753,N3,27,175,177,シンプル,シンプル,形动,质朴；简单,质朴；简单,彼女のファッションスタイルはいつもシンプルだ。,彼女のファッションスタイルはいつもシンプルだ。,她的穿衣风格总是很简单。,她的穿衣风格总是很简单。,original_book,,使用原书例句与原书中文译文。,True
n3_2754,2754,N3,27,175,177,親友,しんゆう,名,挚友，亲密的朋友,挚友，亲密的朋友,彼は私の一番の親友です。,彼は私の一番の親友です。,他是我最好的朋友。,他是我最好的朋友。,original_book,,使用原书例句与原书中文译文。,True
n3_2755,2755,N3,27,175,177,進路,しんろ,名,前进的道路,前进的道路,高校生活の最終年で、私は将来の進路について真剣に考えている。,高校生活の最終年で、私は将来の進路について真剣に考えている。,这是我高中生活的最后一年，我正在认真思考毕业之后的路怎么走。,这是我高中生活的最后一年，我正在认真思考毕业之后的路怎么走。,original_book,,使用原书例句与原书中文译文。,True
n3_2756,2756,N3,27,175,177,水族館,すいぞくかん,名,水族馆,水族馆,先週末、家族で近くの水族館に行き、色々な海の生物を見た。,先週末、家族で近くの水族館に行き、色々な海の生物を見た。,上周末，我和家人去了附近的水族馆，看到了各种各样的海洋生物。,上周末，我和家人去了附近的水族馆，看到了各种各样的海洋生物。,original_book,,使用原书例句与原书中文译文。,True
n3_2757,2757,N3,27,175,177,好き好き,すきずき,名,各有所好,各有所好,人にはそれぞれ好き好きがある。,人にはそれぞれ好き好きがある。,人各有所好。,人各有所好。,original_book,,使用原书例句与原书中文译文。,True
n3_2758,2758,N3,27,175,177,正確,せいかく,名·形动,正确,正确,事実を正確に記録する。,事実を正確に記録する。,准确地记录事实。,准确地记录事实。,original_book,,使用原书例句与原书中文译文。,True
n3_2759,2759,N3,27,175,177,全体,ぜんたい,名·副,全体,全体,この組の生徒は全体にできがよい。,この組の生徒は全体にできがよい。,这个班的学生整体成绩都很好。,这个班的学生整体成绩都很好。,original_book,,使用原书例句与原书中文译文。,True
n3_2760,2760,N3,27,175,177,相互,そうご,名,相互,相互,世の中の問題の多くは、相互を理解することの欠如から波及しているように思える。,世の中の問題の多くは、相互を理解することの欠如から波及しているように思える。,我认为，世间很多问题都是双方缺乏理解导致的。,我认为，世间很多问题都是双方缺乏理解导致的。,original_book,,使用原书例句与原书中文译文。,True
n3_2761,2761,N3,27,175,177,立ち止る,たちどまる,自五,站住，停步，止步,站住，停步，止步,立ち止まらずに中ほどへどうぞ。,立ち止まらずに中ほどへどうぞ。,不要停留，请入内。,不要停留，请入内。,original_book,,使用原书例句与原书中文译文。,True
n3_2762,2762,N3,27,175,177,堪らない,たまらない,词,（连）难堪，……得不得了，忍受不了,（连）难堪，……得不得了，忍受不了,腹が減ってたまらない。,腹が減ってたまらない。,肚子饿得难受。,肚子饿得难受。,original_book,,使用原书例句与原书中文译文。,True
n3_2763,2763,N3,27,175,177,単位,たんい,名,单位；学分,单位；学分,彼は毎日遊んでばかりいて、結局単位が足りずに留年してしまった。,彼は毎日遊んでばかりいて、結局単位が足りずに留年してしまった。,他每天光玩（不学习），结果学分修得不够，留级了。,他每天光玩（不学习），结果学分修得不够，留级了。,original_book,,使用原书例句与原书中文译文。,True
n3_2764,2764,N3,27,175,177,近付ける,ちかづける,他一,挨近，靠近，接近,挨近，靠近，接近,本に目を近づけて読むと近眼になりやすい。,本に目を近づけて読むと近眼になりやすい。,如果看书离得太近，眼睛容易近视。,如果看书离得太近，眼睛容易近视。,original_book,,使用原书例句与原书中文译文。,True
n3_2765,2765,N3,27,175,177,中途,ちゅうと,名,半路，中途,半路，中途,そのスナックは食べだすと中途ではやめられない。,そのスナックは食べだすと中途ではやめられない。,那个点心，一旦开始吃就停不下来。,那个点心，一旦开始吃就停不下来。,original_book,,使用原书例句与原书中文译文。,True
n3_2766,2766,N3,27,175,177,散る,ちる,自五,凋谢，落；离散，分散；消散,凋谢，落；离散，分散；消散,雲が散って太陽が照り始めた。,雲が散って太陽が照り始めた。,云散开，太阳出来了。,云散开，太阳出来了。,original_book,,使用原书例句与原书中文译文。,True
n3_2767,2767,N3,27,176,178,掴む,つかむ,他五,拽住，揪住；抓住，把握住,拽住，揪住；抓住，把握住,しっかりつかんで放すな。,しっかりつかんで放すな。,牢牢抓住，不要松开。,牢牢抓住，不要松开。,original_book,,使用原书例句与原书中文译文。,True
n3_2768,2768,N3,27,176,178,伝わる,つたわる,自五,传播；传来；流传,传播；传来；流传,花の香りが風に乗って伝わってきた。,花の香りが風に乗って伝わってきた。,花香随风飘过来了。,花香随风飘过来了。,original_book,,使用原书例句与原书中文译文。,True
n3_2769,2769,N3,27,176,178,吊るす,つるす,他五,吊起，挂起,吊起，挂起,シャンデリアが天井から吊るしてある。,シャンデリアが天井から吊るしてある。,吊灯从天花板垂下来。,吊灯从天花板垂下来。,original_book,,使用原书例句与原书中文译文。,True
n3_2770,2770,N3,27,176,178,展開,てんかい,名·自他サ,展开；进展,展开；进展,舞台にはなやかな場面が展開する。,舞台にはなやかな場面が展開する。,舞台上展开华丽的一幕。,舞台上展开华丽的一幕。,original_book,,使用原书例句与原书中文译文。,True
n3_2771,2771,N3,27,176,178,点数,てんすう,名,分数；件数,分数；件数,帳簿と現物の点数が一致しない。,帳簿と現物の点数が一致しない。,账簿和实物的数量不一致。,账簿和实物的数量不一致。,original_book,,使用原书例句与原书中文译文。,True
n3_2772,2772,N3,27,176,178,得,とく,名·形动,收益；有利,收益；有利,このセールで商品を買うと、通常価格と比較して約２万円の得になる。,このセールで商品を買うと、通常価格と比較して約２万円の得になる。,如果在这次特卖活动中购买商品，那么与正常价格相比，大约节省两万日元。,如果在这次特卖活动中购买商品，那么与正常价格相比，大约节省两万日元。,original_book,,使用原书例句与原书中文译文。,True
n3_2773,2773,N3,27,176,178,飛び出す,とびだす,自五,跑出，跳出；鼓出，突出,跑出，跳出；鼓出，突出,ご飯も食べずにうちを飛び出した。,ご飯も食べずにうちを飛び出した。,连饭都没吃就跑了出去。,连饭都没吃就跑了出去。,original_book,,使用原书例句与原书中文译文。,True
n3_2774,2774,N3,27,176,178,取り出す,とりだす,他五,拿出，取出；挑出，选出,拿出，取出；挑出，选出,どれでもすきなものを取り出しなさい。,どれでもすきなものを取り出しなさい。,请挑出你喜欢的东西，哪个都可以。,请挑出你喜欢的东西，哪个都可以。,original_book,,使用原书例句与原书中文译文。,True
n3_2775,2775,N3,27,176,178,長い·永い,ながい,形,长的；长久的,长的；长久的,永い月日が経つ。,永い月日が経つ。,经过漫长岁月。,经过漫长岁月。,original_book,,使用原书例句与原书中文译文。,True
n3_2776,2776,N3,27,176,178,怠け者,なまけもの,名,懒汉,懒汉,怠け者と言われても、休日はゆっくりしたい。,怠け者と言われても、休日はゆっくりしたい。,休息日我想好好休息，哪怕被别人认为很懒。,休息日我想好好休息，哪怕被别人认为很懒。,original_book,,使用原书例句与原书中文译文。,True
n3_2777,2777,N3,27,176,178,生放送,なまほうそう,名·他サ,现场直播,现场直播,そのイベントはテレビで生放送された。,そのイベントはテレビで生放送された。,这场活动通过电视进行了直播。,这场活动通过电视进行了直播。,original_book,,使用原书例句与原书中文译文。,True
n3_2778,2778,N3,27,176,178,嘗める,なめる,他一,舐，含，舔；尝；尝受，经历；轻视，小看,舐，含，舔；尝；尝受，经历；轻视，小看,アイスクリームをなめながら公園を散歩した。,アイスクリームをなめながら公園を散歩した。,一边舔着冰激凌一边在公园散步。,一边舔着冰激凌一边在公园散步。,original_book,,使用原书例句与原书中文译文。,True
n3_2779,2779,N3,27,176,178,入力,にゅうりょく,名·他サ,输入数据,输入数据,情報をコンピュータに入 力する。,情報をコンピュータに入力する。,将信息录入电脑。,将信息录入电脑。,original_book,,使用原书例句与原书中文译文。,True
n3_2780,2780,N3,27,176,178,縫う,ぬう,他五,缝，缝纫,缝，缝纫,母は夜遅くまで私の晴れ着を縫っていた。,母は夜遅くまで私の晴れ着を縫っていた。,妈妈为我缝制礼服直到深夜。,妈妈为我缝制礼服直到深夜。,original_book,,使用原书例句与原书中文译文。,True
n3_2781,2781,N3,27,176,178,抜ける,ぬける,自一,脱落；漏掉，遗漏；缺少，消失,脱落；漏掉，遗漏；缺少，消失,息子に死なれてすっかり張り合いが抜けてしまった。,息子に死なれてすっかり張り合いが抜けてしまった。,失去儿子，完全没有了精神。,失去儿子，完全没有了精神。,original_book,,使用原书例句与原书中文译文。,True
n3_2782,2782,N3,27,176,178,俳優,はいゆう,名,演员,演员,俳優になる。,俳優になる。,成为演员。,成为演员。,original_book,,使用原书例句与原书中文译文。,True
n3_2783,2783,N3,27,176,178,這う,はう,自五,爬；攀援,爬；攀援,かぼちゃの蔓が地面に這っていた。,かぼちゃの蔓が地面に這っていた。,南瓜藤爬满地面。,南瓜藤爬满地面。,original_book,,使用原书例句与原书中文译文。,True
n3_2784,2784,N3,27,177,179,話し合い,はなしあい,名·自サ,商量,商量,問題を解決するために、みんなで話し合いをした。,問題を解決するために、みんなで話し合いをした。,为了解决问题，大家进行了商议。,为了解决问题，大家进行了商议。,original_book,,使用原书例句与原书中文译文。,True
n3_2785,2785,N3,27,177,179,話し合う,はなしあう,自五,谈话，对话；商谈，协商，谈判,谈话，对话；商谈，协商，谈判,仕事のことで彼と話し合った。,仕事のことで彼と話し合った。,因工作的事情和他谈话了。,因工作的事情和他谈话了。,original_book,,使用原书例句与原书中文译文。,True
n3_2786,2786,N3,27,177,179,放す,はなす,他五,放开，放掉,放开，放掉,魚を川に放す。,魚を川に放す。,将鱼在河里放生。,将鱼在河里放生。,original_book,,使用原书例句与原书中文译文。,True
n3_2787,2787,N3,27,177,179,針,はり,名,针,针,針で刺すように足が痛んだ。,針で刺すように足が痛んだ。,脚像针刺一样疼。,脚像针刺一样疼。,original_book,,使用原书例句与原书中文译文。,True
n3_2788,2788,N3,27,177,179,反する,はんする,自サ,违反；相反,违反；相反,予想に反した結果となった。,予想に反した結果となった。,结果和预想的相反。,结果和预想的相反。,original_book,,使用原书例句与原书中文译文。,True
n3_2789,2789,N3,27,177,179,必需品,ひつじゅひん,名,必需品,必需品,田舎では車は必需品だ。,田舎では車は必需品だ。,车在农村是必需品。,车在农村是必需品。,original_book,,使用原书例句与原书中文译文。,True
n3_2790,2790,N3,27,177,179,表情,ひょうじょう,名,表情，神情,表情，神情,子供たちの表 情はとても楽しそうです。,子供たちの表情はとても楽しそうです。,从孩子们的表情看，他们似乎很快乐。,从孩子们的表情看，他们似乎很快乐。,original_book,,使用原书例句与原书中文译文。,True
n3_2791,2791,N3,27,177,179,評論,ひょうろん,名·他サ,评论,评论,文学作品の評論をする。,文学作品の評論をする。,评论文学作品。,评论文学作品。,original_book,,使用原书例句与原书中文译文。,True
n3_2792,2792,N3,27,177,179,瓶,びん,名,瓶子,瓶子,瓶に詰める。,瓶に詰める。,塞进瓶子。,塞进瓶子。,original_book,,使用原书例句与原书中文译文。,True
n3_2793,2793,N3,27,177,179,複写,ふくしゃ,名·他サ,抄写，誊写；复写，拷贝,抄写，誊写；复写，拷贝,古い記念写真を複写する。,古い記念写真を複写する。,拷贝老照片。,拷贝老照片。,original_book,,使用原书例句与原书中文译文。,True
n3_2794,2794,N3,27,177,179,防ぐ,ふせぐ,他五,防御，防守，防卫；预防，防备,防御，防守，防卫；预防，防备,泥棒を防ぐために戸締りを厳重にする。,泥棒を防ぐために戸締りを厳重にする。,为了防小偷而锁紧房门。,为了防小偷而锁紧房门。,original_book,,使用原书例句与原书中文译文。,True
n3_2795,2795,N3,27,177,179,蓋,ふた,名,盖，盖子,盖，盖子,蓋がしてある。,蓋がしてある。,盖着盖子。,盖着盖子。,original_book,,使用原书例句与原书中文译文。,True
n3_2796,2796,N3,27,177,179,物価,ぶっか,名,物价,物价,この辺は物価が高い。,この辺は物価が高い。,这附近物价高。,这附近物价高。,original_book,,使用原书例句与原书中文译文。,True
n3_2797,2797,N3,27,177,179,文脈,ぶんみゃく,名,上下文的一贯性；前后文的逻辑性,上下文的一贯性；前后文的逻辑性,文脈からはそのような意味にはとれない。,文脈からはそのような意味にはとれない。,从上下文来看没有那样的含义。,从上下文来看没有那样的含义。,original_book,,使用原书例句与原书中文译文。,True
n3_2798,2798,N3,27,177,179,仏,ほとけ,名,佛，佛像,佛，佛像,仏の前で手を合わせて祈ります。,仏の前で手を合わせて祈ります。,在佛像前合掌祈祷。,在佛像前合掌祈祷。,original_book,,使用原书例句与原书中文译文。,True
n3_2799,2799,N3,27,177,179,本気,ほんき,名·形动,认真，正经,认真，正经,彼は本気でそのコンテストに挑戦している。,彼は本気でそのコンテストに挑戦している。,他在认真地接受那个竞赛带给他的挑战。,他在认真地接受那个竞赛带给他的挑战。,original_book,,使用原书例句与原书中文译文。,True
n3_2800,2800,N3,27,177,179,ポンド,ポンド,名,磅；英镑,磅；英镑,イギリスではポンドが通貨単位だ。,イギリスではポンドが通貨単位だ。,在英国，英镑是货币单位。,在英国，英镑是货币单位。,original_book,,使用原书例句与原书中文译文。,True
n3_2801,2801,N3,27,177,179,本音,ほんね,名,真心话,真心话,時には本音を話すことが、関係を深めるきっかけになる。,時には本音を話すことが、関係を深めるきっかけになる。,有时候说出真心话是加深彼此关系的契机。,有时候说出真心话是加深彼此关系的契机。,original_book,,使用原书例句与原书中文译文。,True
n3_2802,2802,N3,27,177,179,蒔く·播く,まく,他五,播，种,播，种,庭に種をまいた。,庭に種をまいた。,在院子里播下了种子。,在院子里播下了种子。,original_book,,使用原书例句与原书中文译文。,True
n3_2803,2803,N3,27,177,179,マスコミ,マスコミ,名,新闻媒体，媒体，宣传媒介，宣传工具,新闻媒体，媒体，宣传媒介，宣传工具,マスコミ関係の仕事に興味がある。,マスコミ関係の仕事に興味がある。,对媒体相关工作感兴趣。,对媒体相关工作感兴趣。,original_book,,使用原书例句与原书中文译文。,True
n3_2804,2804,N3,27,178,180,万一,まんいち,名·副,万分之一；万一；倘若，假如,万分之一；万一；倘若，假如,万一の場合は、このボタンを押してください。,万一の場合は、このボタンを押してください。,万一有情况，请按下这个按钮。,万一有情况，请按下这个按钮。,original_book,,使用原书例句与原书中文译文。,True
n3_2805,2805,N3,27,178,180,群れ,むれ,名,群，伙,群，伙,失業者が群れをなして集まった。,失業者が群れをなして集まった。,失业者成群集结。,失业者成群集结。,original_book,,使用原书例句与原书中文译文。,True
n3_2806,2806,N3,27,178,180,面倒,めんどう,名·形动,麻烦，费事；照顾，照料,麻烦，费事；照顾，照料,彼らにいちいちそれを送り返すのが面倒になった。,彼らにいちいちそれを送り返すのが面倒になった。,把这些给他们逐一送还回去是一件麻烦事。,把这些给他们逐一送还回去是一件麻烦事。,original_book,,使用原书例句与原书中文译文。,True
n3_2807,2807,N3,27,178,180,元,もと,名,原来，本来；本源，根源；原因，起因,原来，本来；本源，根源；原因，起因,事件の元を辿る。,事件の元を辿る。,探究事件的根源。,探究事件的根源。,original_book,,使用原书例句与原书中文译文。,True
n3_2808,2808,N3,27,178,180,役所,やくしょ,名,政府机关，官署，官厅,政府机关，官署，官厅,父は役所に勤めています。,父は役所に勤めています。,父亲在政府机关工作。,父亲在政府机关工作。,original_book,,使用原书例句与原书中文译文。,True
n3_2809,2809,N3,27,178,180,行く,ゆく,自五,去，走；步行；通往,去，走；步行；通往,遠ざかって行く列車を見送った。,遠ざかって行く列車を見送った。,目送列车远去了。,目送列车远去了。,original_book,,使用原书例句与原书中文译文。,True
n3_2810,2810,N3,27,178,180,予備,よび,名,预备，准备,预备，准备,電池が切れるかもしれない。予備を持っていこう。,電池が切れるかもしれない。予備を持っていこう。,电池可能没电，带上备用的去吧。,电池可能没电，带上备用的去吧。,original_book,,使用原书例句与原书中文译文。,True
n3_2811,2811,N3,27,178,180,ワンピース,ワンピース,名,连衣裙,连衣裙,可愛い系から大人系までワンピースを取り揃えている。,可愛い系から大人系までワンピースを取り揃えている。,从可爱型到成熟型，裙子的种类一应俱全。,从可爱型到成熟型，裙子的种类一应俱全。,original_book,,使用原书例句与原书中文译文。,True
n3_2812,2812,N3,28,179,181,相手,あいて,名,伙伴；对方，对手；对象,伙伴；对方，对手；对象,彼は議論の中で、相手の意見も尊重することを忘れない。,彼は議論の中で、相手の意見も尊重することを忘れない。,在辩论中，他也没有忘记要尊重对方的意见。,在辩论中，他也没有忘记要尊重对方的意见。,original_book,,使用原书例句与原书中文译文。,True
n3_2813,2813,N3,28,179,181,顎,あご,名,（上下）颚；下巴,（上下）颚；下巴,何時間も話し続けたので、顎がくたびれた。,何時間も話し続けたので、顎がくたびれた。,一连讲了好几小时话，下巴都累了。,一连讲了好几小时话，下巴都累了。,original_book,,使用原书例句与原书中文译文。,True
n3_2814,2814,N3,28,179,181,麻,あさ,名,大麻；麻,大麻；麻,麻のハンカチを何枚も買いました。,麻のハンカチを何枚も買いました。,买了好几块麻布手帕。,买了好几块麻布手帕。,original_book,,使用原书例句与原书中文译文。,True
n3_2815,2815,N3,28,179,181,現す,あらわす,他五,现，显露,现，显露,彼は突然姿を現しました。,彼は突然姿を現しました。,她突然现身了。,她突然现身了。,original_book,,使用原书例句与原书中文译文。,True
n3_2816,2816,N3,28,179,181,アンケート,アンケート,名,征询意见,征询意见,電話でアンケートを求める。,電話でアンケートを求める。,打电话征询意见。,打电话征询意见。,original_book,,使用原书例句与原书中文译文。,True
n3_2817,2817,N3,28,179,181,急ぎ,いそぎ,名,急忙，匆忙，急迫,急忙，匆忙，急迫,お急ぎとあればお引き留めはしません。,お急ぎとあればお引き留めはしません。,如果您有急事，那我就不挽留了。,如果您有急事，那我就不挽留了。,original_book,,使用原书例句与原书中文译文。,True
n3_2818,2818,N3,28,179,181,急ぐ,いそぐ,自他五,快，急，加快，赶紧,快，急，加快，赶紧,急がないと間に合いませんよ。,急がないと間に合いませんよ。,不抓紧的话就赶不上了。,不抓紧的话就赶不上了。,original_book,,使用原书例句与原书中文译文。,True
n3_2819,2819,N3,28,179,181,板,いた,名,木板,木板,床に板を張ったほうがいいでしょう。,床に板を張ったほうがいいでしょう。,铺木地板比较好吧。,铺木地板比较好吧。,original_book,,使用原书例句与原书中文译文。,True
n3_2820,2820,N3,28,179,181,一生,いっしょう,名,一生，终生，一辈子,一生，终生，一辈子,これだけの本を読むには一生かかります。,これだけの本を読むには一生かかります。,读完这些书需要一辈子。,读完这些书需要一辈子。,original_book,,使用原书例句与原书中文译文。,True
n3_2821,2821,N3,28,179,181,撃つ,うつ,他五,射击；放枪，开枪，打枪；攻击,射击；放枪，开枪，打枪；攻击,ゲームで敵を撃つのが難しい。,ゲームで敵を撃つのが難しい。,在游戏中很难射击敌人。,在游戏中很难射击敌人。,original_book,,使用原书例句与原书中文译文。,True
n3_2822,2822,N3,28,179,181,うとうと,うとうと,名·自サ,迷迷糊糊,迷迷糊糊,授業 中にうとうとしてしまった。,授業中にうとうとしてしまった。,上课时迷迷糊糊地睡着了。,上课时迷迷糊糊地睡着了。,original_book,,使用原书例句与原书中文译文。,True
n3_2823,2823,N3,28,179,181,うなる,うなる,自五,（兽类）吼，啸；轰鸣，发出呜呜声；呻吟，哼哼；赞叹，叫好,（兽类）吼，啸；轰鸣，发出呜呜声；呻吟，哼哼；赞叹，叫好,空腹でお腹がうなる音がした。,空腹でお腹がうなる音がした。,饿得肚子咕噜咕噜叫。,饿得肚子咕噜咕噜叫。,original_book,,使用原书例句与原书中文译文。,True
n3_2824,2824,N3,28,179,181,演奏,えんそう,名·他サ,演奏,演奏,誰でも自由に演奏に参加できます。,誰でも自由に演奏に参加できます。,谁都可以自由参加演奏。,谁都可以自由参加演奏。,original_book,,使用原书例句与原书中文译文。,True
n3_2825,2825,N3,28,179,181,納める,おさめる,他一,接受；缴纳,接受；缴纳,つまらぬものですが感謝の気持ちをお納めください。,つまらぬものですが感謝の気持ちをお納めください。,一点儿礼物聊表谢意，还请笑纳。,一点儿礼物聊表谢意，还请笑纳。,original_book,,使用原书例句与原书中文译文。,True
n3_2826,2826,N3,28,180,182,過敏,かびん,名·形动,过敏,过敏,わたしは薬物に過敏な体質です。,わたしは薬物に過敏な体質です。,我是药物过敏性体质。,我是药物过敏性体质。,original_book,,使用原书例句与原书中文译文。,True
n3_2827,2827,N3,28,180,182,株式会社,かぶしきがいしゃ,名,股份公司，股份有限公司,股份公司，股份有限公司,株式会社は株券を発行して集めた資金で事業を行う会社です。,株式会社は株券を発行して集めた資金で事業を行う会社です。,股份公司是靠发行股票筹集资金运转的公司。,股份公司是靠发行股票筹集资金运转的公司。,original_book,,使用原书例句与原书中文译文。,True
n3_2828,2828,N3,28,180,182,神,かみ,名,神仙，神,神仙，神,神社に初詣をして家族の幸せを神に祈ります。,神社に初詣をして家族の幸せを神に祈ります。,新年第一次去神社参拜，为家人祈福。,新年第一次去神社参拜，为家人祈福。,original_book,,使用原书例句与原书中文译文。,True
n3_2829,2829,N3,28,180,182,紙屑,かみくず,名,废纸，烂纸,废纸，烂纸,紙屑をポイと捨てるな。,紙屑をポイと捨てるな。,不要乱扔纸屑。,不要乱扔纸屑。,original_book,,使用原书例句与原书中文译文。,True
n3_2830,2830,N3,28,180,182,環境,かんきょう,名,环境,环境,人間は環境に左右されやすいです。,人間は環境に左右されやすいです。,人很容易受环境的影响。,人很容易受环境的影响。,original_book,,使用原书例句与原书中文译文。,True
n3_2831,2831,N3,28,180,182,歓迎,かんげい,名·他サ,欢迎,欢迎,彼の家ではずいぶん歓迎されました。,彼の家ではずいぶん歓迎されました。,在他家受到了款待。,在他家受到了款待。,original_book,,使用原书例句与原书中文译文。,True
n3_2832,2832,N3,28,180,182,看病,かんびょう,名·他サ,护理，看护,护理，看护,心をこめて病人を看病する彼女の姿に深く感動しました。,心をこめて病人を看病する彼女の姿に深く感動しました。,被她用心护理病人的举动感动了。,被她用心护理病人的举动感动了。,original_book,,使用原书例句与原书中文译文。,True
n3_2833,2833,N3,28,180,182,気味,きみ,名,感受；心情，心绪，情绪,感受；心情，心绪，情绪,このごろは地震がよく起こって気味が悪いです。,このごろは地震がよく起こって気味が悪いです。,最近经常发生地震，这让人心情压抑。,最近经常发生地震，这让人心情压抑。,original_book,,使用原书例句与原书中文译文。,True
n3_2834,2834,N3,28,180,182,下旬,げじゅん,名,下旬,下旬,今月の下旬から踊りの稽古をします。,今月の下旬から踊りの稽古をします。,这个月下旬开始练习舞蹈。,这个月下旬开始练习舞蹈。,original_book,,使用原书例句与原书中文译文。,True
n3_2835,2835,N3,28,180,182,下水,げすい,名,脏水；下水道,脏水；下水道,衛生のために下水を整えます。,衛生のために下水を整えます。,为保持卫生而修整下水道。,为保持卫生而修整下水道。,original_book,,使用原书例句与原书中文译文。,True
n3_2836,2836,N3,28,180,182,建築,けんちく,名·他サ,建筑物；修建，建造,建筑物；修建，建造,この町には洋風の建築がたくさんあります。,この町には洋風の建築がたくさんあります。,这条街上有很多西洋风格的建筑。,这条街上有很多西洋风格的建筑。,original_book,,使用原书例句与原书中文译文。,True
n3_2837,2837,N3,28,180,182,後悔,こうかい,名·自サ,后悔，懊悔，悔恨,后悔，懊悔，悔恨,重要な決断を下す前によく考えないと、後悔することになる。,重要な決断を下す前によく考えないと、後悔することになる。,如果在做重要决定之前不仔细考虑的话，就会后悔的。,如果在做重要决定之前不仔细考虑的话，就会后悔的。,original_book,,使用原书例句与原书中文译文。,True
n3_2838,2838,N3,28,180,182,効果的,こうかてき,形动,有效的，立竿见影的,有效的，立竿见影的,この新しい勉強方法はとても効果的で、成績が上がった。,この新しい勉強方法はとても効果的で、成績が上がった。,这个新的学习方法非常见效，让我的成绩提高了。,这个新的学习方法非常见效，让我的成绩提高了。,original_book,,使用原书例句与原书中文译文。,True
n3_2839,2839,N3,28,180,182,後期,こうき,名,后期，后半期,后期，后半期,大学の後期には、さらに専門的な授業が始まる。,大学の後期には、さらに専門的な授業が始まる。,在大学生活的后半段开始上一些更专业的课程。,在大学生活的后半段开始上一些更专业的课程。,original_book,,使用原书例句与原书中文译文。,True
n3_2840,2840,N3,28,180,182,好奇心,こうきしん,名,好奇心,好奇心,好奇心が旺盛な子どもは、新しいことに積極的に挑戦する。,好奇心が旺盛な子どもは、新しいことに積極的に挑戦する。,好奇心旺盛的孩子会主动挑战新事物。,好奇心旺盛的孩子会主动挑战新事物。,original_book,,使用原书例句与原书中文译文。,True
n3_2841,2841,N3,28,180,182,攻撃,こうげき,名·他サ,攻击，进攻，攻打；抨击，责难；击球,攻击，进攻，攻打；抨击，责难；击球,サッカーの試合で、相手チームの攻撃が強かった。,サッカーの試合で、相手チームの攻撃が強かった。,在足球比赛中，对方队伍发起了猛烈的进攻。,在足球比赛中，对方队伍发起了猛烈的进攻。,original_book,,使用原书例句与原书中文译文。,True
n3_2842,2842,N3,28,180,182,腰掛ける,こしかける,自一,坐下,坐下,まあ、ゆっくり腰かけて話してください。,まあ、ゆっくり腰かけて話してください。,来，坐下来慢慢说吧。,来，坐下来慢慢说吧。,original_book,,使用原书例句与原书中文译文。,True
n3_2843,2843,N3,28,181,183,国家,こっか,名,国家,国家,国家のために尽くします。,国家のために尽くします。,为国鞠躬尽瘁。,为国鞠躬尽瘁。,original_book,,使用原书例句与原书中文译文。,True
n3_2844,2844,N3,28,181,183,小屋,こや,名,小房，茅舍,小房，茅舍,山の中に小さな小屋があります。,山の中に小さな小屋があります。,山中有一个小小的棚屋。,山中有一个小小的棚屋。,original_book,,使用原书例句与原书中文译文。,True
n3_2845,2845,N3,28,181,183,コンクリート,コンクリート,名,混凝土,混凝土,このメーカーはコンクリート製品を製造します。,このメーカーはコンクリート製品を製造します。,这个厂家生产混凝土制品。,这个厂家生产混凝土制品。,original_book,,使用原书例句与原书中文译文。,True
n3_2846,2846,N3,28,181,183,今後,こんご,名,今后，以后，将来,今后，以后，将来,彼は今後どうなるか分かりません。,彼は今後どうなるか分かりません。,不知道他今后会如何。,不知道他今后会如何。,original_book,,使用原书例句与原书中文译文。,True
n3_2847,2847,N3,28,181,183,最終,さいしゅう,名,最终，最后,最终，最后,最終のバスに乗り遅れます。,最終のバスに乗り遅れます。,没能赶上最后一班车。,没能赶上最后一班车。,original_book,,使用原书例句与原书中文译文。,True
n3_2848,2848,N3,28,181,183,作者,さくしゃ,名,作者,作者,作者とは、何らかのものを作る者のことです。,作者とは、何らかのものを作る者のことです。,作者就是创作了某作品的人。,作者就是创作了某作品的人。,original_book,,使用原书例句与原书中文译文。,True
n3_2849,2849,N3,28,181,183,昨晩,さくばん,名,昨晚，昨天晚上,昨晚，昨天晚上,昨晩雨が降りました。,昨晩雨が降りました。,昨晚下雨了。,昨晚下雨了。,original_book,,使用原书例句与原书中文译文。,True
n3_2850,2850,N3,28,181,183,刺す,さす,他五,刺；穿；蜇,刺；穿；蜇,足がとげに刺された。,足がとげに刺された。,脚被刺扎了。,脚被刺扎了。,original_book,,使用原书例句与原书中文译文。,True
n3_2851,2851,N3,28,181,183,冷ます,さます,他五,冷却；弄凉,冷却；弄凉,熱ければ冷まして飲みなさい。,熱ければ冷まして飲みなさい。,如果烫的话就放凉后再喝。,如果烫的话就放凉后再喝。,original_book,,使用原书例句与原书中文译文。,True
n3_2852,2852,N3,28,181,183,四角,しかく,名·形动,四角；四方形,四角；四方形,あの人は四角な顔をしています。,あの人は四角な顔をしています。,那个人是四方脸。,那个人是四方脸。,original_book,,使用原书例句与原书中文译文。,True
n3_2853,2853,N3,28,181,183,資本,しほん,名,资本,资本,資本の不足に苦しみます。,資本の不足に苦しみます。,苦于缺少资金。,苦于缺少资金。,original_book,,使用原书例句与原书中文译文。,True
n3_2854,2854,N3,28,181,183,氏名,しめい,名,姓与名，姓名,姓与名，姓名,合格者の氏名を発表します。,合格者の氏名を発表します。,公布合格者名单。,公布合格者名单。,original_book,,使用原书例句与原书中文译文。,True
n3_2855,2855,N3,28,181,183,しめた,しめた,感,好极了，太好了，太棒了,好极了，太好了，太棒了,やあ、こりゃしめたぞ。,やあ、こりゃしめたぞ。,呀！真是太棒了！,呀！真是太棒了！,original_book,,使用原书例句与原书中文译文。,True
n3_2856,2856,N3,28,181,183,占める,しめる,他一,占据,占据,国際経済の中で重要な役割を占めます。,国際経済の中で重要な役割を占めます。,在国际经济中发挥重要作用。,在国际经济中发挥重要作用。,original_book,,使用原书例句与原书中文译文。,True
n3_2857,2857,N3,28,181,183,締める,しめる,他一,系结；勒紧,系结；勒紧,帯を締めるのが苦手です。,帯を締めるのが苦手です。,不擅长系腰带。,不擅长系腰带。,original_book,,使用原书例句与原书中文译文。,True
n3_2858,2858,N3,28,181,183,住宅,じゅうたく,名,住宅,住宅,庭付きの住宅に住んでいます。,庭付きの住宅に住んでいます。,住在带院子的住宅里。,住在带院子的住宅里。,original_book,,使用原书例句与原书中文译文。,True
n3_2859,2859,N3,28,181,183,受験,じゅけん,名·他サ,投考，报考，应试,投考，报考，应试,受験の準備をします。,受験の準備をします。,准备参加考试。,准备参加考试。,original_book,,使用原书例句与原书中文译文。,True
n3_2860,2860,N3,28,181,183,瞬間,しゅんかん,名,瞬间，刹那,瞬间，刹那,それはほんの瞬間のでき事でした。,それはほんの瞬間のでき事でした。,真是一瞬间的事情。,真是一瞬间的事情。,original_book,,使用原书例句与原书中文译文。,True
n3_2861,2861,N3,28,181,183,商業,しょうぎょう,名,商业,商业,この都市は国の商 業の中心です。,この都市は国の商業の中心です。,这座城市是国家的商业中心。,这座城市是国家的商业中心。,original_book,,使用原书例句与原书中文译文。,True
n3_2862,2862,N3,28,181,183,商売,しょうばい,名·自他サ,买卖；经营,买卖；经营,ご商売はいかがですか。,ご商売はいかがですか。,经营状况如何？,经营状况如何？,original_book,,使用原书例句与原书中文译文。,True
n3_2863,2863,N3,28,181,183,情報,じょうほう,名,情报，消息；信息,情报，消息；信息,彼は十分な情報を握っています。,彼は十分な情報を握っています。,他掌握着充足的信息。,他掌握着充足的信息。,original_book,,使用原书例句与原书中文译文。,True
n3_2864,2864,N3,28,182,184,酢,す,名,醋,醋,ドレッシングに酢を加える。,ドレッシングに酢を加える。,往调味汁里加醋。,往调味汁里加醋。,original_book,,使用原书例句与原书中文译文。,True
n3_2865,2865,N3,28,182,184,炊飯器,すいはんき,名,电饭煲,电饭煲,新しい炊飯器を買ってから、ご飯がふっくらと美味しく炊けるようになった。,新しい炊飯器を買ってから、ご飯がふっくらと美味しく炊けるようになった。,自从买了新的电饭煲，就能够煮出米粒饱满的可口米饭了。,自从买了新的电饭煲，就能够煮出米粒饱满的可口米饭了。,original_book,,使用原书例句与原书中文译文。,True
n3_2866,2866,N3,28,182,184,随筆,ずいひつ,名,随笔，漫笔,随笔，漫笔,バラのことを書いた随筆を紹介させていただきます。,バラのことを書いた随筆を紹介させていただきます。,我给大家介绍一篇写玫瑰的随笔。,我给大家介绍一篇写玫瑰的随笔。,original_book,,使用原书例句与原书中文译文。,True
n3_2867,2867,N3,28,182,184,スカイツリー,スカイツリー,名,东京天空树,东京天空树,東京旅行の際に、スカイツリーの展望台からの景色を楽しんだ。,東京旅行の際に、スカイツリーの展望台からの景色を楽しんだ。,在东京旅行期间，从天空树的展望台上欣赏了景色。,在东京旅行期间，从天空树的展望台上欣赏了景色。,original_book,,使用原书例句与原书中文译文。,True
n3_2868,2868,N3,28,182,184,ずきずき,ずきずき,副·自サ,跳痛，跳疼，一跳一跳地疼,跳痛，跳疼，一跳一跳地疼,頭痛がひどくて、頭がずきずきする。,頭痛がひどくて、頭がずきずきする。,头痛得厉害，一直一跳一跳地。,头痛得厉害，一直一跳一跳地。,original_book,,使用原书例句与原书中文译文。,True
n3_2869,2869,N3,28,182,184,スケート,スケート,名,溜冰,溜冰,私たちは 湖 にスケートをしに行った。,私たちは湖にスケートをしに行った。,我们去湖面溜冰。,我们去湖面溜冰。,original_book,,使用原书例句与原书中文译文。,True
n3_2870,2870,N3,28,182,184,ステーション,ステーション,名,火车站；所，局,火车站；所，局,新大阪ステーションホテルに泊まった。,新大阪ステーションホテルに泊まった。,住在新大阪火车站酒店。,住在新大阪火车站酒店。,original_book,,使用原书例句与原书中文译文。,True
n3_2871,2871,N3,28,182,184,スピード,スピード,名,速度,速度,スピードを上げる。,スピードを上げる。,加速。,加速。,original_book,,使用原书例句与原书中文译文。,True
n3_2872,2872,N3,28,182,184,図表,ずひょう,名,图表,图表,いかに図表を作るか、ぜひ教えてください。,いかに図表を作るか、ぜひ教えてください。,请一定要教我如何做表格。,请一定要教我如何做表格。,original_book,,使用原书例句与原书中文译文。,True
n3_2873,2873,N3,28,182,184,せっせと,せっせと,副,拼命地，不停地，孜孜不倦地,拼命地，不停地，孜孜不倦地,せっせと針を運ぶ。,せっせと針を運ぶ。,不停地缝。,不停地缝。,original_book,,使用原书例句与原书中文译文。,True
n3_2874,2874,N3,28,182,184,接続,せつぞく,名·自他サ,结合，连接；衔接,结合，连接；衔接,この列車は京都で特急に接続する。,この列車は京都で特急に接続する。,这辆列车在京都与特快列车衔接。,这辆列车在京都与特快列车衔接。,original_book,,使用原书例句与原书中文译文。,True
n3_2875,2875,N3,28,182,184,セット,セット,名·他サ,一套；调节；布置，安排,一套；调节；布置，安排,目覚しを7時にセットした。,目覚しを7時にセットした。,将闹钟定在七点了。,将闹钟定在七点了。,original_book,,使用原书例句与原书中文译文。,True
n3_2876,2876,N3,28,182,184,節約,せつやく,名·他サ,节约，节省,节约，节省,それは費用の節約になる。,それは費用の節約になる。,那能节省费用。,那能节省费用。,original_book,,使用原书例句与原书中文译文。,True
n3_2877,2877,N3,28,182,184,そう言えば,そういえば,词,（连）那么说来,（连）那么说来,そう言えば、彼がこそこそと逃げるのを見た覚えがあります。习题：「山田さんは、まだ来ていないんですか。」1.そういえば 2.それとも3.なぜなら 4.だって解析：答案是1。选项1「そういえば」意为“这么来说”。,そう言えば、彼がこそこそと逃げるのを見た覚えがあります。,如此说来，我有印象看到他偷偷逃跑了。「、昨日も休みでしたね。」选项２「それとも」意为“或者”。选项３「なぜなら」意为“是因为”。选项４「だって」前接上文后陈述理由，意为“因为”。,这么说来，我记得看见过他偷偷溜走。,data_cleaned,提取及措辞优化,移除误并入的习题文本，并将原译改为自然中文。,True
n3_2878,2878,N3,28,182,184,騒音,そうおん,名,噪声,噪声,騒音公害はこの地方の大きな問題となっている。,騒音公害はこの地方の大きな問題となっている。,噪声公害成为这个地方的大问题。,噪声公害成为这个地方的大问题。,original_book,,使用原书例句与原书中文译文。,True
n3_2879,2879,N3,28,183,185,雑巾,ぞうきん,名,抹布,抹布,雑巾で本棚の汚れを拭き取る。,雑巾で本棚の汚れを拭き取る。,用抹布擦拭书架的灰尘。,用抹布擦拭书架的灰尘。,original_book,,使用原书例句与原书中文译文。,True
n3_2880,2880,N3,28,183,185,其の他,そのほか,词,（连）除此之外，其他,（连）除此之外，其他,そのほか、何か用事がありますか。,そのほか、何か用事がありますか。,除此之外还有什么事情吗？,除此之外还有什么事情吗？,original_book,,使用原书例句与原书中文译文。,True
n3_2881,2881,N3,28,183,185,抱く,だく,他五,抱,抱,母親が赤ちゃんを抱いています。,母親が赤ちゃんを抱いています。,母亲抱着婴儿。,母亲抱着婴儿。,original_book,,使用原书例句与原书中文译文。,True
n3_2882,2882,N3,28,183,185,蓄える,たくわえる,他一,储备，存储；留胡须、头发,储备，存储；留胡须、头发,万一にそなえ食 糧を蓄える。,万一にそなえ食糧を蓄える。,为了应对突发情况储备粮食。,为了应对突发情况储备粮食。,original_book,,使用原书例句与原书中文译文。,True
n3_2883,2883,N3,28,183,185,度度,たびたび,副,多次，再三,多次，再三,あの人は体が弱いので度々学校を休みます。,あの人は体が弱いので度々学校を休みます。,那个人身体虚弱，时常请假不来上课。,那个人身体虚弱，时常请假不来上课。,original_book,,使用原书例句与原书中文译文。,True
n3_2884,2884,N3,28,183,185,地,ち,名,地，大地；地方,地，大地；地方,中国とロシアは地を接している。,中国とロシアは地を接している。,中国和俄罗斯接壤。,中国和俄罗斯接壤。,original_book,,使用原书例句与原书中文译文。,True
n3_2885,2885,N3,28,183,185,中年,ちゅうねん,名,中年,中年,この職 業は中年からではだめだ。,この職業は中年からではだめだ。,这份职业不适合中年以上的人。,这份职业不适合中年以上的人。,original_book,,使用原书例句与原书中文译文。,True
n3_2886,2886,N3,28,183,185,中略,ちゅうりゃく,名·他サ,中略，中间省略一部分,中略，中间省略一部分,以下何節中 略する。,以下何節中略する。,以下几节省略。,以下几节省略。,original_book,,使用原书例句与原书中文译文。,True
n3_2887,2887,N3,28,183,185,兆,ちょう,名,苗头，预兆；兆,苗头，预兆；兆,これはデフレの兆ではありませんか。,これはデフレの兆ではありませんか。,这不是通货紧缩的征兆吗？,这不是通货紧缩的征兆吗？,original_book,,使用原书例句与原书中文译文。,True
n3_2888,2888,N3,28,183,185,朝刊,ちょうかん,名,朝刊，晨报,朝刊，晨报,今朝の朝刊には重要なニュースが載せている。,今朝の朝刊には重要なニュースが載せている。,今天早上的报纸刊登了重要的新闻。,今天早上的报纸刊登了重要的新闻。,original_book,,使用原书例句与原书中文译文。,True
n3_2889,2889,N3,28,183,185,長期,ちょうき,名,长期,长期,長期戦のかまえをする。,長期戦のかまえをする。,做好长期作战的准备。,做好长期作战的准备。,original_book,,使用原书例句与原书中文译文。,True
n3_2890,2890,N3,28,183,185,詰める,つめる,自他一,装放，塞入；挨紧，挤紧；缩短；节约，节俭,装放，塞入；挨紧，挤紧；缩短；节约，节俭,この掛けぶとんには羽毛が詰めてある。,この掛けぶとんには羽毛が詰めてある。,这床被子里填充着羽绒。,这床被子里填充着羽绒。,original_book,,使用原书例句与原书中文译文。,True
n3_2891,2891,N3,28,183,185,辛い,つらい,形,难过，难受，难堪,难过，难受，难堪,どんなに辛くても我慢する。,どんなに辛くても我慢する。,不管多辛苦也要忍耐。,不管多辛苦也要忍耐。,original_book,,使用原书例句与原书中文译文。,True
n3_2892,2892,N3,28,183,185,適切,てきせつ,名·形动,恰当，妥当，确切,恰当，妥当，确切,自分の気持ちを適切な言葉で表現する。,自分の気持ちを適切な言葉で表現する。,用恰当的语言表达自己的心情。,用恰当的语言表达自己的心情。,original_book,,使用原书例句与原书中文译文。,True
n3_2893,2893,N3,28,183,185,デザート,デザート,名,餐后点心，甜食,餐后点心，甜食,デザートは何になさいますか。,デザートは何になさいますか。,您吃什么甜点呢？,您吃什么甜点呢？,original_book,,使用原书例句与原书中文译文。,True
n3_2894,2894,N3,28,183,185,デザイナー,デザイナー,名,设计师,设计师,一流デザイナーの作品発表会に出席した。,一流デザイナーの作品発表会に出席した。,出席了一流设计师的作品发布会。,出席了一流设计师的作品发布会。,original_book,,使用原书例句与原书中文译文。,True
n3_2895,2895,N3,28,183,185,デジタル,デジタル,名,数字的,数字的,デジタルの時計が壁にかけてある。,デジタルの時計が壁にかけてある。,墙上挂着电子表。,墙上挂着电子表。,original_book,,使用原书例句与原书中文译文。,True
n3_2896,2896,N3,28,184,186,独立,どくりつ,名·自サ,独立,独立,彼はもう独立して生活している。,彼はもう独立して生活している。,他已经独立生活了。,他已经独立生活了。,original_book,,使用原书例句与原书中文译文。,True
n3_2897,2897,N3,28,184,186,解ける,とける,自一,解开；解除；消除,解开；解除；消除,小包のひもがとけそうだ。,小包のひもがとけそうだ。,系包裹的绳子眼看要松开了。,系包裹的绳子眼看要松开了。,original_book,,使用原书例句与原书中文译文。,True
n3_2898,2898,N3,28,184,186,床の間,とこのま,名,壁龛,壁龛,床の間に額縁をかざる。,床の間に額縁をかざる。,在壁龛里装饰画框。,在壁龛里装饰画框。,original_book,,使用原书例句与原书中文译文。,True
n3_2899,2899,N3,28,184,186,なんとなく,なんとなく,副,总觉得，不由得；无意中,总觉得，不由得；无意中,何となく行く気になれない。,何となく行く気になれない。,总觉得不想去。,总觉得不想去。,original_book,,使用原书例句与原书中文译文。,True
n3_2900,2900,N3,28,184,186,ナンバー,ナンバー,名,数字，编号,数字，编号,瓶にナンバーをつける。,瓶にナンバーをつける。,给瓶子编号。,给瓶子编号。,original_book,,使用原书例句与原书中文译文。,True
n3_2901,2901,N3,28,184,186,ナンバーワン,ナンバーワン,名,第一号，第一，第一名,第一号，第一，第一名,ナンバーワンの人気歌手になるのを目指している。,ナンバーワンの人気歌手になるのを目指している。,目标是成为最受欢迎的歌手。,目标是成为最受欢迎的歌手。,original_book,,使用原书例句与原书中文译文。,True
n3_2902,2902,N3,28,184,186,逃す,にがす,他五,放，放掉，放跑；没有抓住，跑掉；错过，丢掉（机会）,放，放掉，放跑；没有抓住，跑掉；错过，丢掉（机会）,飼っていた鳥を偶然逃がしてしまった。,飼っていた鳥を偶然逃がしてしまった。,不小心放走了一直在养的鸟。,不小心放走了一直在养的鸟。,original_book,,使用原书例句与原书中文译文。,True
n3_2903,2903,N3,28,184,186,にきび,にきび,名,粉刺,粉刺,ストレスでにきびが増えた。,ストレスでにきびが増えた。,压力导致粉刺增多。,压力导致粉刺增多。,original_book,,使用原书例句与原书中文译文。,True
n3_2904,2904,N3,28,184,186,偽札,にせさつ,名,假币,假币,ニュースで偽札が出回っていると報じられた。,ニュースで偽札が出回っていると報じられた。,新闻报道称市面上有假币流通。,新闻报道称市面上有假币流通。,original_book,,使用原书例句与原书中文译文。,True
n3_2905,2905,N3,28,184,186,日時,にちじ,名,日期和时间,日期和时间,次の会議の日時はまだ決まっていない。,次の会議の日時はまだ決まっていない。,下次会议的日期和时间还没定。,下次会议的日期和时间还没定。,original_book,,使用原书例句与原书中文译文。,True
n3_2906,2906,N3,28,184,186,蜂蜜,はちみつ,名,蜂蜜,蜂蜜,この蜂蜜は、地元の農家から直接買ったものです。,この蜂蜜は、地元の農家から直接買ったものです。,这蜂蜜是直接从当地农户那里买的。,这蜂蜜是直接从当地农户那里买的。,original_book,,使用原书例句与原书中文译文。,True
n3_2907,2907,N3,28,184,186,パチンコ,パチンコ,名,弹珠盘，弹子机,弹珠盘，弹子机,パチンコで遊びすぎると、お金を使いすぎることがあります。,パチンコで遊びすぎると、お金を使いすぎることがあります。,如果过度玩弹子机，有时会花掉太多钱。,如果过度玩弹子机，有时会花掉太多钱。,original_book,,使用原书例句与原书中文译文。,True
n3_2908,2908,N3,28,184,186,ピンク,ピンク,名,粉红色,粉红色,ピンク色のセーターを着ている。,ピンク色のセーターを着ている。,身着粉色毛衣。,身着粉色毛衣。,original_book,,使用原书例句与原书中文译文。,True
n3_2909,2909,N3,28,184,186,ピンポン,ピンポン,名,乒乓球,乒乓球,温泉に行った時、みんなでピンポンをして遊んだ。,温泉に行った時、みんなでピンポンをして遊んだ。,去泡温泉时，大家一起打乒乓球了。,去泡温泉时，大家一起打乒乓球了。,original_book,,使用原书例句与原书中文译文。,True
n3_2910,2910,N3,28,184,186,物質,ぶっしつ,名,物质,物质,それは何か半透明な物質で出来ていた。,それは何か半透明な物質で出来ていた。,那是用某种半透明的物质制作的。,那是用某种半透明的物质制作的。,original_book,,使用原书例句与原书中文译文。,True
n3_2911,2911,N3,28,184,186,物理,ぶつり,名,物理,物理,それは物理的に不可能だ。,それは物理的に不可能だ。,站在物理学的角度，那是不可能的。,站在物理学的角度，那是不可能的。,original_book,,使用原书例句与原书中文译文。,True
n3_2912,2912,N3,28,184,186,ボランティア,ボランティア,名,志愿者,志愿者,難民救済のボランティアを求めている。,難民救済のボランティアを求めている。,寻求救助难民的志愿者。,寻求救助难民的志愿者。,original_book,,使用原书例句与原书中文译文。,True
n3_2913,2913,N3,28,184,186,堀·濠,ほり,名,护城河；沟，渠,护城河；沟，渠,幅1メートル、深さ1メートルくらいの濠を掘る作業はキツイです。,幅1メートル、深さ1メートルくらいの濠を掘る作業はキツイです。,挖宽1米、深1米的沟渠很辛苦。,挖宽1米、深1米的沟渠很辛苦。,original_book,,使用原书例句与原书中文译文。,True
n3_2914,2914,N3,28,185,187,彫る,ほる,他五,雕刻,雕刻,木の幹に自分の頭文字を彫るのはよくない。,木の幹に自分の頭文字を彫るのはよくない。,在树干上刻自己名字的首字母是不好的行为。,在树干上刻自己名字的首字母是不好的行为。,original_book,,使用原书例句与原书中文译文。,True
n3_2915,2915,N3,28,185,187,睫毛,まつげ,名,睫毛,睫毛,彼女のまつげは長くて美しい。,彼女のまつげは長くて美しい。,她的睫毛又长又美。,她的睫毛又长又美。,original_book,,使用原书例句与原书中文译文。,True
n3_2916,2916,N3,28,185,187,窓側,まどがわ,名,窗边，窗侧,窗边，窗侧,飛行機では窓側の席が好きだ。,飛行機では窓側の席が好きだ。,在飞机上，我喜欢靠窗的座位。,在飞机上，我喜欢靠窗的座位。,original_book,,使用原书例句与原书中文译文。,True
n3_2917,2917,N3,28,185,187,窓口,まどぐち,名,窗口,窗口,銀行の窓口で口座開設の手続きをした。,銀行の窓口で口座開設の手続きをした。,在银行柜台办理了账户开户手续。,在银行柜台办理了账户开户手续。,original_book,,使用原书例句与原书中文译文。,True
n3_2918,2918,N3,28,185,187,マンション,マンション,名,高级公寓,高级公寓,彼女は高級マンションを買ったそうですが、本当ですか。,彼女は高級マンションを買ったそうですが、本当ですか。,听说她买了高级公寓，真的吗？,听说她买了高级公寓，真的吗？,original_book,,使用原书例句与原书中文译文。,True
n3_2919,2919,N3,28,185,187,満点,まんてん,名,满分；完美无缺,满分；完美无缺,100点満点で40点しか取れなかった。,100点満点で40点しか取れなかった。,满分100分，只得了40分。,满分100分，只得了40分。,original_book,,使用原书例句与原书中文译文。,True
n3_2920,2920,N3,28,185,187,未満,みまん,名,未满，不足,未满，不足,18歳未満の方はお断りします。,18歳未満の方はお断りします。,未满18岁者谢绝入内。,未满18岁者谢绝入内。,original_book,,使用原书例句与原书中文译文。,True
n3_2921,2921,N3,28,185,187,ライト,ライト,名·形动,光，明亮的；轻快的,光，明亮的；轻快的,突然ライトで顔を照らされた。,突然ライトで顔を照らされた。,突然被灯光照到脸。,突然被灯光照到脸。,original_book,,使用原书例句与原书中文译文。,True
n3_2922,2922,N3,28,185,187,レジャー,レジャー,名,空闲，闲暇,空闲，闲暇,仕事から解放された自由なレジャー時間を利用して娯楽や行楽に行こう。,仕事から解放された自由なレジャー時間を利用して娯楽や行楽に行こう。,利用工作之外的自由空闲时间消遣娱乐。,利用工作之外的自由空闲时间消遣娱乐。,original_book,,使用原书例句与原书中文译文。,True
n3_2923,2923,N3,28,185,187,割引,わりびき,名·他サ,折扣，减价,折扣，减价,お持ち帰りのお客 様には10パーセントの割引を致します。,お持ち帰りのお客様には10パーセントの割引を致します。,外带顾客可享10%的折扣优惠。,外带顾客可享10%的折扣优惠。,original_book,,使用原书例句与原书中文译文。,True
n3_2924,2924,N3,29,186,188,愛情,あいじょう,名,爱；爱情,爱；爱情,姉と 妹 は互いに深い愛情を抱いています。,姉と妹は互いに深い愛情を抱いています。,姐妹情深。,姐妹情深。,original_book,,使用原书例句与原书中文译文。,True
n3_2925,2925,N3,29,186,188,曖昧,あいまい,名·形动,含糊，不明确,含糊，不明确,彼はいつも曖昧な返事をします。,彼はいつも曖昧な返事をします。,他总是回复得模棱两可。,他总是回复得模棱两可。,original_book,,使用原书例句与原书中文译文。,True
n3_2926,2926,N3,29,186,188,味見,あじみ,名·他サ,尝口味，尝咸淡,尝口味，尝咸淡,ちょっと煮物の味見をしてみましょう。,ちょっと煮物の味見をしてみましょう。,尝尝炖菜的味道。,尝尝炖菜的味道。,original_book,,使用原书例句与原书中文译文。,True
n3_2927,2927,N3,29,186,188,言い換える,いいかえる,他一,换句话说，换言之,换句话说，换言之,意味が通じないので日本語を英語に言い換えます。,意味が通じないので日本語を英語に言い換えます。,因为意思不通而将日语转换成英语。,因为意思不通而将日语转换成英语。,original_book,,使用原书例句与原书中文译文。,True
n3_2928,2928,N3,29,186,188,言い出す,いいだす,他五,开始说；说出口,开始说；说出口,彼はちょっと考えてまた言い出しました。,彼はちょっと考えてまた言い出しました。,他略加思考之后又开始说了。,他略加思考之后又开始说了。,original_book,,使用原书例句与原书中文译文。,True
n3_2929,2929,N3,29,186,188,引退,いんたい,名·自サ,退职；引退,退职；引退,彼は28歳でプロテニスを引退すると公表した。,彼は28歳でプロテニスを引退すると公表した。,他28岁时宣布从职业网坛引退了。,他28岁时宣布从职业网坛引退了。,original_book,,使用原书例句与原书中文译文。,True
n3_2930,2930,N3,29,186,188,海の日,うみのひ,名,海洋日,海洋日,海の日には家族でビーチに行った。,海の日には家族でビーチに行った。,海洋日那天，全家一起去了海滩。,海洋日那天，全家一起去了海滩。,original_book,,使用原书例句与原书中文译文。,True
n3_2931,2931,N3,29,186,188,産む,うむ,他五,生，产,生，产,彼女は3人の女の子を産みました。,彼女は3人の女の子を産みました。,她生了三个女儿。,她生了三个女儿。,original_book,,使用原书例句与原书中文译文。,True
n3_2932,2932,N3,29,186,188,裏返し,うらがえし,名,翻里作面，里外相反,翻里作面，里外相反,シャツを裏返しに着てしまった。,シャツを裏返しに着てしまった。,衬衫穿反了。,衬衫穿反了。,original_book,,使用原书例句与原书中文译文。,True
n3_2933,2933,N3,29,186,188,裏返す,うらがえす,名,翻里作面，翻过来,翻里作面，翻过来,料理の際に、魚を裏返して焼いた。,料理の際に、魚を裏返して焼いた。,做菜的时候，把鱼翻着面煎。,做菜的时候，把鱼翻着面煎。,original_book,,使用原书例句与原书中文译文。,True
n3_2934,2934,N3,29,186,188,売り切れ,うりきれ,名,全部售完，售罄，脱销,全部售完，售罄，脱销,コンサートチケットは予想通り、数分で売り切れになった。,コンサートチケットは予想通り、数分で売り切れになった。,不出所料，音乐会门票在几分钟之内就被抢光了。,不出所料，音乐会门票在几分钟之内就被抢光了。,original_book,,使用原书例句与原书中文译文。,True
n3_2935,2935,N3,29,186,188,売り切れる,うりきれる,自一,全部售完,全部售完,新発売の自動車があっというまに売り切れました。,新発売の自動車があっというまに売り切れました。,新发售的汽车瞬间被抢购一空。,新发售的汽车瞬间被抢购一空。,original_book,,使用原书例句与原书中文译文。,True
n3_2936,2936,N3,29,186,188,屋外,おくがい,名,室外，屋外,室外，屋外,屋外で授業をします。,屋外で授業をします。,在户外上课。,在户外上课。,original_book,,使用原书例句与原书中文译文。,True
n3_2937,2937,N3,29,186,188,教え,おしえ,名,教诲，教导；教义,教诲，教导；教义,父母の教えに従います。,父母の教えに従います。,听从父母的教诲。,听从父母的教诲。,original_book,,使用原书例句与原书中文译文。,True
n3_2938,2938,N3,29,186,188,学習,がくしゅう,名·他サ,学习,学习,日本へ行って新技術を学習する中国人が増えています。,日本へ行って新技術を学習する中国人が増えています。,去日本学习新技术的中国人增多了。,去日本学习新技术的中国人增多了。,original_book,,使用原书例句与原书中文译文。,True
n3_2939,2939,N3,29,186,188,型,かた,名,型号，款式,型号，款式,新しい型のパソコンがほしいです。,新しい型のパソコンがほしいです。,我想要一台新款电脑。,我想要一台新款电脑。,original_book,,使用原书例句与原书中文译文。,True
n3_2940,2940,N3,29,187,189,可哀相,かわいそう,形动,可怜,可怜,子供の可哀相な話を聞いて泣いてしまいました。,子供の可哀相な話を聞いて泣いてしまいました。,听到孩子的可怜遭遇，不由得流下了眼泪。,听到孩子的可怜遭遇，不由得流下了眼泪。,original_book,,使用原书例句与原书中文译文。,True
n3_2941,2941,N3,29,187,189,感情,かんじょう,名,感情，情绪,感情，情绪,日本人はあまり感情を顔に出しません。,日本人はあまり感情を顔に出しません。,日本人很少将情绪表露在脸上。,日本人很少将情绪表露在脸上。,original_book,,使用原书例句与原书中文译文。,True
n3_2942,2942,N3,29,187,189,関心,かんしん,名,关心；关怀,关心；关怀,政治に関心がある若者が少なくなりました。,政治に関心がある若者が少なくなりました。,关心政治的年轻人越来越少了。,关心政治的年轻人越来越少了。,original_book,,使用原书例句与原书中文译文。,True
n3_2943,2943,N3,29,187,189,完成,かんせい,名·他自サ,完成；落成；完工,完成；落成；完工,日曜日までに論文を完成させるつもりです。,日曜日までに論文を完成させるつもりです。,打算周日前完成论文。,打算周日前完成论文。,original_book,,使用原书例句与原书中文译文。,True
n3_2944,2944,N3,29,187,189,漢和,かんわ,名,汉日；汉日辞典,汉日；汉日辞典,どの出版社の漢和辞典が一番いいと思いますか。,どの出版社の漢和辞典が一番いいと思いますか。,你觉得哪个出版社的汉日辞典最好？,你觉得哪个出版社的汉日辞典最好？,original_book,,使用原书例句与原书中文译文。,True
n3_2945,2945,N3,29,187,189,疑問,ぎもん,名,疑问,疑问,彼が行くかどうかは疑問です。,彼が行くかどうかは疑問です。,他去不去还是个问题。,他去不去还是个问题。,original_book,,使用原书例句与原书中文译文。,True
n3_2946,2946,N3,29,187,189,共同,きょうどう,名·自サ,共同,共同,姉と1冊の辞書を共同で使います。,姉と1冊の辞書を共同で使います。,和姐姐共用一本辞典。,和姐姐共用一本辞典。,original_book,,使用原书例句与原书中文译文。,True
n3_2947,2947,N3,29,187,189,化粧,けしょう,名·自サ,化妆，梳妆，打扮,化妆，梳妆，打扮,日本の女性はみんなきれいに化粧をしています。,日本の女性はみんなきれいに化粧をしています。,日本女性都化着很美的妆。,日本女性都化着很美的妆。,original_book,,使用原书例句与原书中文译文。,True
n3_2948,2948,N3,29,187,189,煙,けむり,名,烟,烟,汽車が煙を吐いて出て行きました。,汽車が煙を吐いて出て行きました。,火车冒着烟开走了。,火车冒着烟开走了。,original_book,,使用原书例句与原书中文译文。,True
n3_2949,2949,N3,29,187,189,口座,こうざ,名,户头，账户,户头，账户,新しい銀行口座を開設して、貯金を始めた。,新しい銀行口座を開設して、貯金を始めた。,开了一个新的银行账户，开始存钱了。,开了一个新的银行账户，开始存钱了。,original_book,,使用原书例句与原书中文译文。,True
n3_2950,2950,N3,29,187,189,交際費,こうさいひ,名,应酬费，交际费,应酬费，交际费,ビジネスでは、交際費を適切に管理することが重要だ。,ビジネスでは、交際費を適切に管理することが重要だ。,在商业活动中，妥善管理交际费很重要。,在商业活动中，妥善管理交际费很重要。,original_book,,使用原书例句与原书中文译文。,True
n3_2951,2951,N3,29,187,189,こうして,こうして,副·接续,就这样,就这样,こうして、おじいさんは大金持ちになりました。,こうして、おじいさんは大金持ちになりました。,就这样，老爷爷成了大财主。,就这样，老爷爷成了大财主。,original_book,,使用原书例句与原书中文译文。,True
n3_2952,2952,N3,29,187,189,高速,こうそく,名,高速,高速,このパソコンはデータ処理が高速です。,このパソコンはデータ処理が高速です。,这台电脑处理数据处理得非常快。,这台电脑处理数据处理得非常快。,original_book,,使用原书例句与原书中文译文。,True
n3_2953,2953,N3,29,187,189,高速道路,こうそくどうろ,名,高速公路,高速公路,旅行には高速道路を使って、目的地まで早く到達した。,旅行には高速道路を使って、目的地まで早く到達した。,旅行时走的是高速公路，早早地就到达了目的地。,旅行时走的是高速公路，早早地就到达了目的地。,original_book,,使用原书例句与原书中文译文。,True
n3_2954,2954,N3,29,187,189,公平,こうへい,名·形动,公平，公道,公平，公道,試験の採点は公平に行われるべきだ。,試験の採点は公平に行われるべきだ。,考试评分应该公平地进行。,考试评分应该公平地进行。,original_book,,使用原书例句与原书中文译文。,True
n3_2955,2955,N3,29,187,189,焦げる,こげる,自一,烤焦，烧煳,烤焦，烧煳,アイロンで服が焦げました。,アイロンで服が焦げました。,衣服被熨斗烫焦了。,衣服被熨斗烫焦了。,original_book,,使用原书例句与原书中文译文。,True
n3_2956,2956,N3,29,187,189,さすが,さすが,副,真不愧是,真不愧是,さすがは君だ、よくやりました。,さすがは君だ、よくやりました。,不愧是你，做得非常棒。,不愧是你，做得非常棒。,original_book,,使用原书例句与原书中文译文。,True
n3_2957,2957,N3,29,187,189,作家,さっか,名,作家,作家,新人賞をとって作家になります。,新人賞をとって作家になります。,获得新人奖，成为作家。,获得新人奖，成为作家。,original_book,,使用原书例句与原书中文译文。,True
n3_2958,2958,N3,29,187,189,差別,さべつ,名·他サ,差别；区分,差别；区分,人によって差別します。,人によって差別します。,区别对待不同的人。,区别对待不同的人。,original_book,,使用原书例句与原书中文译文。,True
n3_2959,2959,N3,29,188,190,収穫,しゅうかく,名·他サ,收获；成果,收获；成果,1年に2度の収穫があります。,1年に2度の収穫があります。,一年收获两次。,一年收获两次。,original_book,,使用原书例句与原书中文译文。,True
n3_2960,2960,N3,29,188,190,ショップ,ショップ,名,店铺，商店,店铺，商店,本日はショップも会社もみな休みです。,本日はショップも会社もみな休みです。,今天商店和公司都休息。,今天商店和公司都休息。,original_book,,使用原书例句与原书中文译文。,True
n3_2961,2961,N3,29,188,190,書店,しょてん,名,书店，书铺,书店，书铺,書店に本を注文します。,書店に本を注文します。,向书店订购书籍。,向书店订购书籍。,original_book,,使用原书例句与原书中文译文。,True
n3_2962,2962,N3,29,188,190,処理,しょり,名·他サ,处理；办理,处理；办理,事務を手早く処理します。,事務を手早く処理します。,快速处理事务。,快速处理事务。,original_book,,使用原书例句与原书中文译文。,True
n3_2963,2963,N3,29,188,190,シンガポール,シンガポール,名,新加坡,新加坡,あの人はシンガポール人です。,あの人はシンガポール人です。,那个人是新加坡人。,那个人是新加坡人。,original_book,,使用原书例句与原书中文译文。,True
n3_2964,2964,N3,29,188,190,神経,しんけい,名,神经，感觉，精神作用,神经，感觉，精神作用,神経のせいで病気になる。,神経のせいで病気になる。,因神经过敏而得病。,因神经过敏而得病。,original_book,,使用原书例句与原书中文译文。,True
n3_2965,2965,N3,29,188,190,真剣,しんけん,名·形动,真刀，真剑；严肃认真，一本正经,真刀，真剑；严肃认真，一本正经,わたしは真剣なのです。,わたしは真剣なのです。,我很认真。,我很认真。,original_book,,使用原书例句与原书中文译文。,True
n3_2966,2966,N3,29,188,190,人事,じんじ,名,人事；人事工作,人事；人事工作,人事を尽くして天命を待ちます。,人事を尽くして天命を待ちます。,尽人事以听天命。,尽人事以听天命。,original_book,,使用原书例句与原书中文译文。,True
n3_2967,2967,N3,29,188,190,親戚,しんせき,名,亲属，亲戚,亲属，亲戚,彼はわたしの遠い親戚にあたります。,彼はわたしの遠い親戚にあたります。,他是我的远房亲戚。,他是我的远房亲戚。,original_book,,使用原书例句与原书中文译文。,True
n3_2968,2968,N3,29,188,190,シンボル,シンボル,名,象征；符号,象征；符号,鳩は平和のシンボルである。,鳩は平和のシンボルである。,鸽子是和平的象征。,鸽子是和平的象征。,original_book,,使用原书例句与原书中文译文。,True
n3_2969,2969,N3,29,188,190,スタッフ,スタッフ,名,（工作）人员，成员,（工作）人员，成员,イベントの成功は、スタッフの協 力あってのことだ。,イベントの成功は、スタッフの協力あってのことだ。,活动的成功归功于工作人员的协作。,活动的成功归功于工作人员的协作。,original_book,,使用原书例句与原书中文译文。,True
n3_2970,2970,N3,29,188,190,ストーリー,ストーリー,名,故事，小说；情节，结构,故事，小说；情节，结构,その小説のストーリーがとても面白かった。,その小説のストーリーがとても面白かった。,那本小说的故事情节非常有趣。,那本小说的故事情节非常有趣。,original_book,,使用原书例句与原书中文译文。,True
n3_2971,2971,N3,29,188,190,ストライプ,ストライプ,名,条纹,条纹,新しいシャツは青と白のストライプが入っていて、とてもおしゃれだ。,新しいシャツは青と白のストライプが入っていて、とてもおしゃれだ。,新衬衫上有蓝白色条纹，很时尚。,新衬衫上有蓝白色条纹，很时尚。,original_book,,使用原书例句与原书中文译文。,True
n3_2972,2972,N3,29,188,190,素早い,すばやい,形,快速,快速,サッカーチームのキャプテンは動きが素早く、相手を翻弄していた。,サッカーチームのキャプテンは動きが素早く、相手を翻弄していた。,足球队队长身手敏捷，牵制着对手。,足球队队长身手敏捷，牵制着对手。,original_book,,使用原书例句与原书中文译文。,True
n3_2973,2973,N3,29,188,190,スペース,スペース,名,空间，空地；空白；行间宽度,空间，空地；空白；行间宽度,部屋にはもう新しい家具を置くスペースがない。,部屋にはもう新しい家具を置くスペースがない。,房间里已经没有空间放新家具了。,房间里已经没有空间放新家具了。,original_book,,使用原书例句与原书中文译文。,True
n3_2974,2974,N3,29,188,190,スポーツウエア,スポーツウエア,名,运动服,运动服,新しいジョギング用のスポーツウエアを購入し、快適に走れるようになった。,新しいジョギング用のスポーツウエアを購入し、快適に走れるようになった。,买了新的慢跑运动服，让自己跑得更舒服了。,买了新的慢跑运动服，让自己跑得更舒服了。,original_book,,使用原书例句与原书中文译文。,True
n3_2975,2975,N3,29,188,190,スマイル,スマイル,名,微笑,微笑,友達の明るいスマイルにいつも元気をもらっている。,友達の明るいスマイルにいつも元気をもらっている。,朋友灿烂的微笑总是带给我活力。,朋友灿烂的微笑总是带给我活力。,original_book,,使用原书例句与原书中文译文。,True
n3_2976,2976,N3,29,188,190,済ます,すます,他五,完成；凑合；还清,完成；凑合；还清,朝 食を済ますと、すぐに学校へ急いだ。,朝食を済ますと、すぐに学校へ急いだ。,吃完早饭就马上赶往学校了。,吃完早饭就马上赶往学校了。,original_book,,使用原书例句与原书中文译文。,True
n3_2977,2977,N3,29,188,190,成長,せいちょう,名·自サ,成长；成熟,成长；成熟,10年来、中国は高度な成長を遂げた。,10年来、中国は高度な成長を遂げた。,十年来，中国取得了高速的发展。,十年来，中国取得了高速的发展。,original_book,,使用原书例句与原书中文译文。,True
n3_2978,2978,N3,29,189,191,説,せつ,名,意见，主张,意见，主张,事故の原因についてはいろいろの説がある。,事故の原因についてはいろいろの説がある。,关于事故原因有很多说法。,关于事故原因有很多说法。,original_book,,使用原书例句与原书中文译文。,True
n3_2979,2979,N3,29,189,191,剃る,そる,他五,剃头，刮胡须,剃头，刮胡须,朝起きて、髯を剃って、急いで会社に行った。,朝起きて、髯を剃って、急いで会社に行った。,早晨起床剃了胡子，匆忙赶往公司。,早晨起床剃了胡子，匆忙赶往公司。,original_book,,使用原书例句与原书中文译文。,True
n3_2980,2980,N3,29,189,191,対する,たいする,自サ,面对；对于；对抗；对照,面对；对于；对抗；对照,その質問に対する答えはこうだ。,その質問に対する答えはこうだ。,那个问题的答案是这样的。,那个问题的答案是这样的。,original_book,,使用原书例句与原书中文译文。,True
n3_2981,2981,N3,29,189,191,男女,だんじょ,名,男女,男女,昔の日本では男女共学の中学校がありませんでした。,昔の日本では男女共学の中学校がありませんでした。,以前，日本没有男女同校的初中。,以前，日本没有男女同校的初中。,original_book,,使用原书例句与原书中文译文。,True
n3_2982,2982,N3,29,189,191,地球,ちきゅう,名,地球,地球,地球は西から東に回転する。,地球は西から東に回転する。,地球自西向东转。,地球自西向东转。,original_book,,使用原书例句与原书中文译文。,True
n3_2983,2983,N3,29,189,191,頂点,ちょうてん,名,山顶；顶点，极点,山顶；顶点，极点,彼の人気は頂点に達した。,彼の人気は頂点に達した。,他的人气达到了顶点。,他的人气达到了顶点。,original_book,,使用原书例句与原书中文译文。,True
n3_2984,2984,N3,29,189,191,直径,ちょっけい,名,直径,直径,その木は直径3メートルある。,その木は直径3メートルある。,那棵树直径有3米。,那棵树直径有3米。,original_book,,使用原书例句与原书中文译文。,True
n3_2985,2985,N3,29,189,191,終に·遂に,ついに,副,最后，终于,最后，终于,ついに実現できなかった。,ついに実現できなかった。,最终没能实现。,最终没能实现。,original_book,,使用原书例句与原书中文译文。,True
n3_2986,2986,N3,29,189,191,付き合い,つきあい,名,陪伴，作陪，应酬,陪伴，作陪，应酬,彼とは長い付き合いがあるので、お互いによく理解しています。,彼とは長い付き合いがあるので、お互いによく理解しています。,我和他交往很久了，所以彼此非常了解。,我和他交往很久了，所以彼此非常了解。,original_book,,使用原书例句与原书中文译文。,True
n3_2987,2987,N3,29,189,191,付き合う,つきあう,自五,交际，打交道；陪伴，作陪,交际，打交道；陪伴，作陪,あの人とは五年前から付き合っている。,あの人とは五年前から付き合っている。,我和那个人五年前就开始交往了。,我和那个人五年前就开始交往了。,original_book,,使用原书例句与原书中文译文。,True
n3_2988,2988,N3,29,189,191,次々,つぎつぎ,副,接二连三地，一个接一个地,接二连三地，一个接一个地,われわれはつぎつぎと勝利を収めている。,われわれはつぎつぎと勝利を収めている。,我们一个接一个地取得胜利。,我们一个接一个地取得胜利。,original_book,,使用原书例句与原书中文译文。,True
n3_2989,2989,N3,29,189,191,翼,つばさ,名,翅膀，机翼,翅膀，机翼,鳥は翼を広げて空へ飛んでいく。,鳥は翼を広げて空へ飛んでいく。,鸟儿展开双翅飞向天空。,鸟儿展开双翅飞向天空。,original_book,,使用原书例句与原书中文译文。,True
n3_2990,2990,N3,29,189,191,罪,つみ,名,罪孽，罪过,罪孽，罪过,彼は自分の罪を認めました。,彼は自分の罪を認めました。,他承认了自己的罪行。,他承认了自己的罪行。,original_book,,使用原书例句与原书中文译文。,True
n3_2991,2991,N3,29,189,191,連れ,つれ,名,同伴,同伴,大阪まで車中の連れができる。,大阪まで車中の連れができる。,在列车抵达大阪之前结识同车旅伴。,在列车抵达大阪之前结识同车旅伴。,original_book,,使用原书例句与原书中文译文。,True
n3_2992,2992,N3,29,189,191,敵,てき,名,敌人，仇敌,敌人，仇敌,贅沢は敵だ。,贅沢は敵だ。,奢侈就是敌人。,奢侈就是敌人。,original_book,,使用原书例句与原书中文译文。,True
n3_2993,2993,N3,29,189,191,徹夜,てつや,名·自サ,熬夜，彻夜,熬夜，彻夜,彼らは徹夜で観戦した。,彼らは徹夜で観戦した。,他们看了一夜比赛。,他们看了一夜比赛。,original_book,,使用原书例句与原书中文译文。,True
n3_2994,2994,N3,29,190,192,天然,てんねん,名,天然,天然,日本は天然の美に恵まれている。,日本は天然の美に恵まれている。,日本的自然风光得天独厚。,日本的自然风光得天独厚。,original_book,,使用原书例句与原书中文译文。,True
n3_2995,2995,N3,29,190,192,読書,どくしょ,名·自サ,读书，阅读,读书，阅读,彼の読書の範囲はまことに広い。,彼の読書の範囲はまことに広い。,他读书的范围着实很广。,他读书的范围着实很广。,original_book,,使用原书例句与原书中文译文。,True
n3_2996,2996,N3,29,190,192,閉じる,とじる,自他一,关，闭；合上；结束，关闭,关，闭；合上；结束，关闭,窓が閉じたまま開かない。,窓が閉じたまま開かない。,窗子一直关着，没有打开。,窗子一直关着，没有打开。,original_book,,使用原书例句与原书中文译文。,True
n3_2997,2997,N3,29,190,192,名,な,名,姓名，名字,姓名，名字,子に名を付ける。,子に名を付ける。,给孩子取名字。,给孩子取名字。,original_book,,使用原书例句与原书中文译文。,True
n3_2998,2998,N3,29,190,192,内,ない,名,内，里头；在……内,内，里头；在……内,教室内では静かにしてください。,教室内では静かにしてください。,在教室内请保持安静。,在教室内请保持安静。,original_book,,使用原书例句与原书中文译文。,True
n3_2999,2999,N3,29,190,192,何で,なんで,副,何故，为什么,何故，为什么,何でそんな遠くへ引っ越すことになったのか。,何でそんな遠くへ引っ越すことになったのか。,为什么搬到那么远的地方？,为什么搬到那么远的地方？,original_book,,使用原书例句与原书中文译文。,True
n3_3000,3000,N3,29,190,192,日課,にっか,名,日课，每天必做的事,日课，每天必做的事,毎朝ジョギングするのが日課だ。,毎朝ジョギングするのが日課だ。,早上慢跑是我每天必做的事情。,早上慢跑是我每天必做的事情。,original_book,,使用原书例句与原书中文译文。,True
n3_3001,3001,N3,29,190,192,にやにや,にやにや,副·自サ,（想起可笑的事不发声）笑；嗤笑,（想起可笑的事不发声）笑；嗤笑,彼は秘密を知っているかのようににやにやしていた。,彼は秘密を知っているかのようににやにやしていた。,他独自暗笑着，好像知道这个秘密。,他独自暗笑着，好像知道这个秘密。,original_book,,使用原书例句与原书中文译文。,True
n3_3002,3002,N3,29,190,192,乳児,にゅうじ,名,婴儿,婴儿,乳児の世話は大変だ。,乳児の世話は大変だ。,照顾婴儿很辛苦。,照顾婴儿很辛苦。,original_book,,使用原书例句与原书中文译文。,True
n3_3003,3003,N3,29,190,192,にわか雨,にわかあめ,名,骤雨；阵雨,骤雨；阵雨,夏のにわか雨によく遭遇する。,夏のにわか雨によく遭遇する。,夏天经常碰上阵雨。,夏天经常碰上阵雨。,original_book,,使用原书例句与原书中文译文。,True
n3_3004,3004,N3,29,190,192,温い,ぬるい,形,暖和，温暖；微温的,暖和，温暖；微温的,コーヒーがぬるくなった。,コーヒーがぬるくなった。,咖啡变温了。,咖啡变温了。,original_book,,使用原书例句与原书中文译文。,True
n3_3005,3005,N3,29,190,192,バイク,バイク,名,摩托车,摩托车,バイクで郊外へ行く。,バイクで郊外へ行く。,骑摩托车去郊外。,骑摩托车去郊外。,original_book,,使用原书例句与原书中文译文。,True
n3_3006,3006,N3,29,190,192,バイト,バイト,名·自サ,副业,副业,夏休みにバイトをする。,夏休みにバイトをする。,暑假打工。,暑假打工。,original_book,,使用原书例句与原书中文译文。,True
n3_3007,3007,N3,29,190,192,バイバイ,バイバイ,名·自サ·感,再见，分离,再见，分离,こんな生活とは早くバイバイしたい。,こんな生活とは早くバイバイしたい。,想赶快和这样的生活说再见。,想赶快和这样的生活说再见。,original_book,,使用原书例句与原书中文译文。,True
n3_3008,3008,N3,29,190,192,パイプ,パイプ,名,管，导管，管道；烟管,管，导管，管道；烟管,彼の死によって両者の間のパイプがなくなった。,彼の死によって両者の間のパイプがなくなった。,他的死中断了双方沟通的渠道。,他的死中断了双方沟通的渠道。,original_book,,使用原书例句与原书中文译文。,True
n3_3009,3009,N3,29,190,192,バレエ,バレエ,名,芭蕾舞,芭蕾舞,彼女はとてもバレエが上手だ。,彼女はとてもバレエが上手だ。,她跳芭蕾跳得很好。,她跳芭蕾跳得很好。,original_book,,使用原书例句与原书中文译文。,True
n3_3010,3010,N3,29,190,192,皮肉,ひにく,名·形动,挖苦，讥讽,挖苦，讥讽,辛辣な皮肉を言う。,辛辣な皮肉を言う。,辛辣地嘲讽。,辛辣地嘲讽。,original_book,,使用原书例句与原书中文译文。,True
n3_3011,3011,N3,29,190,192,響く,ひびく,自五,响；发出回音，有回响；影响,响；发出回音，有回响；影响,この楽器はよく響かない。,この楽器はよく響かない。,这个乐器回响不好。,这个乐器回响不好。,original_book,,使用原书例句与原书中文译文。,True
n3_3012,3012,N3,29,190,192,表示,ひょうじ,名·他サ,表示；表达，表明,表示；表达，表明,非常口は緑の文字で表示してある。,非常口は緑の文字で表示してある。,紧急出口用绿色文字表示。,紧急出口用绿色文字表示。,original_book,,使用原书例句与原书中文译文。,True
n3_3013,3013,N3,29,191,193,不自由,ふじゆう,名·形动·自サ,不自由，不如意；不充裕,不自由，不如意；不充裕,不自由な生活をする。,不自由な生活をする。,过着不充裕的生活。,过着不充裕的生活。,original_book,,使用原书例句与原书中文译文。,True
n3_3014,3014,N3,29,191,193,夫人,ふじん,名,夫人,夫人,この会にはどうぞ夫人ご同伴でご出席ください。,この会にはどうぞ夫人ご同伴でご出席ください。,请携夫人参加宴会。,请携夫人参加宴会。,original_book,,使用原书例句与原书中文译文。,True
n3_3015,3015,N3,29,191,193,襖,ふすま,名,隔扇,隔扇,襖を開ける。,襖を開ける。,打开隔扇。,打开隔扇。,original_book,,使用原书例句与原书中文译文。,True
n3_3016,3016,N3,29,191,193,ぶつかる,ぶつかる,自五,碰，撞；遇上，碰上；冲突，争吵；正当，赶上，适逢,碰，撞；遇上，碰上；冲突，争吵；正当，赶上，适逢,会社の創立記念日が日曜日とぶつかる。,会社の創立記念日が日曜日とぶつかる。,公司的创立纪念日适逢周日。,公司的创立纪念日适逢周日。,original_book,,使用原书例句与原书中文译文。,True
n3_3017,3017,N3,29,191,193,文芸,ぶんげい,名,文艺,文艺,文芸に携わる。,文芸に携わる。,从事文艺工作。,从事文艺工作。,original_book,,使用原书例句与原书中文译文。,True
n3_3018,3018,N3,29,191,193,文献,ぶんけん,名,文献，文件，参考资料,文献，文件，参考资料,英語で書かれた医学の文献を調べた。,英語で書かれた医学の文献を調べた。,查阅了英文的医学文献。,查阅了英文的医学文献。,original_book,,使用原书例句与原书中文译文。,True
n3_3019,3019,N3,29,191,193,文体,ぶんたい,名,文体,文体,漱石の文体をまねて小説を書いた。,漱石の文体をまねて小説を書いた。,模仿夏目漱石的文体写了小说。,模仿夏目漱石的文体写了小说。,original_book,,使用原书例句与原书中文译文。,True
n3_3020,3020,N3,29,191,193,分布,ぶんぷ,名·自サ,分布,分布,この昆虫は世界中に分布している。,この昆虫は世界中に分布している。,这种昆虫分布在世界各地。,这种昆虫分布在世界各地。,original_book,,使用原书例句与原书中文译文。,True
n3_3021,3021,N3,29,191,193,ベストセラー,ベストセラー,名,畅销品,畅销品,彼の本が今週のベストセラーのトップを占めた。,彼の本が今週のベストセラーのトップを占めた。,他的书占据了这周畅销书榜的首位。,他的书占据了这周畅销书榜的首位。,original_book,,使用原书例句与原书中文译文。,True
n3_3022,3022,N3,29,191,193,坊ちゃん,ぼっちゃん,名,令郎，您家的男孩儿；大少爷，公子哥,令郎，您家的男孩儿；大少爷，公子哥,彼は苦労を知らないお坊ちゃんだ。,彼は苦労を知らないお坊ちゃんだ。,他是一个不知辛苦的公子哥。,他是一个不知辛苦的公子哥。,original_book,,使用原书例句与原书中文译文。,True
n3_3023,3023,N3,29,191,193,ポット,ポット,名,壶、罐之类的容器,壶、罐之类的容器,ポットでお茶を入れる。,ポットでお茶を入れる。,用茶壶沏茶。,用茶壶沏茶。,original_book,,使用原书例句与原书中文译文。,True
n3_3024,3024,N3,29,191,193,又は·亦は,または,接续,或，或者，或是,或，或者，或是,紙を出すか又はデジタル版を送るかしなければならない。,紙を出すか又はデジタル版を送るかしなければならない。,必须寄纸质版或发电子版。,必须寄纸质版或发电子版。,original_book,,使用原书例句与原书中文译文。,True
n3_3025,3025,N3,29,191,193,まな板,まないた,名,砧板,砧板,まな板の上で野菜を切る。,まな板の上で野菜を切る。,在砧板上切菜。,在砧板上切菜。,original_book,,使用原书例句与原书中文译文。,True
n3_3026,3026,N3,29,191,193,真夏日,まなつび,名,盛夏日，桑拿天,盛夏日，桑拿天,今年の夏は連日真夏日が続いている。,今年の夏は連日真夏日が続いている。,今年夏天，连日都是桑拿天。,今年夏天，连日都是桑拿天。,original_book,,使用原书例句与原书中文译文。,True
n3_3027,3027,N3,29,191,193,マニュアル,マニュアル,名,手册，便览，指南,手册，便览，指南,手引書やマニュアルは、状 況に即してどのように対応すべきかを説明した。,手引書やマニュアルは、状況に即してどのように対応すべきかを説明した。,说明书或指南上说明了不同状况的应对方法。,说明书或指南上说明了不同状况的应对方法。,original_book,,使用原书例句与原书中文译文。,True
n3_3028,3028,N3,29,191,193,ママ,ママ,名,妈妈；女掌柜,妈妈；女掌柜,掲示板では育児·教育·暮らし·趣味などママ達の口コミ情報が満載される。,掲示板では育児·教育·暮らし·趣味などママ達の口コミ情報が満載される。,论坛里满是妈妈们育儿、教育、生活、爱好等口耳相传的信息。,论坛里满是妈妈们育儿、教育、生活、爱好等口耳相传的信息。,original_book,,使用原书例句与原书中文译文。,True
n3_3029,3029,N3,29,191,193,割りに,わりに,副,比较；分外，格外,比较；分外，格外,割に多くの人がそれを見に来た。,割に多くの人がそれを見に来た。,有很多人来看它。,有很多人来看它。,original_book,,使用原书例句与原书中文译文。,True
n3_3030,3030,N3,30,192,194,足首,あしくび,名,脚踝，脚脖子,脚踝，脚脖子,足首を動かすと痛みが出ます。,足首を動かすと痛みが出ます。,一动脚踝就疼。,一动脚踝就疼。,original_book,,使用原书例句与原书中文译文。,True
n3_3031,3031,N3,30,192,194,アンテナ,アンテナ,名,天线,天线,アンテナの取り付け方は説明書を読んで分かるはずだ。,アンテナの取り付け方は説明書を読んで分かるはずだ。,读了说明书应该就知道天线的安装方法了。,读了说明书应该就知道天线的安装方法了。,original_book,,使用原书例句与原书中文译文。,True
n3_3032,3032,N3,30,192,194,衣服,いふく,名,衣服，衣裳,衣服，衣裳,衣服を整えてから国際会議に出席する予定です。,衣服を整えてから国際会議に出席する予定です。,打算整理好衣服以后参加国际会议。,打算整理好衣服以后参加国际会议。,original_book,,使用原书例句与原书中文译文。,True
n3_3033,3033,N3,30,192,194,居間,いま,名,起居室,起居室,テレビを居間に備えます。,テレビを居間に備えます。,将电视放在客厅里。,将电视放在客厅里。,original_book,,使用原书例句与原书中文译文。,True
n3_3034,3034,N3,30,192,194,イヤホン,イヤホン・イヤホーン,名,耳机；听筒,耳机；听筒,イヤホンで音楽を聞く。,イヤホンで音楽を聞く。,戴耳机听音乐。,戴耳机听音乐。,original_book,,使用原书例句与原书中文译文。,True
n3_3035,3035,N3,30,192,194,イヤリング,イヤリング・イアリング,名,耳环，耳饰,耳环，耳饰,彼女は真珠のイヤリングをしている。,彼女は真珠のイヤリングをしている。,她戴着珍珠耳环。,她戴着珍珠耳环。,original_book,,使用原书例句与原书中文译文。,True
n3_3036,3036,N3,30,192,194,ウェーター,ウェーター,名,男服务员,男服务员,紳士なウェーターが出迎えてくれます。,紳士なウェーターが出迎えてくれます。,一名很绅士的男服务员出来迎接。,一名很绅士的男服务员出来迎接。,original_book,,使用原书例句与原书中文译文。,True
n3_3037,3037,N3,30,192,194,占い,うらない,名,占卜，算命,占卜，算命,占いなんてあまり信じない。,占いなんてあまり信じない。,不太信占卜。,不太信占卜。,original_book,,使用原书例句与原书中文译文。,True
n3_3038,3038,N3,30,192,194,占う,うらなう,他五,占卜，占卦，算命,占卜，占卦，算命,友達と運勢を占ってみた。,友達と運勢を占ってみた。,我和朋友试着占卜了运势。,我和朋友试着占卜了运势。,original_book,,使用原书例句与原书中文译文。,True
n3_3039,3039,N3,30,192,194,運転席,うんてんせき,名,驾驶座,驾驶座,運転席に座り、初めて車を運転した。,運転席に座り、初めて車を運転した。,我坐上驾驶座，第一次开车。,我坐上驾驶座，第一次开车。,original_book,,使用原书例句与原书中文译文。,True
n3_3040,3040,N3,30,192,194,英会話,えいかいわ,名,英语会话,英语会话,来年の留学に向けて、英会話のクラスに通っている。,来年の留学に向けて、英会話のクラスに通っている。,为了明年留学，我正在上英语会话班。,为了明年留学，我正在上英语会话班。,original_book,,使用原书例句与原书中文译文。,True
n3_3041,3041,N3,30,192,194,エプロン,エプロン,名,围裙,围裙,エプロンがけで出かけました。,エプロンがけで出かけました。,系着围裙出门了。,系着围裙出门了。,original_book,,使用原书例句与原书中文译文。,True
n3_3042,3042,N3,30,192,194,エレガント,エレガント,形动,雅致，优美，优雅，漂亮,雅致，优美，优雅，漂亮,彼女のドレスはとてもエレガントで目立っていた。,彼女のドレスはとてもエレガントで目立っていた。,她的礼服很雅致，引人注目。,她的礼服很雅致，引人注目。,original_book,,使用原书例句与原书中文译文。,True
n3_3043,3043,N3,30,192,194,おい,おい,感,喂，哎，呀,喂，哎，呀,おい、ちょっと待て。,おい、ちょっと待て。,喂，等一下。,喂，等一下。,original_book,,使用原书例句与原书中文译文。,True
n3_3044,3044,N3,30,192,194,恐れる,おそれる,自一,害怕；担心,害怕；担心,彼は恐れることを知りません。,彼は恐れることを知りません。,他无所畏惧。,他无所畏惧。,original_book,,使用原书例句与原书中文译文。,True
n3_3045,3045,N3,30,192,194,思い出,おもいで,名,回忆,回忆,子供のころの思い出にふけます。,子供のころの思い出にふけます。,沉浸在孩提时的回忆中。,沉浸在孩提时的回忆中。,original_book,,使用原书例句与原书中文译文。,True
n3_3046,3046,N3,30,193,195,重ねる,かさねる,他一,重叠地堆放；屡次，多次,重叠地堆放；屡次，多次,実験は失敗を重ねた結果、ついに中止されました。,実験は失敗を重ねた結果、ついに中止されました。,试验多次失败，最终被迫中止。,试验多次失败，最终被迫中止。,original_book,,使用原书例句与原书中文译文。,True
n3_3047,3047,N3,30,193,195,火山,かざん,名,火山,火山,この地方では、近年火山がよく爆発します。,この地方では、近年火山がよく爆発します。,这个地区近年经常火山喷发。,这个地区近年经常火山喷发。,original_book,,使用原书例句与原书中文译文。,True
n3_3048,3048,N3,30,193,195,学科,がっか,名,专业；学科，科目,专业；学科，科目,得意な学科は算数です。,得意な学科は算数です。,擅长的科目是算术。,擅长的科目是算术。,original_book,,使用原书例句与原书中文译文。,True
n3_3049,3049,N3,30,193,195,カット,カット,名·他サ,剪，删减,剪，删减,時間がないので、プログラムの一部をカットした。,時間がないので、プログラムの一部をカットした。,因为没有时间，所以删掉了项目中的部分内容。,因为没有时间，所以删掉了项目中的部分内容。,original_book,,使用原书例句与原书中文译文。,True
n3_3050,3050,N3,30,193,195,活躍,かつやく,名·自サ,活跃,活跃,将来世界の舞台で活躍できる仕事をしたいです。,将来世界の舞台で活躍できる仕事をしたいです。,我想从事将来能在世界舞台中施展身手的工作。,我想从事将来能在世界舞台中施展身手的工作。,original_book,,使用原书例句与原书中文译文。,True
n3_3051,3051,N3,30,193,195,感覚,かんかく,名,感觉,感觉,寒さで手足の感覚がなくなります。,寒さで手足の感覚がなくなります。,太冷了，手脚都没有了知觉。,太冷了，手脚都没有了知觉。,original_book,,使用原书例句与原书中文译文。,True
n3_3052,3052,N3,30,193,195,感激,かんげき,名·自サ,感激,感激,彼女は感激して彼にお礼を言いました。,彼女は感激して彼にお礼を言いました。,她感激地向他道了谢。,她感激地向他道了谢。,original_book,,使用原书例句与原书中文译文。,True
n3_3053,3053,N3,30,193,195,観光,かんこう,名·他サ,游览，观光，旅游,游览，观光，旅游,私たちは京都で観光を楽しみました。,私たちは京都で観光を楽しみました。,我们在京都愉快地观光了。,我们在京都愉快地观光了。,original_book,,使用原书例句与原书中文译文。,True
n3_3054,3054,N3,30,193,195,記事,きじ,名,报道,报道,お父さんはよくスポーツに関する記事を読みます。,お父さんはよくスポーツに関する記事を読みます。,父亲经常阅读体育相关的报道。,父亲经常阅读体育相关的报道。,original_book,,使用原书例句与原书中文译文。,True
n3_3055,3055,N3,30,193,195,急速,きゅうそく,形动,快速,快速,技術者の急速な養成が必要です。,技術者の急速な養成が必要です。,需要快速培养技术人员。,需要快速培养技术人员。,original_book,,使用原书例句与原书中文译文。,True
n3_3056,3056,N3,30,193,195,行,ぎょう,名,行,行,後ろから三行目から読んでください。,後ろから三行目から読んでください。,请从倒数第三行开始读。,请从倒数第三行开始读。,original_book,,使用原书例句与原书中文译文。,True
n3_3057,3057,N3,30,193,195,教員,きょういん,名,教员，教师,教员，教师,弟 は小学校の教員です。,弟は小学校の教員です。,弟弟是小学教师。,弟弟是小学教师。,original_book,,使用原书例句与原书中文译文。,True
n3_3058,3058,N3,30,193,195,加える,くわえる,他一,加上，增加，添加,加上，增加，添加,高速道路に入り、車はスピードを加えました。,高速道路に入り、車はスピードを加えました。,进入高速公路，车速提高了。,进入高速公路，车速提高了。,original_book,,使用原书例句与原书中文译文。,True
n3_3059,3059,N3,30,193,195,加わる,くわわる,自五,加上，添加,加上，添加,フランス語が入試科目に加わりました。,フランス語が入試科目に加わりました。,法语被列入考试科目了。,法语被列入考试科目了。,original_book,,使用原书例句与原书中文译文。,True
n3_3060,3060,N3,30,193,195,研修,けんしゅう,名·他サ,研究；进修,研究；进修,彼は研修のために日本へ行きました。,彼は研修のために日本へ行きました。,他为了进修去了日本。,他为了进修去了日本。,original_book,,使用原书例句与原书中文译文。,True
n3_3061,3061,N3,30,193,195,現象,げんしょう,名,现象,现象,その時、不思議な現象が起こりました。,その時、不思議な現象が起こりました。,那个时候，出现了一个奇怪的现象。,那个时候，出现了一个奇怪的现象。,original_book,,使用原书例句与原书中文译文。,True
n3_3062,3062,N3,30,193,195,権利,けんり,名,权利,权利,あなたにはわたしを非難する権利がありません。,あなたにはわたしを非難する権利がありません。,你没有权利指责我。,你没有权利指责我。,original_book,,使用原书例句与原书中文译文。,True
n3_3063,3063,N3,30,193,195,光熱費,こうねつひ,名,电费、燃气费,电费、燃气费,冬には暖房を使うので、光熱費が高くなる。,冬には暖房を使うので、光熱費が高くなる。,冬天用暖气导致电费、燃气费变多。,冬天用暖气导致电费、燃气费变多。,original_book,,使用原书例句与原书中文译文。,True
n3_3064,3064,N3,30,193,195,後半,こうはん,名,后半，后一半,后半，后一半,サッカーの試合の後半に、決勝点が決まった。,サッカーの試合の後半に、決勝点が決まった。,足球比赛的下半场，（获胜球队）踢进了决胜球。,足球比赛的下半场，（获胜球队）踢进了决胜球。,original_book,,使用原书例句与原书中文译文。,True
n3_3065,3065,N3,30,193,195,公立,こうりつ,名,公立,公立,公立の大学は私立ほど学費が高くないです。,公立の大学は私立ほど学費が高くないです。,公立大学的学费没有私立大学那么高。,公立大学的学费没有私立大学那么高。,original_book,,使用原书例句与原书中文译文。,True
n3_3066,3066,N3,30,194,196,高齢,こうれい,名,高龄，老龄,高龄，老龄,高齢になると、健康管理がさらに重要になる。,高齢になると、健康管理がさらに重要になる。,进入高龄期，健康管理更加重要。,进入高龄期，健康管理更加重要。,original_book,,使用原书例句与原书中文译文。,True
n3_3067,3067,N3,30,194,196,高齢化,こうれいか,名,老龄化，白发浪潮,老龄化，白发浪潮,高齢化社会では、高齢者のサポート体制が重要だ。,高齢化社会では、高齢者のサポート体制が重要だ。,在老龄化社会，帮扶老年人的机制至关重要。,在老龄化社会，帮扶老年人的机制至关重要。,original_book,,使用原书例句与原书中文译文。,True
n3_3068,3068,N3,30,194,196,高齢者,こうれいしゃ,名,老年人,老年人,高齢者には、適切な医療サービスが必要だ。,高齢者には、適切な医療サービスが必要だ。,对于老年人来说，需要有适当的医疗服务。,对于老年人来说，需要有适当的医疗服务。,original_book,,使用原书例句与原书中文译文。,True
n3_3069,3069,N3,30,194,196,コンテナ,コンテナ,名,集装箱,集装箱,貨物をコンテナ車で運ぶ。,貨物をコンテナ車で運ぶ。,用集装箱车运输货物。,用集装箱车运输货物。,original_book,,使用原书例句与原书中文译文。,True
n3_3070,3070,N3,30,194,196,コンビニ,コンビニ,名,便利店,便利店,近くにセブン-イレブンというコンビニがある。,近くにセブン-イレブンというコンビニがある。,附近有7-11便利店。,附近有7-11便利店。,original_book,,使用原书例句与原书中文译文。,True
n3_3071,3071,N3,30,194,196,探る,さぐる,他五,探；摸；探听；试探；探索，探求,探；摸；探听；试探；探索，探求,ポケットを探ってたばこを出します。,ポケットを探ってたばこを出します。,从口袋里摸出香烟。,从口袋里摸出香烟。,original_book,,使用原书例句与原书中文译文。,True
n3_3072,3072,N3,30,194,196,サンキュー,サンキュー,感,谢谢,谢谢,サンキューは英語で感謝の意を持つ言葉です。,サンキューは英語で感謝の意を持つ言葉です。,“Thank you”在英语中是“感谢”的意思。,“Thank you”在英语中是“感谢”的意思。,original_book,,使用原书例句与原书中文译文。,True
n3_3073,3073,N3,30,194,196,参考,さんこう,名·他サ,参考,参考,日本の事情を調べるなら、この本がとても参考になると思います。,日本の事情を調べるなら、この本がとても参考になると思います。,如果想了解日本的情况，这本书能派上大用场。,如果想了解日本的情况，这本书能派上大用场。,original_book,,使用原书例句与原书中文译文。,True
n3_3074,3074,N3,30,194,196,しかも,しかも,接续,而且,而且,わたしの部屋は広くて、しかも明るいです。,わたしの部屋は広くて、しかも明るいです。,我的房间既宽敞又明亮。,我的房间既宽敞又明亮。,original_book,,使用原书例句与原书中文译文。,True
n3_3075,3075,N3,30,194,196,資金,しきん,名,资金，资本,资金，资本,資金を集め、事業を起こします。,資金を集め、事業を起こします。,募集资金创业。,募集资金创业。,original_book,,使用原书例句与原书中文译文。,True
n3_3076,3076,N3,30,194,196,地面,じめん,名,地面，地上,地面，地上,地面には雪が1メートルも積もっています。,地面には雪が1メートルも積もっています。,地面积雪有一米深了。,地面积雪有一米深了。,original_book,,使用原书例句与原书中文译文。,True
n3_3077,3077,N3,30,194,196,ジャーナリスト,ジャーナリスト,名,记者，编辑，通讯员,记者，编辑，通讯员,わたしの夢はジャーナリストになることです。,わたしの夢はジャーナリストになることです。,我的梦想是成为一名记者。,我的梦想是成为一名记者。,original_book,,使用原书例句与原书中文译文。,True
n3_3078,3078,N3,30,194,196,しゃがむ,しゃがむ,自五,蹲，蹲下,蹲，蹲下,落としたものをしゃがんで取ります。,落としたものをしゃがんで取ります。,蹲下拾起掉落的物品。,蹲下拾起掉落的物品。,original_book,,使用原书例句与原书中文译文。,True
n3_3079,3079,N3,30,194,196,種類,しゅるい,名,种类,种类,この店には多くの種類の本があります。,この店には多くの種類の本があります。,这家店有很多种类的书。,这家店有很多种类的书。,original_book,,使用原书例句与原书中文译文。,True
n3_3080,3080,N3,30,194,196,使用,しよう,名·他サ,使用；利用,使用；利用,水を流してからご使用ください。,水を流してからご使用ください。,请冲水后使用。,请冲水后使用。,original_book,,使用原书例句与原书中文译文。,True
n3_3081,3081,N3,30,194,196,上,じょう,名·接头,上等；上卷,上等；上卷,上質の商品をお届けします。,上質の商品をお届けします。,为您提供高品质的商品。,为您提供高品质的商品。,original_book,,使用原书例句与原书中文译文。,True
n3_3082,3082,N3,30,194,196,症状,しょうじょう,名,症状；病情,症状；病情,これらの症 状が出て来ています。,これらの症状が出て来ています。,产生了这些症状。,产生了这些症状。,original_book,,使用原书例句与原书中文译文。,True
n3_3083,3083,N3,30,194,196,状態,じょうたい,名,状态，情形，情况,状态，情形，情况,この状態では大学進学は難しいです。,この状態では大学進学は難しいです。,这种状态的话，想进大学很困难。,这种状态的话，想进大学很困难。,original_book,,使用原书例句与原书中文译文。,True
n3_3084,3084,N3,30,195,197,商店,しょうてん,名,商店,商店,彼女は近くの商店で新鮮な野菜を買った。,彼女は近くの商店で新鮮な野菜を買った。,她在附近的商店购买了新鲜的蔬菜。,她在附近的商店购买了新鲜的蔬菜。,original_book,,使用原书例句与原书中文译文。,True
n3_3085,3085,N3,30,195,197,少年,しょうねん,名,少年,少年,少年のころからの友人と一緒に日本へ行きます。,少年のころからの友人と一緒に日本へ行きます。,同少年时结交的朋友一起去日本。,同少年时结交的朋友一起去日本。,original_book,,使用原书例句与原书中文译文。,True
n3_3086,3086,N3,30,195,197,ショー,ショー,名,展览物；表演，短剧,展览物；表演，短剧,ショーが始まる前に携帯電話の電源を切る。,ショーが始まる前に携帯電話の電源を切る。,在表演开始之前关掉手机。,在表演开始之前关掉手机。,original_book,,使用原书例句与原书中文译文。,True
n3_3087,3087,N3,30,195,197,寝室,しんしつ,名,卧室，卧房，寝室,卧室，卧房，寝室,寝室とは寝るための部屋のことです。,寝室とは寝るための部屋のことです。,寝室是指供人睡觉的房间。,寝室是指供人睡觉的房间。,original_book,,使用原书例句与原书中文译文。,True
n3_3088,3088,N3,30,195,197,スカーフ,スカーフ,名,方巾,方巾,スカーフを三角に折って頭にかぶる。,スカーフを三角に折って頭にかぶる。,将方巾折成三角形戴在头上。,将方巾折成三角形戴在头上。,original_book,,使用原书例句与原书中文译文。,True
n3_3089,3089,N3,30,195,197,ストッキング,ストッキング,名,长筒袜,长筒袜,本店は慎重に、丹念にストッキングを編みあげます。,本店は慎重に、丹念にストッキングを編みあげます。,我们用心地为顾客编织长筒袜。,我们用心地为顾客编织长筒袜。,original_book,,使用原书例句与原书中文译文。,True
n3_3090,3090,N3,30,195,197,スピーカー,スピーカー,名,扬声器,扬声器,スピーカーの音量をもう少し上げてください。,スピーカーの音量をもう少し上げてください。,请把扬声器的音量再调大一些。,请把扬声器的音量再调大一些。,original_book,,使用原书例句与原书中文译文。,True
n3_3091,3091,N3,30,195,197,ずらす,ずらす,他五,挪动，移动；错开,挪动，移动；错开,テーブルが邪魔だったので、少し横にずらしてスペースを作った。,テーブルが邪魔だったので、少し横にずらしてスペースを作った。,桌子碍事了，我就把它往旁边挪了一点儿，腾出空间。,桌子碍事了，我就把它往旁边挪了一点儿，腾出空间。,original_book,,使用原书例句与原书中文译文。,True
n3_3092,3092,N3,30,195,197,ずるい,ずるい,形,狡猾,狡猾,彼はいつもずるい方法でゲームに勝とうとする。,彼はいつもずるい方法でゲームに勝とうとする。,他总是试图用狡猾的方式赢得比赛。,他总是试图用狡猾的方式赢得比赛。,original_book,,使用原书例句与原书中文译文。,True
n3_3093,3093,N3,30,195,197,鋭い,するどい,形,锐利，尖利，锋利；灵敏，强，敏感，敏锐；严厉,锐利，尖利，锋利；灵敏，强，敏感，敏锐；严厉,彼女の観察力は鋭く、細かいことにも気づく。,彼女の観察力は鋭く、細かいことにも気づく。,她的观察能力很敏锐，能注意到细节。,她的观察能力很敏锐，能注意到细节。,original_book,,使用原书例句与原书中文译文。,True
n3_3094,3094,N3,30,195,197,ずれる,ずれる,自一,错位；偏离,错位；偏离,時計の時刻がずれていて、遅刻しそうになった。,時計の時刻がずれていて、遅刻しそうになった。,钟表的时间显示错了，导致我差点儿迟到。,钟表的时间显示错了，导致我差点儿迟到。,original_book,,使用原书例句与原书中文译文。,True
n3_3095,3095,N3,30,195,197,生,せい,名,生，生活；生命,生，生活；生命,この世に生を受ける。,この世に生を受ける。,生在这个世界。,生在这个世界。,original_book,,使用原书例句与原书中文译文。,True
n3_3096,3096,N3,30,195,197,姓,せい,名,姓，姓氏,姓，姓氏,姓は井上、名は三郎という。,姓は井上、名は三郎という。,姓井上，名三郎。,姓井上，名三郎。,original_book,,使用原书例句与原书中文译文。,True
n3_3097,3097,N3,30,195,197,総理大臣,そうりだいじん,名,首相，总理,首相，总理,一般の議員が眠れないほど忙しいのは予算案の採決の日くらいだが、総理大臣は満足な睡眠を取れる日などない。,一般の議員が眠れないほど忙しいのは予算案の採決の日くらいだが、総理大臣は満足な睡眠を取れる日などない。,一般议员只在决定预算案那几天忙得没时间睡觉，总理大臣则几乎没有睡眠充足的日子。,一般议员只在决定预算案那几天忙得没时间睡觉，总理大臣则几乎没有睡眠充足的日子。,original_book,,使用原书例句与原书中文译文。,True
n3_3098,3098,N3,30,195,197,そそっかしい,そそっかしい,形,轻率，冒失，疏忽,轻率，冒失，疏忽,自分の子どもを見間違えるなんてそそっかしい人だ。,自分の子どもを見間違えるなんてそそっかしい人だ。,连自己的孩子都能认错，太粗心了。,连自己的孩子都能认错，太粗心了。,original_book,,使用原书例句与原书中文译文。,True
n3_3099,3099,N3,30,196,198,育ち,そだち,名,生长；教育；出身,生长；教育；出身,研究者たちは、稲の育ちに影響するさまざまな要因を調査しています。,研究者たちは、稲の育ちに影響するさまざまな要因を調査しています。,研究人员正在调查影响水稻生长的各种因素。,研究人员正在调查影响水稻生长的各种因素。,original_book,,使用原书例句与原书中文译文。,True
n3_3100,3100,N3,30,196,198,育つ,そだつ,自五,成长，长大，发育；进步，长进,成长，长大，发育；进步，长进,子供たちは病気もせずにすくすくと育っている。,子供たちは病気もせずにすくすくと育っている。,孩子们健康成长。,孩子们健康成长。,original_book,,使用原书例句与原书中文译文。,True
n3_3101,3101,N3,30,196,198,大した,たいした,连体,了不起；（后接否定）不算什么，不要紧,了不起；（后接否定）不算什么，不要紧,大会は大したこともなく終わった。,大会は大したこともなく終わった。,大会顺利地结束了。,大会顺利地结束了。,original_book,,使用原书例句与原书中文译文。,True
n3_3102,3102,N3,30,196,198,体重,たいじゅう,名,体重,体重,彼は元どおりの体重になった。,彼は元どおりの体重になった。,他恢复到原来的体重了。,他恢复到原来的体重了。,original_book,,使用原书例句与原书中文译文。,True
n3_3103,3103,N3,30,196,198,ダイヤル,ダイヤル,名·自サ,（电话机）数字盘，拨号盘；打电话,（电话机）数字盘，拨号盘；打电话,1 1 0 番をダイヤルする。,110番をダイヤルする。,拨打110电话。,拨打110电话。,original_book,,使用原书例句与原书中文译文。,True
n3_3104,3104,N3,30,196,198,代理,だいり,名·他サ,代理（人）,代理（人）,課長の代理で参りました。,課長の代理で参りました。,我是替科长来的。,我是替科长来的。,original_book,,使用原书例句与原书中文译文。,True
n3_3105,3105,N3,30,196,198,対立,たいりつ,名·自サ,对立,对立,労資の対立がますます深まる。,労資の対立がますます深まる。,劳资对立越发严重。,劳资对立越发严重。,original_book,,使用原书例句与原书中文译文。,True
n3_3106,3106,N3,30,196,198,ダウンロード,ダウンロード,名·他サ,下载,下载,会議のために必要な文書をインターネットからダウンロードしました。,会議のために必要な文書をインターネットからダウンロードしました。,我从互联网上下载了会议所需的文件。,我从互联网上下载了会议所需的文件。,original_book,,使用原书例句与原书中文译文。,True
n3_3107,3107,N3,30,196,198,通勤,つうきん,名·自サ,上班,上班,毎日電車で通勤する。,毎日電車で通勤する。,每天乘坐电车上下班。,每天乘坐电车上下班。,original_book,,使用原书例句与原书中文译文。,True
n3_3108,3108,N3,30,196,198,通行,つうこう,名·自サ,通行，往来,通行，往来,右側を通行してください。,右側を通行してください。,请靠右侧通行。,请靠右侧通行。,original_book,,使用原书例句与原书中文译文。,True
n3_3109,3109,N3,30,196,198,手間,てま,名,（所费的）时间和劳力,（所费的）时间和劳力,彼が来てくれたので手紙を書く手間がはぶけた。,彼が来てくれたので手紙を書く手間がはぶけた。,他来了，省去了我写信的麻烦。,他来了，省去了我写信的麻烦。,original_book,,使用原书例句与原书中文译文。,True
n3_3110,3110,N3,30,196,198,如何しても,どうしても,副,务必；怎么也,务必；怎么也,あの人はどうしても60歳には見えない。,あの人はどうしても60歳には見えない。,那个人怎么看都不像60岁。,那个人怎么看都不像60岁。,original_book,,使用原书例句与原书中文译文。,True
n3_3111,3111,N3,30,196,198,飛び込む,とびこむ,自五,跳进；闯入；投身于,跳进；闯入；投身于,急に雨が降りだしたので近くの店に飛び込んだ。,急に雨が降りだしたので近くの店に飛び込んだ。,突然下起了大雨，急忙跑进附近的店里避雨。,突然下起了大雨，急忙跑进附近的店里避雨。,original_book,,使用原书例句与原书中文译文。,True
n3_3112,3112,N3,30,196,198,亡くす,なくす,他五,死，丧,死，丧,父を亡くしてから3年経った。,父を亡くしてから3年経った。,父亲离世已经有三年时间了。,父亲离世已经有三年时间了。,original_book,,使用原书例句与原书中文译文。,True
n3_3113,3113,N3,30,196,198,何も,なにも,副·连语,什么也……，全都；并（不），什么（也不）,什么也……，全都；并（不），什么（也不）,仕事も何も忘れて休養する。,仕事も何も忘れて休養する。,忘记工作忘记一切，静心休养。,忘记工作忘记一切，静心休养。,original_book,,使用原书例句与原书中文译文。,True
n3_3114,3114,N3,30,197,199,何でも,なんでも,连语·副,不管什么，任何；无论怎样,不管什么，任何；无论怎样,彼女は何でも出来る人だ。,彼女は何でも出来る人だ。,她什么都会。,她什么都会。,original_book,,使用原书例句与原书中文译文。,True
n3_3115,3115,N3,30,197,199,何とか,なんとか,连语·副·他サ,想办法，设法；勉强，好歹,想办法，设法；勉强，好歹,なんとか締め切りに間に合いました。,なんとか締め切りに間に合いました。,总算赶上了截止日期。,总算赶上了截止日期。,original_book,,使用原书例句与原书中文译文。,True
n3_3116,3116,N3,30,197,199,憎む,にくむ,他五,憎恶，厌恶；嫉恨,憎恶，厌恶；嫉恨,まだ彼を憎んでいるのか。,まだ彼を憎んでいるのか。,还在憎恶他吗？,还在憎恶他吗？,original_book,,使用原书例句与原书中文译文。,True
n3_3117,3117,N3,30,197,199,鶏,にわとり,名,鸡,鸡,夕食には母が作った 鶏 の照り焼きが出た。,夕食には母が作った鶏の照り焼きが出た。,晚餐有妈妈做的照烧鸡肉。,晚餐有妈妈做的照烧鸡肉。,original_book,,使用原书例句与原书中文译文。,True
n3_3118,3118,N3,30,197,199,人数,にんずう,名,人数；人头；人数众多,人数；人头；人数众多,パーティーに来る人数を確認しないといけない。,パーティーに来る人数を確認しないといけない。,得核实一下来参加聚会的人数。,得核实一下来参加聚会的人数。,original_book,,使用原书例句与原书中文译文。,True
n3_3119,3119,N3,30,197,199,ネイル,ネイル,名,指甲,指甲,友達とネイルサロンに行った。,友達とネイルサロンに行った。,和朋友去了美甲店。,和朋友去了美甲店。,original_book,,使用原书例句与原书中文译文。,True
n3_3120,3120,N3,30,197,199,値下げ,ねさげ,名·他サ,降低价格，减价，降价；费用降低,降低价格，减价，降价；费用降低,この店はよく商品を値下げしている。,この店はよく商品を値下げしている。,这家店经常降价出售商品。,这家店经常降价出售商品。,original_book,,使用原书例句与原书中文译文。,True
n3_3121,3121,N3,30,197,199,伸ばす·延ばす,のばす,他五,延长，拉长；伸展，伸开；发挥，施展；扩展，扩大,延长，拉长；伸展，伸开；发挥，施展；扩展，扩大,髯を伸ばす。,髯を伸ばす。,留胡须。,留胡须。,original_book,,使用原书例句与原书中文译文。,True
n3_3122,3122,N3,30,197,199,拍手,はくしゅ,名·自サ,拍手，鼓掌,拍手，鼓掌,割れるような拍手のうちに幕が降りた。,割れるような拍手のうちに幕が降りた。,在热烈的掌声中落幕了。,在热烈的掌声中落幕了。,original_book,,使用原书例句与原书中文译文。,True
n3_3123,3123,N3,30,197,199,発する,はっする,自他サ,发生，出发；发，发出，发布，发表,发生，出发；发，发出，发布，发表,彼は一言も発しなかった。,彼は一言も発しなかった。,他一言不发。,他一言不发。,original_book,,使用原书例句与原书中文译文。,True
n3_3124,3124,N3,30,197,199,発展,はってん,名·自サ,发展，扩展，伸展,发展，扩展，伸展,最近この町は非常に発展した。,最近この町は非常に発展した。,最近，这座小城发展得很迅速。,最近，这座小城发展得很迅速。,original_book,,使用原书例句与原书中文译文。,True
n3_3125,3125,N3,30,197,199,嵌める·填める,はめる,他一,镶，嵌，安上；戴上，插入,镶，嵌，安上；戴上，插入,戸にガラスを嵌める。,戸にガラスを嵌める。,给门窗镶上玻璃。,给门窗镶上玻璃。,original_book,,使用原书例句与原书中文译文。,True
n3_3126,3126,N3,30,197,199,腹,はら,名,腹，肚子；内心，想法,腹，肚子；内心，想法,腹がいっぱいだ。,腹がいっぱいだ。,肚子饱了。,肚子饱了。,original_book,,使用原书例句与原书中文译文。,True
n3_3127,3127,N3,30,197,199,原,はら,名,平原，平地,平原，平地,広い原が目の前に広がってくる。,広い原が目の前に広がってくる。,广阔的平原展现在眼前。,广阔的平原展现在眼前。,original_book,,使用原书例句与原书中文译文。,True
n3_3128,3128,N3,30,197,199,比較的,ひかくてき,副,比较,比较,今回は比較的によくできた。,今回は比較的によくできた。,这次做得比较好。,这次做得比较好。,original_book,,使用原书例句与原书中文译文。,True
n3_3129,3129,N3,30,198,200,等しい,ひとしい,形,相等，相同，一样，等于,相等，相同，一样，等于,この2本の線は長さが等しい。,この2本の線は長さが等しい。,这两根线长短一样。,这两根线长短一样。,original_book,,使用原书例句与原书中文译文。,True
n3_3130,3130,N3,30,198,200,一通り,ひととおり,副,大概，大略；普通，一般,大概，大略；普通，一般,その論文に一通り目を通した。,その論文に一通り目を通した。,浏览了一遍那篇论文。,浏览了一遍那篇论文。,original_book,,使用原书例句与原书中文译文。,True
n3_3131,3131,N3,30,198,200,瞳,ひとみ,名,瞳孔；眼珠子，眼睛,瞳孔；眼珠子，眼睛,瞳を凝らす。,瞳を凝らす。,凝视。,凝视。,original_book,,使用原书例句与原书中文译文。,True
n3_3132,3132,N3,30,198,200,日々,ひび,名,天天，每天,天天，每天,平々凡々とした日日を送る。,平々凡々とした日日を送る。,度过平凡的每一天。,度过平凡的每一天。,original_book,,使用原书例句与原书中文译文。,True
n3_3133,3133,N3,30,198,200,広まる,ひろまる,自五,扩大；传播，遍及，蔓延，扩展,扩大；传播，遍及，蔓延，扩展,その髪型が若い女性の間に広まっている。,その髪型が若い女性の間に広まっている。,那个发型在年轻女性中很流行。,那个发型在年轻女性中很流行。,original_book,,使用原书例句与原书中文译文。,True
n3_3134,3134,N3,30,198,200,分析,ぶんせき,名·他サ,分析，剖析,分析，剖析,情勢の分析が甘い。,情勢の分析が甘い。,对形势分析得很浅薄。,对形势分析得很浅薄。,original_book,,使用原书例句与原书中文译文。,True
n3_3135,3135,N3,30,198,200,歩道,ほどう,名,人行道,人行道,自動車は歩道や自転車道ではなく車道を走ってください。,自動車は歩道や自転車道ではなく車道を走ってください。,机动车要在机动车道上行驶，不能占用人行道或自行车道。,机动车要在机动车道上行驶，不能占用人行道或自行车道。,original_book,,使用原书例句与原书中文译文。,True
n3_3136,3136,N3,30,198,200,本人,ほんにん,名,本人,本人,本人から聞いた事だから事実に相違ない。,本人から聞いた事だから事実に相違ない。,因为是从本人那里听到的，所以肯定是事实。,因为是从本人那里听到的，所以肯定是事实。,original_book,,使用原书例句与原书中文译文。,True
n3_3137,3137,N3,30,198,200,貧しい,まずしい,形,穷，贫穷，穷苦，贫困,穷，贫穷，穷苦，贫困,彼らは貧しい食卓に向かった。,彼らは貧しい食卓に向かった。,他们围着桌子坐下来，桌上只有粗茶淡饭。,他们围着桌子坐下来，桌上只有粗茶淡饭。,original_book,,使用原书例句与原书中文译文。,True
n3_3138,3138,N3,30,198,200,回り道,まわりみち,名·自サ,绕道，绕远,绕道，绕远,彼は何ごとにも回り道を嫌うせっかちな性分だ。,彼は何ごとにも回り道を嫌うせっかちな性分だ。,他是个急性子，做任何事都讨厌兜圈子。,他是个急性子，做任何事都讨厌兜圈子。,original_book,,使用原书例句与原书中文译文。,True
n3_3139,3139,N3,30,198,200,満室,まんしつ,名,满员；满房,满员；满房,ホテルは人気があって、今日は満室だった。,ホテルは人気があって、今日は満室だった。,酒店很受欢迎，今天已经客满了。,酒店很受欢迎，今天已经客满了。,original_book,,使用原书例句与原书中文译文。,True
n3_3140,3140,N3,30,198,200,満席,まんせき,名,满座,满座,映画館に行ったら、人気の映画はすでに満席だった。,映画館に行ったら、人気の映画はすでに満席だった。,去电影院一看，播放热门电影的展映厅已经座无虚席了。,去电影院一看，播放热门电影的展映厅已经座无虚席了。,original_book,,使用原书例句与原书中文译文。,True
n3_3141,3141,N3,30,198,200,満足,まんぞく,名·形动·自サ,满足，满意；符合要求；完善，完美无缺,满足，满意；符合要求；完善，完美无缺,このごろは食事も満足にできないほど忙しい。,このごろは食事も満足にできないほど忙しい。,最近忙得都吃不好饭。,最近忙得都吃不好饭。,original_book,,使用原书例句与原书中文译文。,True
n3_3142,3142,N3,30,198,200,見掛け,みかけ,名,外观，外表，外貌,外观，外表，外貌,その料理は見掛けはおいしそうだが、実はまずい。,その料理は見掛けはおいしそうだが、実はまずい。,那道菜看起来很好吃，实际上味道很差。,那道菜看起来很好吃，实际上味道很差。,original_book,,使用原书例句与原书中文译文。,True
n3_3143,3143,N3,30,198,200,見掛ける,みかける,他一,见过；开始看,见过；开始看,最近、近所でよくその猫を見掛ける。,最近、近所でよくその猫を見掛ける。,最近在附近经常看到那只猫。,最近在附近经常看到那只猫。,original_book,,使用原书例句与原书中文译文。,True
n3_3144,3144,N3,30,198,200,水着,みずぎ,名,游泳衣,游泳衣,夏休みに海に行くので、新しい水着を買った。,夏休みに海に行くので、新しい水着を買った。,因为暑假要去海边，所以买了新泳衣。,因为暑假要去海边，所以买了新泳衣。,original_book,,使用原书例句与原书中文译文。,True
n3_3145,3145,N3,30,198,200,水玉,みずたま,名,水珠,水珠,彼女のワンピースにはかわいい水玉の模様がある。,彼女のワンピースにはかわいい水玉の模様がある。,她的连衣裙上有可爱的水珠图案。,她的连衣裙上有可爱的水珠图案。,original_book,,使用原书例句与原书中文译文。,True
n3_3146,3146,N3,30,199,201,身分,みぶん,名,身份，社会地位,身份，社会地位,身分の違いを考える。,身分の違いを考える。,考虑身份的差距。,考虑身份的差距。,original_book,,使用原书例句与原书中文译文。,True
n3_3147,3147,N3,30,199,201,苗字·名字,みょうじ,名,姓,姓,彼女は結婚して今では名字が山本と変わった。,彼女は結婚して今では名字が山本と変わった。,她结婚了，现在改姓山本了。,她结婚了，现在改姓山本了。,original_book,,使用原书例句与原书中文译文。,True
n3_3148,3148,N3,30,199,201,魅力,みりょく,名,吸引力，魅力,吸引力，魅力,彼女の美しい目に魅力を感じた。,彼女の美しい目に魅力を感じた。,她的眼睛很美丽，很有魅力。,她的眼睛很美丽，很有魅力。,original_book,,使用原书例句与原书中文译文。,True
n3_3149,3149,N3,30,199,201,魅力的,みりょくてき,形动,有魅力的,有魅力的,彼は話し方が魅力的で、皆が彼の話に引き込まれる。,彼は話し方が魅力的で、皆が彼の話に引き込まれる。,他的说话方式很有魅力，大家都会被他的话所吸引。,他的说话方式很有魅力，大家都会被他的话所吸引。,original_book,,使用原书例句与原书中文译文。,True
n3_3150,3150,N3,30,199,201,無関心,むかんしん,名·形动,不关心，不感兴趣,不关心，不感兴趣,多くの人が政治に無関心なのは問題だ。,多くの人が政治に無関心なのは問題だ。,很多人对政治漠不关心，这是一个问题。,很多人对政治漠不关心，这是一个问题。,original_book,,使用原书例句与原书中文译文。,True
n3_3151,3151,N3,30,199,201,無職,むしょく,名,无业,无业,卒業後しばらく無職だったが、ようやく仕事を見つけた。,卒業後しばらく無職だったが、ようやく仕事を見つけた。,毕业后有一段时间处于无业状态，但后来终于找到了工作。,毕业后有一段时间处于无业状态，但后来终于找到了工作。,original_book,,使用原书例句与原书中文译文。,True
n3_3152,3152,N3,30,199,201,申し訳ない,もうしわけない,形,对不起,对不起,世間に対し申し訳ない気持ちで一杯だ。,世間に対し申し訳ない気持ちで一杯だ。,心中充满了对社会的歉意。,心中充满了对社会的歉意。,original_book,,使用原书例句与原书中文译文。,True
n3_3153,3153,N3,30,199,201,若しかすると,もしかすると,副,也许，或许，可能,也许，或许，可能,もしかすると彼が正しいのかもしれない。,もしかすると彼が正しいのかもしれない。,或许他是正确的。,或许他是正确的。,original_book,,使用原书例句与原书中文译文。,True
n3_3154,3154,N3,30,199,201,役,やく,名,任务，工作；角色,任务，工作；角色,銘々に役を割り当てる。,銘々に役を割り当てる。,逐一分派任务。,逐一分派任务。,original_book,,使用原书例句与原书中文译文。,True
n3_3155,3155,N3,30,199,201,友人,ゆうじん,名,友人，朋友,友人，朋友,友人と付き合う。,友人と付き合う。,和朋友交往。,和朋友交往。,original_book,,使用原书例句与原书中文译文。,True
n3_3156,3156,N3,30,199,201,寄せる,よせる,自他一,使靠近，使挨近；召集，聚集；寄送，投寄,使靠近，使挨近；召集，聚集；寄送，投寄,彼女は彼に心を寄せていたらしい。,彼女は彼に心を寄せていたらしい。,她好像曾经对他倾心。,她好像曾经对他倾心。,original_book,,使用原书例句与原书中文译文。,True
n3_3157,3157,N3,30,199,201,他所·余所,よそ,名,别处，别的地方；远方，他乡,别处，别的地方；远方，他乡,あの男はどこか余所で見掛けたことがある。,あの男はどこか余所で見掛けたことがある。,好像在别的地方见过他。,好像在别的地方见过他。,original_book,,使用原书例句与原书中文译文。,True
n3_3158,3158,N3,30,199,201,領収,りょうしゅう,名·他サ,收到,收到,申込金として2万円領 収いたしました。,申込金として2万円領収いたしました。,收您两万日元申请费。,收您两万日元申请费。,original_book,,使用原书例句与原书中文译文。,True
n3_3159,3159,N3,30,199,201,礼·お礼,れい・おれい,名,礼法，礼节；敬礼，道谢，致谢；礼品,礼法，礼节；敬礼，道谢，致谢；礼品,拾得者には十分にお礼を差し上げます。,拾得者には十分にお礼を差し上げます。,对拾到失物的人表达衷心的谢意。,对拾到失物的人表达衷心的谢意。,original_book,,使用原书例句与原书中文译文。,True
n3_3160,3160,N3,31,201,203,欠伸,あくび,名·自サ,（打）哈欠,（打）哈欠,眠くてあくびばかりしている。,眠くてあくびばかりしている。,困得一个劲儿打哈欠。,困得一个劲儿打哈欠。,original_book,,使用原书例句与原书中文译文。,True
n3_3161,3161,N3,31,201,203,行き先,いきさき・ゆきさき,名,"去的地方,目的地；将来","去的地方,目的地；将来",この電車の行き先はどこですか。,この電車の行き先はどこですか。,这趟电车开往哪里?,这趟电车开往哪里?,original_book,,使用原书例句与原书中文译文。,True
n3_3162,3162,N3,31,201,203,一般的,いっぱんてき,形动,一般的,一般的,一般的に日本の住居は天井が高くない。,一般的に日本の住居は天井が高くない。,一般来说，日本住房的天花板都不高。,一般来说，日本住房的天花板都不高。,original_book,,使用原书例句与原书中文译文。,True
n3_3163,3163,N3,31,201,203,受け入れる,うけいれる,他一,收进；接纳，收容；承认，采纳,收进；接纳，收容；承认，采纳,私の考えを 快 く受け入れてくれた。,私の考えを快く受け入れてくれた。,（她）欣然接受了我的想法。,（她）欣然接受了我的想法。,original_book,,使用原书例句与原书中文译文。,True
n3_3164,3164,N3,31,201,203,右折,うせつ,名·自サ,向右拐，向右转弯,向右拐，向右转弯,次の角を右折すると東門があります。,次の角を右折すると東門があります。,在下一个转角右拐就是东门。,在下一个转角右拐就是东门。,original_book,,使用原书例句与原书中文译文。,True
n3_3165,3165,N3,31,201,203,内側,うちがわ,名,内侧，里面,内侧，里面,靴の内側に名前を書いています。,靴の内側に名前を書いています。,在鞋子的内侧写上了名字。,在鞋子的内侧写上了名字。,original_book,,使用原书例句与原书中文译文。,True
n3_3166,3166,N3,31,201,203,奪う,うばう,他五,夺，抢夺；剥夺；强烈吸引住,夺，抢夺；剥夺；强烈吸引住,一瞬で心を奪われた。,一瞬で心を奪われた。,瞬间就被吸引住了。,瞬间就被吸引住了。,original_book,,使用原书例句与原书中文译文。,True
n3_3167,3167,N3,31,201,203,うろうろ,うろうろ,副·自サ,彷徨，徘徊；惊慌失措，心神不定,彷徨，徘徊；惊慌失措，心神不定,店内をうろうろしているうちに友人とはぐれてしまった。,店内をうろうろしているうちに友人とはぐれてしまった。,在店里随便转的时候和朋友走散了。,在店里随便转的时候和朋友走散了。,original_book,,使用原书例句与原书中文译文。,True
n3_3168,3168,N3,31,201,203,笑顔,えがお,名,笑颜，笑脸,笑颜，笑脸,いつも笑顔で応対する。,いつも笑顔で応対する。,始终以微笑回应。,始终以微笑回应。,original_book,,使用原书例句与原书中文译文。,True
n3_3169,3169,N3,31,201,203,応募,おうぼ,名·自他サ,应募，报名参加,应募，报名参加,作文コンクールに応募する。,作文コンクールに応募する。,报名参加作文大赛。,报名参加作文大赛。,original_book,,使用原书例句与原书中文译文。,True
n3_3170,3170,N3,31,201,203,主に,おもに,副,主要：多半,主要：多半,この土地では主に果物が栽培されています。,この土地では主に果物が栽培されています。,这片土地主要种植水果。,这片土地主要种植水果。,original_book,,使用原书例句与原书中文译文。,True
n3_3171,3171,N3,31,201,203,解決,かいけつ,名·自他サ,解决,解决,頑張っても解決できない問題はある。,頑張っても解決できない問題はある。,有些问题即使努力也解决不了。,有些问题即使努力也解决不了。,original_book,,使用原书例句与原书中文译文。,True
n3_3172,3172,N3,31,201,203,改札,かいさつ,名·自サ,检票，检票处,检票，检票处,駅の改札はほとんど自動化されている。,駅の改札はほとんど自動化されている。,车站的检票口几乎都是自动化的。,车站的检票口几乎都是自动化的。,original_book,,使用原书例句与原书中文译文。,True
n3_3173,3173,N3,31,201,203,回収,かいしゅう,名·他サ,回收；收回,回收；收回,アンケート用紙を回収する。,アンケート用紙を回収する。,回收调查问卷。,回收调查问卷。,original_book,,使用原书例句与原书中文译文。,True
n3_3174,3174,N3,31,201,203,外食,がいしょく,名·自サ,在外吃饭,在外吃饭,久しぶりに家族で外食をしよう。,久しぶりに家族で外食をしよう。,一家人一起久违地出去吃饭吧。,一家人一起久违地出去吃饭吧。,original_book,,使用原书例句与原书中文译文。,True
n3_3175,3175,N3,31,202,204,換える,かえる,他一,换，交换；变换,换，交换；变换,長距離ドライブの前に、車のタイヤを換える必要があります。,長距離ドライブの前に、車のタイヤを換える必要があります。,在开始长途驾车之前要更换轮胎。,在开始长途驾车之前要更换轮胎。,original_book,,使用原书例句与原书中文译文。,True
n3_3176,3176,N3,31,202,204,かき混ぜる,かきまぜる,他一,搅合，使混合,搅合，使混合,カップにお湯を注いだら温かいうちにかき混ぜてください。,カップにお湯を注いだら温かいうちにかき混ぜてください。,在杯子里倒入开水，然后趁热搅拌。,在杯子里倒入开水，然后趁热搅拌。,original_book,,使用原书例句与原书中文译文。,True
n3_3177,3177,N3,31,202,204,駆ける,かける,自一,跑，快跑，奔跑；（骑着马）跑,跑，快跑，奔跑；（骑着马）跑,草原を馬が駆けていく。,草原を馬が駆けていく。,马儿在草原上奔驰。,马儿在草原上奔驰。,original_book,,使用原书例句与原书中文译文。,True
n3_3178,3178,N3,31,202,204,片方,かたほう,名,（两个中的）一个，一方,（两个中的）一个，一方,片方の意見だけでは真相はわからない。,片方の意見だけでは真相はわからない。,只凭一方的意见，无法判明真相。,只凭一方的意见，无法判明真相。,original_book,,使用原书例句与原书中文译文。,True
n3_3179,3179,N3,31,202,204,からから,からから,副·形动,干、硬的东西相碰的声音；高声、爽朗的笑声；空无一物；极其干燥,干、硬的东西相碰的声音；高声、爽朗的笑声；空无一物；极其干燥,のどがからからに渇いた。,のどがからからに渇いた。,喉咙干渴。,喉咙干渴。,original_book,,使用原书例句与原书中文译文。,True
n3_3180,3180,N3,31,202,204,がらがら,がらがら,副·形动·自サ,轰隆；声音嘶哑；空荡荡,轰隆；声音嘶哑；空荡荡,面白い舞台なのに客席はがらがらだった。,面白い舞台なのに客席はがらがらだった。,舞台表演很有趣，观众席却空荡荡的。,舞台表演很有趣，观众席却空荡荡的。,original_book,,使用原书例句与原书中文译文。,True
n3_3181,3181,N3,31,202,204,観客,かんきゃく,名,观众,观众,この映画の観客動員数は史上最高となった。,この映画の観客動員数は史上最高となった。,这部电影的观影人数创历史新高。,这部电影的观影人数创历史新高。,original_book,,使用原书例句与原书中文译文。,True
n3_3182,3182,N3,31,202,204,観察,かんさつ,名·他サ,观察,观察,朝顔の成長を観察する。,朝顔の成長を観察する。,观察牵牛花的生长。,观察牵牛花的生长。,original_book,,使用原书例句与原书中文译文。,True
n3_3183,3183,N3,31,202,204,休日,きゅうじつ,名,休息日，假日,休息日，假日,今度の休日はキャンプに行きます。,今度の休日はキャンプに行きます。,这个休息日去野营。,这个休息日去野营。,original_book,,使用原书例句与原书中文译文。,True
n3_3184,3184,N3,31,202,204,訓練,くんれん,名·他サ,训练,训练,万が一に備えて防災訓練をする。,万が一に備えて防災訓練をする。,以防万一，进行防灾演习。,以防万一，进行防灾演习。,original_book,,使用原书例句与原书中文译文。,True
n3_3185,3185,N3,31,202,204,経由,けいゆ,名·自サ,经由，经过，通过,经由，经过，通过,東京から金沢を経由して福井に到着する。,東京から金沢を経由して福井に到着する。,从东京经由金泽到达福井。,从东京经由金泽到达福井。,original_book,,使用原书例句与原书中文译文。,True
n3_3186,3186,N3,31,202,204,血液型,けつえきがた,名,血型,血型,献血のついでに血液型を確認した。,献血のついでに血液型を確認した。,献血时顺便查了血型。,献血时顺便查了血型。,original_book,,使用原书例句与原书中文译文。,True
n3_3187,3187,N3,31,202,204,件,けん,名·接尾,件（计算事物的数量）；事，事情,件（计算事物的数量）；事，事情,例の件は先に処理しておきました。,例の件は先に処理しておきました。,那件事已经先处理好了。,那件事已经先处理好了。,original_book,,使用原书例句与原书中文译文。,True
n3_3188,3188,N3,31,202,204,建設,けんせつ,名·他サ,建设,建设,新しいビルを建設する。,新しいビルを建設する。,建设新的大楼。,建设新的大楼。,original_book,,使用原书例句与原书中文译文。,True
n3_3189,3189,N3,31,202,204,恋しい,こいしい,形,令人怀念的，令人爱慕的,令人怀念的，令人爱慕的,こういう景色を見ると故郷が恋しくなる。,こういう景色を見ると故郷が恋しくなる。,看到这样的景色就思念起故乡来。,看到这样的景色就思念起故乡来。,original_book,,使用原书例句与原书中文译文。,True
n3_3190,3190,N3,31,202,204,広告,こうこく,名·他サ,广告,广告,雑誌に広告を掲載する。,雑誌に広告を掲載する。,在杂志上刊登广告。,在杂志上刊登广告。,original_book,,使用原书例句与原书中文译文。,True
n3_3191,3191,N3,31,202,204,零す,こぼす,他五,溢出，撒落；掉落；发牢骚,溢出，撒落；掉落；发牢骚,うっかり水をこぼしてしまった。,うっかり水をこぼしてしまった。,不小心把水洒了。,不小心把水洒了。,original_book,,使用原书例句与原书中文译文。,True
n3_3192,3192,N3,31,203,205,坂道,さかみち,名,坡道，斜坡,坡道，斜坡,長い坂道を上った先に静かなペンションがある。,長い坂道を上った先に静かなペンションがある。,走上长长的坡道，前方有一家安静的民宿。,走上长长的坡道，前方有一家安静的民宿。,original_book,,使用原书例句与原书中文译文。,True
n3_3193,3193,N3,31,203,205,サボる,サボる,自五,旷工，缺勤,旷工，缺勤,授業をさぼって映画を見に行った。,授業をさぼって映画を見に行った。,逃课去看电影了。,逃课去看电影了。,original_book,,使用原书例句与原书中文译文。,True
n3_3194,3194,N3,31,203,205,残業,ざんぎょう,名·自サ,加班,加班,毎日残業が続いている。,毎日残業が続いている。,每天都在加班。,每天都在加班。,original_book,,使用原书例句与原书中文译文。,True
n3_3195,3195,N3,31,203,205,支給,しきゅう,名·他サ,支付，发，给,支付，发，给,6月にボーナスが支給される。,6月にボーナスが支給される。,6月份发奖金。,6月份发奖金。,original_book,,使用原书例句与原书中文译文。,True
n3_3196,3196,N3,31,203,205,次第に,しだいに,副,逐渐，渐渐，慢慢,逐渐，渐渐，慢慢,次第に理解できるようになった。,次第に理解できるようになった。,渐渐地能理解了。,渐渐地能理解了。,original_book,,使用原书例句与原书中文译文。,True
n3_3197,3197,N3,31,203,205,実力,じつりょく,名,实力,实力,決勝戦で実力を発揮した。,決勝戦で実力を発揮した。,在决胜局发挥了实力。,在决胜局发挥了实力。,original_book,,使用原书例句与原书中文译文。,True
n3_3198,3198,N3,31,203,205,自動的,じどうてき,形动,自动的,自动的,申し立てがなければ契約は自動的に更新されます。,申し立てがなければ契約は自動的に更新されます。,如果（双方都）没有提出要求，则合同自动更新。,如果（双方都）没有提出要求，则合同自动更新。,original_book,,使用原书例句与原书中文译文。,True
n3_3199,3199,N3,31,203,205,縛る,しばる,他五,捆，绑；束缚，拘束，限制,捆，绑；束缚，拘束，限制,古紙を縄で縛ってから回収 業者に渡す。,古紙を縄で縛ってから回収業者に渡す。,将废纸用绳子绑好后交给回收的人。,将废纸用绳子绑好后交给回收的人。,original_book,,使用原书例句与原书中文译文。,True
n3_3200,3200,N3,31,203,205,自慢,じまん,名·他サ,自夸，自大，骄傲,自夸，自大，骄傲,花嫁は課長の自慢の娘さんだ。,花嫁は課長の自慢の娘さんだ。,新娘是科长引以为傲的女儿。,新娘是科长引以为傲的女儿。,original_book,,使用原书例句与原书中文译文。,True
n3_3201,3201,N3,31,203,205,染み,しみ,名,污垢，污点，斑痕，污痕,污垢，污点，斑痕，污痕,コーヒーのしみが取れない。,コーヒーのしみが取れない。,咖啡渍洗不掉。,咖啡渍洗不掉。,original_book,,使用原书例句与原书中文译文。,True
n3_3202,3202,N3,31,203,205,週刊誌,しゅうかんし,名,周刊杂志,周刊杂志,駅の売店で週刊誌を買った。,駅の売店で週刊誌を買った。,在车站的小卖店买了周刊杂志。,在车站的小卖店买了周刊杂志。,original_book,,使用原书例句与原书中文译文。,True
n3_3203,3203,N3,31,203,205,修理,しゅうり,名·他サ,修理，修缮,修理，修缮,修理に時間がかかる。,修理に時間がかかる。,修理需要时间。,修理需要时间。,original_book,,使用原书例句与原书中文译文。,True
n3_3204,3204,N3,31,203,205,縮小,しゅくしょう,名·自他サ,缩小，缩减,缩小，缩减,規模を縮 小する。,規模を縮小する。,缩小规模。,缩小规模。,original_book,,使用原书例句与原书中文译文。,True
n3_3205,3205,N3,31,203,205,出張,しゅっちょう,名·自サ,出差,出差,明日から名古屋に出 張だ。,明日から名古屋に出張だ。,明天开始去名古屋出差。,明天开始去名古屋出差。,original_book,,使用原书例句与原书中文译文。,True
n3_3206,3206,N3,31,203,205,冗談,じょうだん,名,玩笑，笑话,玩笑，笑话,あの人の話は冗談か本気かわからないところがある。,あの人の話は冗談か本気かわからないところがある。,不知道那个人是在开玩笑还是认真的。,不知道那个人是在开玩笑还是认真的。,original_book,,使用原书例句与原书中文译文。,True
n3_3207,3207,N3,31,203,205,上品,じょうひん,名·形动,文雅，高雅；上等品,文雅，高雅；上等品,彼女はいつも上品な話し方をする。,彼女はいつも上品な話し方をする。,她说话总是很文雅。,她说话总是很文雅。,original_book,,使用原书例句与原书中文译文。,True
n3_3208,3208,N3,31,203,205,知り合い,しりあい,名,相识，结识；朋友,相识，结识；朋友,あの方とお知り合いですか。,あの方とお知り合いですか。,您认识那位吗？,您认识那位吗？,original_book,,使用原书例句与原书中文译文。,True
n3_3209,3209,N3,31,203,205,知り合う,しりあう,自他五,相识，结识；互相了解,相识，结识；互相了解,彼とは5年前に知り合った。,彼とは5年前に知り合った。,五年前和他相识了。,五年前和他相识了。,original_book,,使用原书例句与原书中文译文。,True
n3_3210,3210,N3,31,204,206,信じる,しんじる,他一,相信，确信,相信，确信,この話を信じるのも信じないのもあなた次第です。,この話を信じるのも信じないのもあなた次第です。,这事信不信全由你。,这事信不信全由你。,original_book,,使用原书例句与原书中文译文。,True
n3_3211,3211,N3,31,204,206,schedule,スケジュール,名,时间表，日程（表）,时间表，日程（表）,来月はスケジュールがいっぱいです。,来月はスケジュールがいっぱいです。,下个月的日程很满。,下个月的日程很满。,original_book,,使用原书例句与原书中文译文。,True
n3_3212,3212,N3,31,204,206,正解,せいかい,名·他サ,正解,正解,模擬試験は全問正解だった。,模擬試験は全問正解だった。,模拟考试的题全答对了。,模拟考试的题全答对了。,original_book,,使用原书例句与原书中文译文。,True
n3_3213,3213,N3,31,204,206,清潔,せいけつ,名·形动,干净，清洁；纯洁,干净，清洁；纯洁,傷口は清潔な布で拭いてください。,傷口は清潔な布で拭いてください。,请用干净的布擦拭伤口。,请用干净的布擦拭伤口。,original_book,,使用原书例句与原书中文译文。,True
n3_3214,3214,N3,31,204,206,制限,せいげん,名·他サ,限制，限度，界限,限制，限度，界限,密集を避けるため入 場を制限する。,密集を避けるため入場を制限する。,为避免形成聚集，将限制入场人数。,为避免形成聚集，将限制入场人数。,original_book,,使用原书例句与原书中文译文。,True
n3_3215,3215,N3,31,204,206,正常,せいじょう,名·形动,正常,正常,血圧計は正常な値を示している。,血圧計は正常な値を示している。,血压计上显示着正常值。,血压计上显示着正常值。,original_book,,使用原书例句与原书中文译文。,True
n3_3216,3216,N3,31,204,206,制服,せいふく,名,制服,制服,日本の高校生の制服は可愛い。,日本の高校生の制服は可愛い。,日本高中生的校服很可爱。,日本高中生的校服很可爱。,original_book,,使用原书例句与原书中文译文。,True
n3_3217,3217,N3,31,204,206,積極的,せっきょくてき,形动,积极的,积极的,彼は授業でいつも積極的に質問する。,彼は授業でいつも積極的に質問する。,他上课总是积极提问。,他上课总是积极提问。,original_book,,使用原书例句与原书中文译文。,True
n3_3218,3218,N3,31,204,206,早退,そうたい,名·自サ,早退,早退,体調不良で会社を早退した。,体調不良で会社を早退した。,因身体不适，提前下班了。,因身体不适，提前下班了。,original_book,,使用原书例句与原书中文译文。,True
n3_3219,3219,N3,31,204,206,退屈,たいくつ,名·自サ·形动,无聊，闷；枯燥无味,无聊，闷；枯燥无味,やることがなくて退屈している。,やることがなくて退屈している。,无事可做，很无聊。,无事可做，很无聊。,original_book,,使用原书例句与原书中文译文。,True
n3_3220,3220,N3,31,204,206,大量,たいりょう,名·形动,大量，多量，大批,大量，多量，大批,大量の食材を買い込んだ。,大量の食材を買い込んだ。,买了大量的食材。,买了大量的食材。,original_book,,使用原书例句与原书中文译文。,True
n3_3221,3221,N3,31,204,206,だらしない,だらしない,形,不检点的，散漫的，没出息的,不检点的，散漫的，没出息的,彼は生活態度も服装もだらしない。,彼は生活態度も服装もだらしない。,他生活态度散漫，衣着邋遢。,他生活态度散漫，衣着邋遢。,original_book,,使用原书例句与原书中文译文。,True
n3_3222,3222,N3,31,204,206,怠い,だるい,形,懒倦的，慵懒的,懒倦的，慵懒的,少し熱があって体がだるい。,少し熱があって体がだるい。,有点儿发烧，浑身无力。,有点儿发烧，浑身无力。,original_book,,使用原书例句与原书中文译文。,True
n3_3223,3223,N3,31,204,206,短気,たんき,名·形动,性急，性情急躁,性急，性情急躁,あの人の唯一の欠点は短気なところだ。,あの人の唯一の欠点は短気なところだ。,他唯一的缺点就是性子急。,他唯一的缺点就是性子急。,original_book,,使用原书例句与原书中文译文。,True
n3_3224,3224,N3,31,204,206,団体,だんたい,名,团体，集体,团体，集体,団体での見学は割引が適用されます。,団体での見学は割引が適用されます。,团体参观可以享受折扣优惠。,团体参观可以享受折扣优惠。,original_book,,使用原书例句与原书中文译文。,True
n3_3225,3225,N3,31,204,206,団地,だんち,名,小区，社区,小区，社区,団地の周りには、スーパーや公園などの便利な施設がたくさんあります。,団地の周りには、スーパーや公園などの便利な施設がたくさんあります。,住宅小区周围有很多便利的设施，比如超市和公园。,住宅小区周围有很多便利的设施，比如超市和公园。,original_book,,使用原书例句与原书中文译文。,True
n3_3226,3226,N3,31,205,207,中古,ちゅうこ,名,半新半旧，二手货；中古（历史上的时代之一）,半新半旧，二手货；中古（历史上的时代之一）,中古のパソコンなら安く買える。,中古のパソコンなら安く買える。,二手电脑的话可以便宜地买到。,二手电脑的话可以便宜地买到。,original_book,,使用原书例句与原书中文译文。,True
n3_3227,3227,N3,31,205,207,朝食,ちょうしょく,名,早饭,早饭,朝 食を簡単に済ませる。,朝食を簡単に済ませる。,简单地吃早饭。,简单地吃早饭。,original_book,,使用原书例句与原书中文译文。,True
n3_3228,3228,N3,31,205,207,当然,とうぜん,形动·副,当然，应当；应该，理所当然,当然，应当；应该，理所当然,あんなひどいことをして辞めるのは当然ですよ。,あんなひどいことをして辞めるのは当然ですよ。,做出那么过分的事情，辞职是理所当然的。,做出那么过分的事情，辞职是理所当然的。,original_book,,使用原书例句与原书中文译文。,True
n3_3229,3229,N3,31,205,207,通り過ぎる,とおりすぎる,自一,走过，越过,走过，越过,彼は私に気づかず目の前を通り過ぎていった。,彼は私に気づかず目の前を通り過ぎていった。,他从我面前经过，没有注意到我。,他从我面前经过，没有注意到我。,original_book,,使用原书例句与原书中文译文。,True
n3_3230,3230,N3,31,205,207,特長,とくちょう,名,特征，特色，特点,特征，特色，特点,新商品の特長をプレゼンする。,新商品の特長をプレゼンする。,演示新商品的特点。,演示新商品的特点。,original_book,,使用原书例句与原书中文译文。,True
n3_3231,3231,N3,31,205,207,溶ける,とける,自一,溶化，熔化,溶化，熔化,早く食べないからアイスクリームが溶けてきたよ。,早く食べないからアイスクリームが溶けてきたよ。,没有早点儿吃，冰激凌都化了。,没有早点儿吃，冰激凌都化了。,original_book,,使用原书例句与原书中文译文。,True
n3_3232,3232,N3,31,205,207,内緒,ないしょ,名,秘密，不公开,秘密，不公开,この話はまだ内緒にしておいてください。,この話はまだ内緒にしておいてください。,这事还请保密。,这事还请保密。,original_book,,使用原书例句与原书中文译文。,True
n3_3233,3233,N3,31,205,207,情けない,なさけない,形,无情；可悲可叹，可怜的,无情；可悲可叹，可怜的,こんな簡単な問題も解けないとは情けない。,こんな簡単な問題も解けないとは情けない。,连这么简单的题都解不出来，太丢人了。,连这么简单的题都解不出来，太丢人了。,original_book,,使用原书例句与原书中文译文。,True
n3_3234,3234,N3,31,205,207,測る·計る·量る,はかる,他五,测定，测量；推测，揣测,测定，测量；推测，揣测,調味料を正確に計る。,調味料を正確に計る。,准确地称调料的用量。,准确地称调料的用量。,original_book,,使用原书例句与原书中文译文。,True
n3_3235,3235,N3,31,205,207,図る,はかる,他五,图谋；策划,图谋；策划,便宜を図ってくれた。,便宜を図ってくれた。,替我着想了。,替我着想了。,original_book,,使用原书例句与原书中文译文。,True
n3_3236,3236,N3,31,205,207,発生,はっせい,名·自他サ,发生,发生,問題が発生した。,問題が発生した。,出现了问题。,出现了问题。,original_book,,使用原书例句与原书中文译文。,True
n3_3237,3237,N3,31,205,207,ばらばら,ばらばら,副·形动,零乱的；吧嗒吧嗒的；乱哄哄的,零乱的；吧嗒吧嗒的；乱哄哄的,客席にはばらばらとしか人が座っていない。,客席にはばらばらとしか人が座っていない。,观众席上只零零散散地坐着几个人。,观众席上只零零散散地坐着几个人。,original_book,,使用原书例句与原书中文译文。,True
n3_3238,3238,N3,31,205,207,hint,ヒント,名,暗示，启发，启示,暗示，启发，启示,ヒントがあればクイズの答えがわかると思う。,ヒントがあればクイズの答えがわかると思う。,我想只要有提示，就能知道谜语的答案。,我想只要有提示，就能知道谜语的答案。,original_book,,使用原书例句与原书中文译文。,True
n3_3239,3239,N3,31,205,207,沸騰,ふっとう,名·自サ,沸腾；情绪高涨,沸腾；情绪高涨,水は100度以下でも沸騰する。,水は100度以下でも沸騰する。,水低于100摄氏度也会沸腾。,水低于100摄氏度也会沸腾。,original_book,,使用原书例句与原书中文译文。,True
n3_3240,3240,N3,31,205,207,ふらふら,ふらふら,副·形动·自サ,摇晃，蹒跚；摇摆不定；稀里糊涂,摇晃，蹒跚；摇摆不定；稀里糊涂,ふらふら歩きまわらないで早く帰って来なさい。,ふらふら歩きまわらないで早く帰って来なさい。,不要到处闲逛，早点儿回来吧。,不要到处闲逛，早点儿回来吧。,original_book,,使用原书例句与原书中文译文。,True
n3_3241,3241,N3,31,205,207,ぶらぶら,ぶらぶら,副·形动·自サ,摇晃，摆动；溜达，闲逛；无所事事，赋闲,摇晃，摆动；溜达，闲逛；无所事事，赋闲,暇だからその辺をぶらぶらしてくるよ。,暇だからその辺をぶらぶらしてくるよ。,闲着没事，我去附近溜达溜达。,闲着没事，我去附近溜达溜达。,original_book,,使用原书例句与原书中文译文。,True
n3_3242,3242,N3,31,205,207,ぺこぺこ,ぺこぺこ,副·形动,瘪；点头哈腰，谄媚貌；肚子饿,瘪；点头哈腰，谄媚貌；肚子饿,上司にぺこぺこ頭を下げる。,上司にぺこぺこ頭を下げる。,向上司点头哈腰。,向上司点头哈腰。,original_book,,使用原书例句与原书中文译文。,True
n3_3243,3243,N3,31,206,208,ぺらぺら,ぺらぺら,副·形动,喋喋不休；连续翻纸页；（外语）说得很流利,喋喋不休；连续翻纸页；（外语）说得很流利,彼は英語をペラペラ話す。,彼は英語をペラペラ話す。,他英语说得很流利。,他英语说得很流利。,original_book,,使用原书例句与原书中文译文。,True
n3_3244,3244,N3,31,206,208,干す,ほす,他五,晒干，晾干；淘干；喝干,晒干，晾干；淘干；喝干,洗濯物を干した後に掃除をする。,洗濯物を干した後に掃除をする。,晾完衣服后打扫。,晾完衣服后打扫。,original_book,,使用原书例句与原书中文译文。,True
n3_3245,3245,N3,31,206,208,混ぜる,まぜる,他一,搅拌，混合,搅拌，混合,家庭用洗剤には混ぜると有毒ガスが発生するものがある。,家庭用洗剤には混ぜると有毒ガスが発生するものがある。,有的家用洗涤剂混合后会产生有毒气体。,有的家用洗涤剂混合后会产生有毒气体。,original_book,,使用原书例句与原书中文译文。,True
n3_3246,3246,N3,31,206,208,学ぶ,まなぶ,他五,学，学习,学，学习,独学で中国語を学ぶ。,独学で中国語を学ぶ。,自学汉语。,自学汉语。,original_book,,使用原书例句与原书中文译文。,True
n3_3247,3247,N3,31,206,208,面倒くさい,めんどうくさい,形,太费事，麻烦极了,太费事，麻烦极了,何をやるのも面倒くさい。,何をやるのも面倒くさい。,做什么都很麻烦。,做什么都很麻烦。,original_book,,使用原书例句与原书中文译文。,True
n3_3248,3248,N3,31,206,208,目的,もくてき,名,目的，目标,目的，目标,目的をもって行動する。,目的をもって行動する。,有目的地行动。,有目的地行动。,original_book,,使用原书例句与原书中文译文。,True
n3_3249,3249,N3,31,206,208,勿体無い,もったいない,形,可惜的，浪费的,可惜的，浪费的,もったいないから全部食べた。,もったいないから全部食べた。,浪费就太可惜了，所以全部吃完了。,浪费就太可惜了，所以全部吃完了。,original_book,,使用原书例句与原书中文译文。,True
n3_3250,3250,N3,31,206,208,薬局,やっきょく,名,药房,药房,薬局で風邪薬を買う。,薬局で風邪薬を買う。,在药房买感冒药。,在药房买感冒药。,original_book,,使用原书例句与原书中文译文。,True
n3_3251,3251,N3,31,206,208,やり直す,やりなおす,他五,返工，再做，重做,返工，再做，重做,データが消えて一からやり直すことになった。,データが消えて一からやり直すことになった。,数据丢失了，所以得重做。,数据丢失了，所以得重做。,original_book,,使用原书例句与原书中文译文。,True
n3_3252,3252,N3,31,206,208,容器,ようき,名,容器,容器,もう少し大きな容器に移し替えてください。,もう少し大きな容器に移し替えてください。,请转移到大一点儿的容器里。,请转移到大一点儿的容器里。,original_book,,使用原书例句与原书中文译文。,True
n3_3253,3253,N3,31,206,208,翌年,よくとし・よくねん,名,第二年，次年,第二年，次年,翌年のクリスマスはパーティーをした。,翌年のクリスマスはパーティーをした。,第二年的圣诞节举行了派对。,第二年的圣诞节举行了派对。,original_book,,使用原书例句与原书中文译文。,True
n3_3254,3254,N3,31,206,208,連休,れんきゅう,名,连续的假日，连休,连续的假日，连休,今度の連休は旅行に行く。,今度の連休は旅行に行く。,这次连休去旅行。,这次连休去旅行。,original_book,,使用原书例句与原书中文译文。,True
n3_3255,,N3,32,207,209,呆れる,あきれる,超纲词,吃惊，惊讶； 吓呆，发愣，愕然,吃惊，惊讶； 吓呆，发愣，愕然,,,,,no_example_in_source,,原书补充词表未提供例句。,False
n3_3256,,N3,32,207,209,厚かましい,あつかましい,超纲词,厚脸皮，无耻,厚脸皮，无耻,,,,,no_example_in_source,,原书补充词表未提供例句。,False
n3_3257,,N3,32,207,209,暑苦しい,あつくるしい,超纲词,热得难受； 闷热,热得难受； 闷热,,,,,no_example_in_source,,原书补充词表未提供例句。,False
n3_3258,,N3,32,207,209,荒れる,あれる,超纲词,闹、乱； 荒芜； 天气变坏；  粗糙,闹、乱； 荒芜； 天气变坏；  粗糙,,,,,no_example_in_source,,原书补充词表未提供例句。,False
n3_3259,,N3,32,207,209,生き返る,いきかえる,超纲词,复活； 复苏； 苏醒,复活； 复苏； 苏醒,,,,,no_example_in_source,,原书补充词表未提供例句。,False
n3_3260,,N3,32,207,209,勇ましい,いさましい,超纲词,勇敢，大胆； 雄壮，威武,勇敢，大胆； 雄壮，威武,,,,,no_example_in_source,,原书补充词表未提供例句。,False
n3_3261,,N3,32,207,209,一段,いちだん,超纲词,更加，越发,更加，越发,,,,,no_example_in_source,,原书补充词表未提供例句。,False
n3_3262,,N3,32,207,209,一戸建て,いっこだて,超纲词,独门独院,独门独院,,,,,no_example_in_source,,原书补充词表未提供例句。,False
n3_3263,,N3,32,207,209,今ひとつ,いまひとつ,超纲词,还有一个，还有不足之处,还有一个，还有不足之处,,,,,no_example_in_source,,原书补充词表未提供例句。,False
n3_3264,,N3,32,207,209,嗽,うがい,超纲词,漱口,漱口,,,,,no_example_in_source,,原书补充词表未提供例句。,False
n3_3265,,N3,32,207,209,浮き浮き,うきうき,超纲词,兴高采烈，乐滋滋,兴高采烈，乐滋滋,,,,,no_example_in_source,,原书补充词表未提供例句。,False
n3_3266,,N3,32,207,209,後ろ向き,うしろむき,超纲词,背着身； 倒退； 消极,背着身； 倒退； 消极,,,,,no_example_in_source,,原书补充词表未提供例句。,False
n3_3267,,N3,32,207,209,薄暗い,うすぐらい,超纲词,昏暗，暗淡,昏暗，暗淡,,,,,no_example_in_source,,原书补充词表未提供例句。,False
n3_3268,,N3,32,207,209,うっとり,うっとり,超纲词,出神，入神，陶醉,出神，入神，陶醉,,,,,no_example_in_source,,原书补充词表未提供例句。,False
n3_3269,,N3,32,207,209,栄光,えいこう,超纲词,光荣，荣耀,光荣，荣耀,,,,,no_example_in_source,,原书补充词表未提供例句。,False
n3_3270,,N3,32,207,209,エピソード,エピソード,超纲词,逸事，逸闻，小故事,逸事，逸闻，小故事,,,,,no_example_in_source,,原书补充词表未提供例句。,False
n3_3271,,N3,32,207,209,演説,えんぜつ,超纲词,演讲，讲话,演讲，讲话,,,,,no_example_in_source,,原书补充词表未提供例句。,False
n3_3272,,N3,32,207,209,円安,えんやす,超纲词,日元贬值,日元贬值,,,,,no_example_in_source,,原书补充词表未提供例句。,False
n3_3273,,N3,32,207,209,追い掛ける,おいかける,超纲词,追赶，追上,追赶，追上,,,,,no_example_in_source,,原书补充词表未提供例句。,False
n3_3274,,N3,32,207,209,横断,おうだん,超纲词,穿过，横渡，横穿,穿过，横渡，横穿,,,,,no_example_in_source,,原书补充词表未提供例句。,False
n3_3275,,N3,32,207,209,補う,おぎなう,超纲词,补充，弥补，补偿,补充，弥补，补偿,,,,,no_example_in_source,,原书补充词表未提供例句。,False
n3_3276,,N3,32,207,209,溺れる,おぼれる,超纲词,淹没，淹死； 沉湎，迷恋于,淹没，淹死； 沉湎，迷恋于,,,,,no_example_in_source,,原书补充词表未提供例句。,False
n3_3277,,N3,32,207,209,海底,かいてい,超纲词,海底,海底,,,,,no_example_in_source,,原书补充词表未提供例句。,False
n3_3278,,N3,32,207,209,拡充,かくじゅう,超纲词,扩充，扩大,扩充，扩大,,,,,no_example_in_source,,原书补充词表未提供例句。,False
n3_3279,,N3,32,207,209,学術,がくじゅつ,超纲词,学术,学术,,,,,no_example_in_source,,原书补充词表未提供例句。,False
n3_3280,,N3,32,207,209,下降,かこう,超纲词,下降,下降,,,,,no_example_in_source,,原书补充词表未提供例句。,False
n3_3281,,N3,32,207,209,貸し切り,かしきり,超纲词,包租,包租,,,,,no_example_in_source,,原书补充词表未提供例句。,False
n3_3282,,N3,32,207,209,カツレツ,カツレツ,超纲词,炸肉排,炸肉排,,,,,no_example_in_source,,原书补充词表未提供例句。,False
n3_3283,,N3,32,207,209,金儲け,かねもうけ,超纲词,赚钱,赚钱,,,,,no_example_in_source,,原书补充词表未提供例句。,False
n3_3284,,N3,32,207,209,犠牲者,ぎせいしゃ,超纲词,牺牲者,牺牲者,,,,,no_example_in_source,,原书补充词表未提供例句。,False
n3_3285,,N3,32,207,209,吉日,きちじつ,超纲词,吉日,吉日,,,,,no_example_in_source,,原书补充词表未提供例句。,False
n3_3286,,N3,32,207,209,奇妙,きみょう,超纲词,奇妙，奇特，不可思议,奇妙，奇特，不可思议,,,,,no_example_in_source,,原书补充词表未提供例句。,False
n3_3287,,N3,32,207,209,境地,きょうち,超纲词,境地，境界,境地，境界,,,,,no_example_in_source,,原书补充词表未提供例句。,False
n3_3288,,N3,32,207,209,切り取る,きりとる,超纲词,剪下，切下，割下,剪下，切下，割下,,,,,no_example_in_source,,原书补充词表未提供例句。,False
n3_3289,,N3,32,207,209,区切る,くぎる,超纲词,分段； 隔开，划分,分段； 隔开，划分,,,,,no_example_in_source,,原书补充词表未提供例句。,False
n3_3290,,N3,32,207,209,挫ける,くじける,超纲词,沮丧，颓唐，气馁,沮丧，颓唐，气馁,,,,,no_example_in_source,,原书补充词表未提供例句。,False
n3_3291,,N3,32,207,209,草臥れる,くたびれる,超纲词,累，疲惫，疲乏； 用旧，穿旧,累，疲惫，疲乏； 用旧，穿旧,,,,,no_example_in_source,,原书补充词表未提供例句。,False
n3_3292,,N3,32,207,209,苦痛,くつう,超纲词,痛苦,痛苦,,,,,no_example_in_source,,原书补充词表未提供例句。,False
n3_3293,,N3,32,207,209,軽減,けいげん,超纲词,减轻,减轻,,,,,no_example_in_source,,原书补充词表未提供例句。,False
n3_3294,,N3,32,207,209,警察署,けいさつしょ,超纲词,警察署，警察局,警察署，警察局,,,,,no_example_in_source,,原书补充词表未提供例句。,False
n3_3295,,N3,32,207,209,毛糸,けいと,超纲词,毛线,毛线,,,,,no_example_in_source,,原书补充词表未提供例句。,False
n3_3296,,N3,32,207,209,煙い,けむい,超纲词,呛人，熏人,呛人，熏人,,,,,no_example_in_source,,原书补充词表未提供例句。,False
n3_3297,,N3,32,207,209,検索,けんさく,超纲词,检索，查，搜索,检索，查，搜索,,,,,no_example_in_source,,原书补充词表未提供例句。,False
n3_3298,,N3,32,207,209,豪華,ごうか,超纲词,豪华，华丽,豪华，华丽,,,,,no_example_in_source,,原书补充词表未提供例句。,False
n3_3299,,N3,32,207,209,後日,ごじつ,超纲词,日后，将来,日后，将来,,,,,no_example_in_source,,原书补充词表未提供例句。,False
n3_3300,,N3,32,207,209,断る,ことわる,超纲词,拒绝，推辞，回绝； 事先打招呼,拒绝，推辞，回绝； 事先打招呼,,,,,no_example_in_source,,原书补充词表未提供例句。,False
n3_3301,,N3,32,207,209,堪える,こらえる,超纲词,忍受，忍耐； 支撑,忍受，忍耐； 支撑,,,,,no_example_in_source,,原书补充词表未提供例句。,False
n3_3302,,N3,32,207,209,最中,さいちゅう,超纲词,正在……,正在……,,,,,no_example_in_source,,原书补充词表未提供例句。,False
n3_3303,,N3,32,207,209,遡る,さかのぼる,超纲词,溯，逆流而上； 追溯,溯，逆流而上； 追溯,,,,,no_example_in_source,,原书补充词表未提供例句。,False
n3_3304,,N3,32,207,209,細やか,ささやか,超纲词,浓厚； 细致,浓厚； 细致,,,,,no_example_in_source,,原书补充词表未提供例句。,False
n3_3305,,N3,32,207,209,差し伸べる,さしのべる,超纲词,伸出,伸出,,,,,no_example_in_source,,原书补充词表未提供例句。,False
n3_3306,,N3,32,207,209,雑談,ざつだん,超纲词,杂谈，闲聊，聊天,杂谈，闲聊，聊天,,,,,no_example_in_source,,原书补充词表未提供例句。,False
n3_3307,,N3,32,207,209,自衛,じえい,超纲词,自卫,自卫,,,,,no_example_in_source,,原书补充词表未提供例句。,False
n3_3308,,N3,32,208,210,ジェット機,ジェットき,超纲词,喷气式飞机,喷气式飞机,,,,,no_example_in_source,,原书补充词表未提供例句。,False
n3_3309,,N3,32,208,210,敷金,しききん,超纲词,押金，押租,押金，押租,,,,,no_example_in_source,,原书补充词表未提供例句。,False
n3_3310,,N3,32,208,210,死体,したい,超纲词,尸体，死尸,尸体，死尸,,,,,no_example_in_source,,原书补充词表未提供例句。,False
n3_3311,,N3,32,208,210,試着,しちゃく,超纲词,试穿，试衣服,试穿，试衣服,,,,,no_example_in_source,,原书补充词表未提供例句。,False
n3_3312,,N3,32,208,210,重症,じゅうしょう,超纲词,重症，病情严重,重症，病情严重,,,,,no_example_in_source,,原书补充词表未提供例句。,False
n3_3313,,N3,32,208,210,寝台,しんだい,超纲词,卧铺，床铺,卧铺，床铺,,,,,no_example_in_source,,原书补充词表未提供例句。,False
n3_3314,,N3,32,208,210,垂直,すいちょく,超纲词,铅直，垂直,铅直，垂直,,,,,no_example_in_source,,原书补充词表未提供例句。,False
n3_3315,,N3,32,208,210,スチーム,スチーム,超纲词,暖气,暖气,,,,,no_example_in_source,,原书补充词表未提供例句。,False
n3_3316,,N3,32,208,210,頭脳,ずのう,超纲词,智力，脑力，判断力,智力，脑力，判断力,,,,,no_example_in_source,,原书补充词表未提供例句。,False
n3_3317,,N3,32,208,210,すらすら,すらすら,超纲词,顺利； 流利,顺利； 流利,,,,,no_example_in_source,,原书补充词表未提供例句。,False
n3_3318,,N3,32,208,210,税込み,ぜいこみ,超纲词,包括税款在内,包括税款在内,,,,,no_example_in_source,,原书补充词表未提供例句。,False
n3_3319,,N3,32,208,210,瀬戸物,せともの,超纲词,陶瓷器,陶瓷器,,,,,no_example_in_source,,原书补充词表未提供例句。,False
n3_3320,,N3,32,208,210,台詞,せりふ,超纲词,台词，道白； 说辞,台词，道白； 说辞,,,,,no_example_in_source,,原书补充词表未提供例句。,False
n3_3321,,N3,32,208,210,測量,そくりょう,超纲词,丈量，测量,丈量，测量,,,,,no_example_in_source,,原书补充词表未提供例句。,False
n3_3322,,N3,32,208,210,素質,そしつ,超纲词,天资，资质，素质,天资，资质，素质,,,,,no_example_in_source,,原书补充词表未提供例句。,False
n3_3323,,N3,32,208,210,粗末,そまつ,超纲词,粗糙，简陋，简朴,粗糙，简陋，简朴,,,,,no_example_in_source,,原书补充词表未提供例句。,False
n3_3324,,N3,32,208,210,宝くじ,たからくじ,超纲词,彩票，奖券,彩票，奖券,,,,,no_example_in_source,,原书补充词表未提供例句。,False
n3_3325,,N3,32,208,210,宅配便,たくはいびん,超纲词,送货上门服务,送货上门服务,,,,,no_example_in_source,,原书补充词表未提供例句。,False
n3_3326,,N3,32,208,210,脱線,だっせん,超纲词,脱轨，出轨； 离题，跑题,脱轨，出轨； 离题，跑题,,,,,no_example_in_source,,原书补充词表未提供例句。,False
n3_3327,,N3,32,208,210,足袋,たび,超纲词,日式布袜,日式布袜,,,,,no_example_in_source,,原书补充词表未提供例句。,False
n3_3328,,N3,32,208,210,誓う,ちかう,超纲词,起誓，发誓,起誓，发誓,,,,,no_example_in_source,,原书补充词表未提供例句。,False
n3_3329,,N3,32,208,210,知事,ちじ,超纲词,知事（都、道、府、县的最高行政长官）,知事（都、道、府、县的最高行政长官）,,,,,no_example_in_source,,原书补充词表未提供例句。,False
n3_3330,,N3,32,208,210,知能,ちのう,超纲词,智能，智力，脑力,智能，智力，脑力,,,,,no_example_in_source,,原书补充词表未提供例句。,False
n3_3331,,N3,32,208,210,貯蔵,ちょぞう,超纲词,储藏，储存,储藏，储存,,,,,no_example_in_source,,原书补充词表未提供例句。,False
n3_3332,,N3,32,208,210,通帳,つうちょう,超纲词,存折,存折,,,,,no_example_in_source,,原书补充词表未提供例句。,False
n3_3333,,N3,32,208,210,作り出す,つくりだす,超纲词,制造，生产； 创作，创造,制造，生产； 创作，创造,,,,,no_example_in_source,,原书补充词表未提供例句。,False
n3_3334,,N3,32,208,210,摘み食い,つまみぐい,超纲词,用手捏着吃； 偷吃； 侵吞,用手捏着吃； 偷吃； 侵吞,,,,,no_example_in_source,,原书补充词表未提供例句。,False
n3_3335,,N3,32,208,210,出入り,でいり,超纲词,出入，进出； 交易关系密切； 收支,出入，进出； 交易关系密切； 收支,,,,,no_example_in_source,,原书补充词表未提供例句。,False
n3_3336,,N3,32,208,210,手品,てじな,超纲词,戏法，魔术,戏法，魔术,,,,,no_example_in_source,,原书补充词表未提供例句。,False
n3_3337,,N3,32,208,210,手数料,てすうりょう,超纲词,手续费,手续费,,,,,no_example_in_source,,原书补充词表未提供例句。,False
n3_3338,,N3,32,208,210,典型,てんけい,超纲词,典型,典型,,,,,no_example_in_source,,原书补充词表未提供例句。,False
n3_3339,,N3,32,208,210,動画,どうが,超纲词,动画片,动画片,,,,,no_example_in_source,,原书补充词表未提供例句。,False
n3_3340,,N3,32,208,210,同格,どうかく,超纲词,同格，相等； 同级的,同格，相等； 同级的,,,,,no_example_in_source,,原书补充词表未提供例句。,False
n3_3341,,N3,32,208,210,糖尿病,とうにょうびょう,超纲词,糖尿病,糖尿病,,,,,no_example_in_source,,原书补充词表未提供例句。,False
n3_3342,,N3,32,208,210,溶け込む,とけこむ,超纲词,融合，融洽； 溶化，溶解,融合，融洽； 溶化，溶解,,,,,no_example_in_source,,原书补充词表未提供例句。,False
n3_3343,,N3,32,208,210,都道府県,とどうふけん,超纲词,都，道，府，县,都，道，府，县,,,,,no_example_in_source,,原书补充词表未提供例句。,False
n3_3344,,N3,32,208,210,泣き虫,なきむし,超纲词,爱哭的人,爱哭的人,,,,,no_example_in_source,,原书补充词表未提供例句。,False
n3_3345,,N3,32,208,210,斜め,ななめ,超纲词,歪,歪,,,,,no_example_in_source,,原书补充词表未提供例句。,False
n3_3346,,N3,32,208,210,生意気,なまいき,超纲词,狂妄，傲慢，牛气,狂妄，傲慢，牛气,,,,,no_example_in_source,,原书补充词表未提供例句。,False
n3_3347,,N3,32,208,210,ニックネーム,ニックネーム,超纲词,外号，绰号,外号，绰号,,,,,no_example_in_source,,原书补充词表未提供例句。,False
n3_3348,,N3,32,208,210,荷造り,にづくり,超纲词,捆行李，打点行李,捆行李，打点行李,,,,,no_example_in_source,,原书补充词表未提供例句。,False
n3_3349,,N3,32,208,210,抜け目,ぬけめ,超纲词,缺口； 疏漏,缺口； 疏漏,,,,,no_example_in_source,,原书补充词表未提供例句。,False
n3_3350,,N3,32,208,210,ねばねば,ねばねば,超纲词,发黏，黏黏糊糊,发黏，黏黏糊糊,,,,,no_example_in_source,,原书补充词表未提供例句。,False
n3_3351,,N3,32,208,210,値引き,ねびき,超纲词,打折，减价，降价,打折，减价，降价,,,,,no_example_in_source,,原书补充词表未提供例句。,False
n3_3352,,N3,32,208,210,寝間着·寝巻き,ねまき,超纲词,睡衣,睡衣,,,,,no_example_in_source,,原书补充词表未提供例句。,False
n3_3353,,N3,32,208,210,糊,のり,超纲词,胶水，糨糊，浆,胶水，糨糊，浆,,,,,no_example_in_source,,原书补充词表未提供例句。,False
n3_3354,,N3,32,208,210,乗り場,のりば,超纲词,车站； 乘船处,车站； 乘船处,,,,,no_example_in_source,,原书补充词表未提供例句。,False
n3_3355,,N3,32,208,210,のろのろ,のろのろ,超纲词,慢腾腾，慢吞吞,慢腾腾，慢吞吞,,,,,no_example_in_source,,原书补充词表未提供例句。,False
n3_3356,,N3,32,208,210,灰色,はいいろ,超纲词,灰色； 没有活力； 沉闷,灰色； 没有活力； 沉闷,,,,,no_example_in_source,,原书补充词表未提供例句。,False
n3_3357,,N3,32,208,210,吐き気,はきけ,超纲词,恶心，想要吐的感觉,恶心，想要吐的感觉,,,,,no_example_in_source,,原书补充词表未提供例句。,False
n3_3358,,N3,32,208,210,白鳥,はくちょう,超纲词,天鹅,天鹅,,,,,no_example_in_source,,原书补充词表未提供例句。,False
n3_3359,,N3,32,208,210,爆発,ばくはつ,超纲词,爆炸，爆发,爆炸，爆发,,,,,no_example_in_source,,原书补充词表未提供例句。,False
n3_3360,,N3,32,208,210,引き分け,ひきわけ,超纲词,平局,平局,,,,,no_example_in_source,,原书补充词表未提供例句。,False
n3_3361,,N3,32,208,210,人込み,ひとごみ,超纲词,人群，人山人海,人群，人山人海,,,,,no_example_in_source,,原书补充词表未提供例句。,False
n3_3362,,N3,32,208,210,不運,ふうん,超纲词,厄运，运气不好，倒霉,厄运，运气不好，倒霉,,,,,no_example_in_source,,原书补充词表未提供例句。,False
n3_3363,,N3,32,208,210,物騒,ぶっそう,超纲词,慌乱，动荡，不得安宁； 危险,慌乱，动荡，不得安宁； 危险,,,,,no_example_in_source,,原书补充词表未提供例句。,False
n3_3364,,N3,32,208,210,吹雪,ふぶき,超纲词,暴风雪,暴风雪,,,,,no_example_in_source,,原书补充词表未提供例句。,False
n3_3365,,N3,32,208,210,別人,べつじん,超纲词,别人，另外一个人,别人，另外一个人,,,,,no_example_in_source,,原书补充词表未提供例句。,False
n3_3366,,N3,32,208,210,別荘,べっそう,超纲词,别墅,别墅,,,,,no_example_in_source,,原书补充词表未提供例句。,False
n3_3367,,N3,32,208,210,便器,べんき,超纲词,便器，便壶，马桶,便器，便壶，马桶,,,,,no_example_in_source,,原书补充词表未提供例句。,False
n3_3368,,N3,32,208,210,法則,ほうそく,超纲词,法则； 规律，定律,法则； 规律，定律,,,,,no_example_in_source,,原书补充词表未提供例句。,False
n3_3369,,N3,32,208,210,包帯,ほうたい,超纲词,绷带,绷带,,,,,no_example_in_source,,原书补充词表未提供例句。,False
n3_3370,,N3,32,209,211,細々,ほそぼそ,超纲词,细长； 勉强，将就,细长； 勉强，将就,,,,,no_example_in_source,,原书补充词表未提供例句。,False
n3_3371,,N3,32,209,211,マイペース,マイペース,超纲词,自己的节奏,自己的节奏,,,,,no_example_in_source,,原书补充词表未提供例句。,False
n3_3372,,N3,32,209,211,誠に,まことに,超纲词,真，实在，确实,真，实在，确实,,,,,no_example_in_source,,原书补充词表未提供例句。,False
n3_3373,,N3,32,209,211,マスメディア,マスメディア,超纲词,传播媒介，大众传媒,传播媒介，大众传媒,,,,,no_example_in_source,,原书补充词表未提供例句。,False
n3_3374,,N3,32,209,211,見聞き,みきき,超纲词,见闻，见识,见闻，见识,,,,,no_example_in_source,,原书补充词表未提供例句。,False
n3_3375,,N3,32,209,211,剥き出し,むきだし,超纲词,露出，光着； 毫不掩饰,露出，光着； 毫不掩饰,,,,,no_example_in_source,,原书补充词表未提供例句。,False
n3_3376,,N3,32,209,211,無駄遣い,むだづかい,超纲词,乱花钱，浪费,乱花钱，浪费,,,,,no_example_in_source,,原书补充词表未提供例句。,False
n3_3377,,N3,32,209,211,無名,むめい,超纲词,无名，没名气，不出名,无名，没名气，不出名,,,,,no_example_in_source,,原书补充词表未提供例句。,False
n3_3378,,N3,32,209,211,命名,めいめい,超纲词,命名，起名,命名，起名,,,,,no_example_in_source,,原书补充词表未提供例句。,False
n3_3379,,N3,32,209,211,目下,めした,超纲词,地位、身份、等级等比自己低的人,地位、身份、等级等比自己低的人,,,,,no_example_in_source,,原书补充词表未提供例句。,False
n3_3380,,N3,32,209,211,滅茶苦茶,めちゃくちゃ,超纲词,乱七八糟，七零八落；过分，荒谬,乱七八糟，七零八落；过分，荒谬,,,,,no_example_in_source,,原书补充词表未提供例句。,False
n3_3381,,N3,32,209,211,目前,もくぜん,超纲词,眼前，面前； 快要，即将,眼前，面前； 快要，即将,,,,,no_example_in_source,,原书补充词表未提供例句。,False
n3_3382,,N3,32,209,211,凭れる,もたれる,超纲词,靠，依靠,靠，依靠,,,,,no_example_in_source,,原书补充词表未提供例句。,False
n3_3383,,N3,32,209,211,持ち歩く,もちあるく,超纲词,携带,携带,,,,,no_example_in_source,,原书补充词表未提供例句。,False
n3_3384,,N3,32,209,211,焼き物,やきもの,超纲词,陶瓷器,陶瓷器,,,,,no_example_in_source,,原书补充词表未提供例句。,False
n3_3385,,N3,32,209,211,安らぐ,やすらぐ,超纲词,安宁； 平静,安宁； 平静,,,,,no_example_in_source,,原书补充词表未提供例句。,False
n3_3386,,N3,32,209,211,屋台,やたい,超纲词,货摊； 临时舞台,货摊； 临时舞台,,,,,no_example_in_source,,原书补充词表未提供例句。,False
n3_3387,,N3,32,209,211,ユーターン,ユーターン,超纲词,掉头，U形转弯,掉头，U形转弯,,,,,no_example_in_source,,原书补充词表未提供例句。,False
n3_3388,,N3,32,209,211,夕立,ゆうだち,超纲词,傍晚下的雷阵雨，傍晚下的骤雨,傍晚下的雷阵雨，傍晚下的骤雨,,,,,no_example_in_source,,原书补充词表未提供例句。,False
n3_3389,,N3,32,209,211,湯飲み,ゆのみ,超纲词,茶杯，茶碗,茶杯，茶碗,,,,,no_example_in_source,,原书补充词表未提供例句。,False
n3_3390,,N3,32,209,211,要旨,ようし,超纲词,要旨，中心思想，要点，大意,要旨，中心思想，要点，大意,,,,,no_example_in_source,,原书补充词表未提供例句。,False
n3_3391,,N3,32,209,211,欲張る,よくばる,超纲词,贪婪，贪得无厌,贪婪，贪得无厌,,,,,no_example_in_source,,原书补充词表未提供例句。,False
n3_3392,,N3,32,209,211,ライバル,ライバル,超纲词,对手，敌手； 竞争者,对手，敌手； 竞争者,,,,,no_example_in_source,,原书补充词表未提供例句。,False
n3_3393,,N3,32,209,211,来賓,らいひん,超纲词,来宾，拜访者,来宾，拜访者,,,,,no_example_in_source,,原书补充词表未提供例句。,False
n3_3394,,N3,32,209,211,離婚,りこん,超纲词,离婚,离婚,,,,,no_example_in_source,,原书补充词表未提供例句。,False
n3_3395,,N3,32,209,211,立証,りっしょう,超纲词,证明，证实，作证,证明，证实，作证,,,,,no_example_in_source,,原书补充词表未提供例句。,False
n3_3396,,N3,32,209,211,零点,れいてん,超纲词,零分； 零度,零分； 零度,,,,,no_example_in_source,,原书补充词表未提供例句。,False
n3_3397,,N3,32,209,211,浪人,ろうにん,超纲词,复读生； 待业青年,复读生； 待业青年,,,,,no_example_in_source,,原书补充词表未提供例句。,False
n3_3398,,N3,32,209,211,路地,ろじ,超纲词,小巷，胡同,小巷，胡同,,,,,no_example_in_source,,原书补充词表未提供例句。,False
n3_3399,,N3,32,209,211,忘れっぽい,わすれっぽい,超纲词,健忘,健忘,,,,,no_example_in_source,,原书补充词表未提供例句。,False
n3_3400,,N3,32,209,211,腸,わた,超纲词,内脏，肠子,内脏，肠子,,,,,no_example_in_source,,原书补充词表未提供例句。,False
